Date,Close
1970-01-02,809.2
1970-01-05,811.3
1970-01-06,803.7
1970-01-07,801.8
1970-01-08,802.1
1970-01-09,798.1
1970-01-12,790.5
1970-01-13,788.0
1970-01-14,787.2
1970-01-15,785.0
1970-01-16,782.6
1970-01-19,776.1
1970-01-20,777.9
1970-01-21,782.3
1970-01-22,786.1
1970-01-23,775.5
1970-01-26,768.9
1970-01-27,764.0
1970-01-28,758.8
1970-01-29,748.4
1970-01-30,744.1
1970-02-02,746.4
1970-02-03,757.5
1970-02-04,754.5
1970-02-05,750.3
1970-02-06,752.8
1970-02-09,755.7
1970-02-10,746.6
1970-02-11,757.3
1970-02-12,755.6
1970-02-13,753.3
1970-02-16,753.7
1970-02-17,747.4
1970-02-18,756.8
1970-02-19,757.9
1970-02-20,757.5
1970-02-24,754.4
1970-02-25,768.3
1970-02-26,764.5
1970-02-27,777.6
1970-03-02,780.2
1970-03-03,787.4
1970-03-04,788.2
1970-03-05,787.6
1970-03-06,784.1
1970-03-09,778.3
1970-03-10,779.7
1970-03-11,778.1
1970-03-12,776.5
1970-03-13,772.1
1970-03-16,765.1
1970-03-17,767.4
1970-03-18,768.0
1970-03-19,765.0
1970-03-20,763.7
1970-03-23,763.6
1970-03-24,773.8
1970-03-25,790.1
1970-03-26,791.1
1970-03-30,784.7
1970-03-31,785.6
1970-04-01,792.0
1970-04-02,792.4
1970-04-03,791.8
1970-04-06,791.2
1970-04-07,791.6
1970-04-08,791.6
1970-04-09,792.5
1970-04-10,790.5
1970-04-13,785.9
1970-04-14,780.6
1970-04-15,782.6
1970-04-16,775.9
1970-04-17,775.9
1970-04-20,775.9
1970-04-21,772.5
1970-04-22,762.6
1970-04-23,750.6
1970-04-24,747.3
1970-04-27,735.2
1970-04-28,724.3
1970-04-29,737.4
1970-04-30,736.1
1970-05-01,733.6
1970-05-04,714.6
1970-05-05,709.7
1970-05-06,718.4
1970-05-07,723.1
1970-05-08,717.7
1970-05-11,710.1
1970-05-12,704.6
1970-05-13,693.8
1970-05-14,684.8
1970-05-15,702.2
1970-05-18,702.8
1970-05-19,691.4
1970-05-20,676.6
1970-05-21,665.3
1970-05-22,662.2
1970-05-25,641.4
1970-05-26,631.2
1970-05-27,663.2
1970-05-28,684.2
1970-05-29,700.4
1970-06-01,710.4
1970-06-02,709.6
1970-06-03,713.9
1970-06-04,706.5
1970-06-05,695.0
1970-06-08,700.2
1970-06-09,700.2
1970-06-10,694.4
1970-06-11,684.4
1970-06-12,684.2
1970-06-15,687.4
1970-06-16,706.3
1970-06-17,704.7
1970-06-18,712.7
1970-06-19,720.4
1970-06-22,716.1
1970-06-23,698.1
1970-06-24,692.3
1970-06-25,693.6
1970-06-26,687.8
1970-06-29,682.9
1970-06-30,683.5
1970-07-01,687.6
1970-07-02,689.1
1970-07-06,675.7
1970-07-07,669.4
1970-07-08,682.1
1970-07-09,692.8
1970-07-10,700.1
1970-07-13,702.2
1970-07-14,703.0
1970-07-15,711.7
1970-07-16,723.4
1970-07-17,735.1
1970-07-20,733.9
1970-07-21,722.1
1970-07-22,724.7
1970-07-23,732.7
1970-07-24,730.2
1970-07-27,730.1
1970-07-28,731.5
1970-07-29,735.6
1970-07-30,734.7
1970-07-31,734.1
1970-08-03,723.0
1970-08-04,725.9
1970-08-05,724.8
1970-08-06,722.8
1970-08-07,725.7
1970-08-10,713.9
1970-08-11,712.6
1970-08-12,710.6
1970-08-13,707.4
1970-08-14,710.8
1970-08-17,709.1
1970-08-18,716.7
1970-08-19,724.0
1970-08-20,729.6
1970-08-21,745.4
1970-08-24,759.6
1970-08-25,759.0
1970-08-26,760.5
1970-08-27,759.8
1970-08-28,765.8
1970-08-31,764.6
1970-09-01,758.2
1970-09-02,756.6
1970-09-03,765.3
1970-09-04,771.2
1970-09-08,773.1
1970-09-09,766.4
1970-09-10,760.8
1970-09-11,761.8
1970-09-14,757.1
1970-09-15,750.6
1970-09-16,754.3
1970-09-17,757.7
1970-09-18,758.5
1970-09-21,751.9
1970-09-22,747.5
1970-09-23,754.4
1970-09-24,759.3
1970-09-25,761.8
1970-09-28,759.0
1970-09-29,760.9
1970-09-30,760.7
1970-10-01,760.7
1970-10-02,766.2
1970-10-05,776.7
1970-10-06,782.5
1970-10-07,783.7
1970-10-08,777.0
1970-10-09,768.7
1970-10-12,764.2
1970-10-13,760.1
1970-10-14,762.7
1970-10-15,767.9
1970-10-16,763.4
1970-10-19,756.5
1970-10-20,758.8
1970-10-21,759.7
1970-10-22,757.9
1970-10-23,759.4
1970-10-26,756.4
1970-10-27,754.5
1970-10-28,756.0
1970-10-29,753.6
1970-10-30,755.6
1970-11-02,758.0
1970-11-03,768.1
1970-11-04,770.8
1970-11-05,771.6
1970-11-06,772.0
1970-11-09,777.7
1970-11-10,777.4
1970-11-11,779.5
1970-11-12,768.0
1970-11-13,759.8
1970-11-16,760.1
1970-11-17,760.5
1970-11-18,754.2
1970-11-19,755.8
1970-11-20,761.6
1970-11-23,767.5
1970-11-24,772.7
1970-11-25,774.7
1970-11-27,781.4
1970-11-30,794.1
1970-12-01,794.3
1970-12-02,802.6
1970-12-03,808.5
1970-12-04,816.1
1970-12-07,818.7
1970-12-08,815.1
1970-12-09,815.2
1970-12-10,821.1
1970-12-11,825.9
1970-12-14,823.2
1970-12-15,819.6
1970-12-16,819.1
1970-12-17,822.2
1970-12-18,822.8
1970-12-21,821.5
1970-12-22,822.8
1970-12-23,823.1
1970-12-24,828.4
1970-12-28,830.9
1970-12-29,842.0
1970-12-30,841.3
1970-12-31,838.9
1971-01-04,830.6
1971-01-05,835.8
1971-01-06,838.0
1971-01-07,837.8
1971-01-08,837.0
1971-01-11,837.2
1971-01-12,844.2
1971-01-13,841.1
1971-01-14,843.3
1971-01-15,845.7
1971-01-18,847.8
1971-01-19,849.5
1971-01-20,850.0
1971-01-21,854.7
1971-01-22,861.3
1971-01-25,865.6
1971-01-26,866.8
1971-01-27,860.8
1971-01-28,865.1
1971-01-29,868.5
1971-02-01,877.8
1971-02-02,874.6
1971-02-03,876.2
1971-02-04,874.8
1971-02-05,876.6
1971-02-08,882.1
1971-02-09,879.8
1971-02-10,881.1
1971-02-11,885.3
1971-02-12,888.8
1971-02-16,890.1
1971-02-17,887.9
1971-02-18,885.1
1971-02-19,878.6
1971-02-22,869.0
1971-02-23,870.0
1971-02-24,875.6
1971-02-25,882.0
1971-02-26,878.8
1971-03-01,882.5
1971-03-02,883.0
1971-03-03,882.4
1971-03-04,891.4
1971-03-05,898.0
1971-03-08,898.6
1971-03-09,899.1
1971-03-10,895.9
1971-03-11,899.4
1971-03-12,898.3
1971-03-15,908.2
1971-03-16,914.6
1971-03-17,914.0
1971-03-18,916.8
1971-03-19,912.9
1971-03-22,910.6
1971-03-23,908.9
1971-03-24,899.4
1971-03-25,900.8
1971-03-26,903.5
1971-03-29,903.5
1971-03-30,903.4
1971-03-31,904.4
1971-04-01,903.9
1971-04-02,903.0
1971-04-05,905.1
1971-04-06,912.7
1971-04-07,918.5
1971-04-08,920.4
1971-04-12,926.6
1971-04-13,927.3
1971-04-14,932.6
1971-04-15,938.2
1971-04-16,940.2
1971-04-19,948.9
1971-04-20,944.4
1971-04-21,941.3
1971-04-22,940.6
1971-04-23,947.8
1971-04-26,944.0
1971-04-27,947.1
1971-04-28,950.8
1971-04-29,948.2
1971-04-30,941.8
1971-05-03,932.4
1971-05-04,938.5
1971-05-05,939.9
1971-05-06,937.4
1971-05-07,937.0
1971-05-10,932.6
1971-05-11,937.3
1971-05-12,937.5
1971-05-13,936.3
1971-05-14,936.1
1971-05-17,921.3
1971-05-18,918.6
1971-05-19,920.0
1971-05-20,923.4
1971-05-21,921.9
1971-05-24,913.2
1971-05-25,906.7
1971-05-26,906.4
1971-05-27,905.8
1971-05-28,907.8
1971-06-01,913.7
1971-06-02,919.6
1971-06-03,921.3
1971-06-04,922.2
1971-06-07,923.1
1971-06-08,915.0
1971-06-09,912.5
1971-06-10,916.0
1971-06-11,916.5
1971-06-14,907.7
1971-06-15,907.2
1971-06-16,908.6
1971-06-17,906.3
1971-06-18,889.2
1971-06-21,876.5
1971-06-22,874.4
1971-06-23,879.5
1971-06-24,877.3
1971-06-25,876.7
1971-06-28,873.1
1971-06-29,882.3
1971-06-30,891.1
1971-07-01,893.0
1971-07-02,890.2
1971-07-06,892.3
1971-07-07,895.9
1971-07-08,901.0
1971-07-09,901.8
1971-07-12,903.4
1971-07-13,892.4
1971-07-14,891.2
1971-07-15,888.9
1971-07-16,888.5
1971-07-19,886.4
1971-07-20,892.3
1971-07-21,890.8
1971-07-22,886.7
1971-07-23,887.8
1971-07-26,888.9
1971-07-27,880.7
1971-07-28,872.0
1971-07-29,861.4
1971-07-30,858.4
1971-08-02,864.9
1971-08-03,850.0
1971-08-04,844.9
1971-08-05,849.5
1971-08-06,850.6
1971-08-09,842.7
1971-08-10,839.6
1971-08-11,846.4
1971-08-12,859.0
1971-08-13,856.0
1971-08-16,889.0
1971-08-17,899.9
1971-08-18,886.2
1971-08-19,880.8
1971-08-20,880.9
1971-08-23,892.4
1971-08-24,904.1
1971-08-25,908.4
1971-08-26,906.1
1971-08-27,908.2
1971-08-30,901.4
1971-08-31,898.1
1971-09-01,899.0
1971-09-02,900.6
1971-09-03,912.8
1971-09-07,916.5
1971-09-08,920.9
1971-09-09,915.9
1971-09-10,911.0
1971-09-13,909.4
1971-09-14,901.7
1971-09-15,904.9
1971-09-16,903.1
1971-09-17,908.2
1971-09-20,905.2
1971-09-21,903.4
1971-09-22,893.6
1971-09-23,891.3
1971-09-24,889.3
1971-09-27,883.5
1971-09-28,884.4
1971-09-29,883.8
1971-09-30,887.2
1971-10-01,894.0
1971-10-04,895.7
1971-10-05,891.1
1971-10-06,900.6
1971-10-07,901.8
1971-10-08,893.9
1971-10-11,891.9
1971-10-12,893.6
1971-10-13,888.8
1971-10-14,878.4
1971-10-15,874.6
1971-10-18,872.4
1971-10-19,868.4
1971-10-20,855.7
1971-10-21,854.9
1971-10-22,852.4
1971-10-25,848.5
1971-10-26,845.4
1971-10-27,836.4
1971-10-28,837.6
1971-10-29,839.0
1971-11-01,825.9
1971-11-02,828.0
1971-11-03,842.6
1971-11-04,843.2
1971-11-05,840.4
1971-11-08,837.5
1971-11-09,837.9
1971-11-10,826.2
1971-11-11,814.9
1971-11-12,812.9
1971-11-15,810.5
1971-11-16,818.7
1971-11-17,822.1
1971-11-18,815.4
1971-11-19,810.7
1971-11-22,803.2
1971-11-23,798.0
1971-11-24,798.6
1971-11-26,816.6
1971-11-29,829.7
1971-11-30,831.3
1971-12-01,846.0
1971-12-02,848.8
1971-12-03,859.6
1971-12-06,855.7
1971-12-07,857.4
1971-12-08,854.9
1971-12-09,852.2
1971-12-10,856.8
1971-12-13,858.8
1971-12-14,855.1
1971-12-15,863.8
1971-12-16,871.4
1971-12-17,873.8
1971-12-20,885.0
1971-12-21,888.3
1971-12-22,884.9
1971-12-23,881.2
1971-12-27,881.5
1971-12-28,890.0
1971-12-29,893.7
1971-12-30,889.1
1971-12-31,890.2
1972-01-03,889.3
1972-01-04,892.2
1972-01-05,904.4
1972-01-06,908.5
1972-01-07,910.4
1972-01-10,908.0
1972-01-11,912.1
1972-01-12,910.8
1972-01-13,905.2
1972-01-14,906.7
1972-01-17,911.1
1972-01-18,917.2
1972-01-19,915.0
1972-01-20,910.3
1972-01-21,907.4
1972-01-24,896.8
1972-01-25,894.7
1972-01-26,889.2
1972-01-27,899.8
1972-01-28,906.4
1972-01-31,902.2
1972-02-01,901.8
1972-02-02,905.9
1972-02-03,903.2
1972-02-04,906.7
1972-02-07,904.0
1972-02-08,907.1
1972-02-09,918.7
1972-02-10,921.3
1972-02-11,917.6
1972-02-14,910.9
1972-02-15,914.5
1972-02-16,922.9
1972-02-17,922.0
1972-02-18,917.5
1972-02-22,913.5
1972-02-23,911.9
1972-02-24,912.7
1972-02-25,922.8
1972-02-28,924.3
1972-02-29,928.1
1972-03-01,935.4
1972-03-02,933.8
1972-03-03,942.4
1972-03-06,950.2
1972-03-07,946.9
1972-03-08,945.6
1972-03-09,942.8
1972-03-10,939.9
1972-03-13,928.7
1972-03-14,934.0
1972-03-15,937.3
1972-03-16,936.7
1972-03-17,942.9
1972-03-20,941.2
1972-03-21,934.0
1972-03-22,933.9
1972-03-23,944.7
1972-03-24,942.3
1972-03-27,939.7
1972-03-28,937.0
1972-03-29,933.0
1972-03-30,940.7
1972-04-03,940.9
1972-04-04,943.4
1972-04-05,954.6
1972-04-06,959.4
1972-04-07,962.6
1972-04-10,958.1
1972-04-11,962.6
1972-04-12,967.0
1972-04-13,965.5
1972-04-14,967.7
1972-04-17,966.6
1972-04-18,968.9
1972-04-19,964.8
1972-04-20,966.3
1972-04-21,963.8
1972-04-24,957.5
1972-04-25,946.5
1972-04-26,946.9
1972-04-27,946.0
1972-04-28,954.2
1972-05-01,942.3
1972-05-02,935.2
1972-05-03,933.5
1972-05-04,937.3
1972-05-05,941.2
1972-05-08,937.8
1972-05-09,925.1
1972-05-10,931.1
1972-05-11,934.8
1972-05-12,941.8
1972-05-15,942.2
1972-05-16,939.3
1972-05-17,941.2
1972-05-18,951.2
1972-05-19,961.5
1972-05-22,965.3
1972-05-23,962.3
1972-05-24,965.5
1972-05-25,969.1
1972-05-26,971.3
1972-05-30,971.2
1972-05-31,960.7
1972-06-01,960.7
1972-06-02,961.4
1972-06-05,954.4
1972-06-06,951.5
1972-06-07,944.1
1972-06-08,941.3
1972-06-09,934.5
1972-06-12,936.7
1972-06-13,938.3
1972-06-14,946.8
1972-06-15,946.0
1972-06-16,945.1
1972-06-19,941.8
1972-06-20,948.2
1972-06-21,951.6
1972-06-22,950.7
1972-06-23,944.7
1972-06-26,936.4
1972-06-27,935.3
1972-06-28,930.8
1972-06-29,926.3
1972-06-30,929.0
1972-07-03,928.7
1972-07-05,933.5
1972-07-06,942.1
1972-07-07,938.1
1972-07-10,932.3
1972-07-11,925.9
1972-07-12,923.7
1972-07-13,917.0
1972-07-14,922.3
1972-07-17,915.0
1972-07-18,911.7
1972-07-19,916.7
1972-07-20,910.5
1972-07-21,920.5
1972-07-24,935.4
1972-07-25,934.5
1972-07-26,932.6
1972-07-27,926.9
1972-07-28,926.7
1972-07-31,924.7
1972-08-01,930.5
1972-08-02,941.2
1972-08-03,947.7
1972-08-04,951.8
1972-08-07,953.1
1972-08-08,952.4
1972-08-09,951.2
1972-08-10,952.9
1972-08-11,964.2
1972-08-14,973.5
1972-08-15,970.0
1972-08-16,964.3
1972-08-17,961.4
1972-08-18,965.8
1972-08-21,967.2
1972-08-22,973.5
1972-08-23,970.4
1972-08-24,958.4
1972-08-25,959.4
1972-08-28,957.0
1972-08-29,954.7
1972-08-30,957.9
1972-08-31,963.7
1972-09-01,970.1
1972-09-05,969.4
1972-09-06,963.4
1972-09-07,962.5
1972-09-08,961.2
1972-09-11,955.0
1972-09-12,946.0
1972-09-13,949.9
1972-09-14,947.6
1972-09-15,947.3
1972-09-18,945.4
1972-09-19,943.2
1972-09-20,940.3
1972-09-21,939.5
1972-09-22,943.0
1972-09-25,935.7
1972-09-26,936.6
1972-09-27,947.3
1972-09-28,955.2
1972-09-29,953.3
1972-10-02,953.3
1972-10-03,954.5
1972-10-04,951.3
1972-10-05,941.3
1972-10-06,945.4
1972-10-09,948.8
1972-10-10,951.8
1972-10-11,946.4
1972-10-12,937.5
1972-10-13,930.5
1972-10-16,921.7
1972-10-17,926.5
1972-10-18,932.3
1972-10-19,932.1
1972-10-20,942.8
1972-10-23,951.3
1972-10-24,952.5
1972-10-25,951.4
1972-10-26,950.6
1972-10-27,946.4
1972-10-30,946.4
1972-10-31,955.5
1972-11-01,968.5
1972-11-02,973.1
1972-11-03,984.1
1972-11-06,984.8
1972-11-08,983.7
1972-11-09,988.3
1972-11-10,995.3
1972-11-13,997.1
1972-11-14,1003.2
1972-11-15,998.4
1972-11-16,1003.7
1972-11-17,1005.6
1972-11-20,1005.0
1972-11-21,1013.3
1972-11-22,1020.5
1972-11-24,1025.2
1972-11-27,1017.8
1972-11-28,1019.3
1972-11-29,1018.8
1972-11-30,1018.2
1972-12-01,1023.9
1972-12-04,1027.0
1972-12-05,1023.0
1972-12-06,1027.5
1972-12-07,1033.3
1972-12-08,1033.2
1972-12-11,1036.3
1972-12-12,1033.2
1972-12-13,1030.5
1972-12-14,1025.1
1972-12-15,1027.2
1972-12-18,1013.3
1972-12-19,1009.2
1972-12-20,1004.8
1972-12-21,1000.0
1972-12-22,1004.2
1972-12-26,1006.7
1972-12-27,1007.7
1972-12-29,1020.0
1973-01-02,1031.7
1973-01-03,1043.8
1973-01-04,1039.8
1973-01-05,1047.5
1973-01-08,1047.9
1973-01-09,1047.1
1973-01-10,1046.1
1973-01-11,1051.7
1973-01-12,1039.4
1973-01-15,1025.6
1973-01-16,1024.3
1973-01-17,1029.1
1973-01-18,1029.1
1973-01-19,1026.2
1973-01-22,1018.8
1973-01-23,1018.7
1973-01-24,1004.6
1973-01-26,1003.5
1973-01-29,996.5
1973-01-30,992.9
1973-01-31,999.0
1973-02-01,985.8
1973-02-02,980.8
1973-02-05,978.4
1973-02-06,979.9
1973-02-07,968.3
1973-02-08,967.2
1973-02-09,979.5
1973-02-12,991.6
1973-02-13,996.8
1973-02-14,979.9
1973-02-15,973.1
1973-02-16,979.2
1973-02-20,983.6
1973-02-21,974.3
1973-02-22,971.8
1973-02-23,959.9
1973-02-26,953.8
1973-02-27,947.9
1973-02-28,955.1
1973-03-01,949.7
1973-03-02,961.3
1973-03-05,966.9
1973-03-06,979.0
1973-03-07,980.0
1973-03-08,976.4
1973-03-09,972.2
1973-03-12,969.8
1973-03-13,976.1
1973-03-14,978.9
1973-03-15,969.8
1973-03-16,963.1
1973-03-19,952.1
1973-03-20,949.4
1973-03-21,938.4
1973-03-22,925.2
1973-03-23,922.7
1973-03-26,927.9
1973-03-27,944.9
1973-03-28,948.0
1973-03-29,959.1
1973-03-30,951.0
1973-04-02,936.2
1973-04-03,927.8
1973-04-04,925.1
1973-04-05,923.5
1973-04-06,931.1
1973-04-09,947.6
1973-04-10,960.5
1973-04-11,967.4
1973-04-12,964.0
1973-04-13,959.4
1973-04-16,956.7
1973-04-17,953.4
1973-04-18,958.3
1973-04-19,963.2
1973-04-23,955.4
1973-04-24,940.8
1973-04-25,930.5
1973-04-26,937.8
1973-04-27,922.2
1973-04-30,921.4
1973-05-01,921.2
1973-05-02,932.3
1973-05-03,945.7
1973-05-04,953.9
1973-05-07,950.7
1973-05-08,956.6
1973-05-09,949.1
1973-05-10,939.3
1973-05-11,928.0
1973-05-14,909.7
1973-05-15,917.4
1973-05-16,917.1
1973-05-17,911.7
1973-05-18,895.2
1973-05-21,886.5
1973-05-22,892.5
1973-05-23,895.0
1973-05-24,924.4
1973-05-25,930.8
1973-05-29,925.6
1973-05-30,908.9
1973-05-31,901.4
1973-06-01,894.0
1973-06-04,885.9
1973-06-05,900.8
1973-06-06,898.2
1973-06-07,909.6
1973-06-08,920.0
1973-06-11,915.1
1973-06-12,927.0
1973-06-13,915.5
1973-06-14,902.9
1973-06-15,888.6
1973-06-18,875.1
1973-06-19,881.6
1973-06-20,884.7
1973-06-21,873.7
1973-06-22,879.8
1973-06-25,869.1
1973-06-26,879.4
1973-06-27,884.6
1973-06-28,894.6
1973-06-29,891.7
1973-07-02,880.6
1973-07-03,874.2
1973-07-05,874.3
1973-07-06,870.1
1973-07-09,877.3
1973-07-10,888.3
1973-07-11,908.2
1973-07-12,901.9
1973-07-13,886.0
1973-07-16,897.6
1973-07-17,898.0
1973-07-18,905.4
1973-07-19,906.7
1973-07-20,910.9
1973-07-23,913.2
1973-07-24,918.7
1973-07-25,933.0
1973-07-26,934.5
1973-07-27,936.7
1973-07-30,933.8
1973-07-31,926.4
1973-08-01,912.2
1973-08-02,910.1
1973-08-03,908.9
1973-08-06,912.8
1973-08-07,912.0
1973-08-08,902.0
1973-08-09,901.5
1973-08-10,892.4
1973-08-13,883.2
1973-08-14,870.7
1973-08-15,874.2
1973-08-16,872.7
1973-08-17,871.8
1973-08-20,867.4
1973-08-21,857.8
1973-08-22,851.9
1973-08-23,864.5
1973-08-24,863.5
1973-08-27,870.7
1973-08-28,872.1
1973-08-29,883.4
1973-08-30,882.5
1973-08-31,887.6
1973-09-04,895.4
1973-09-05,899.1
1973-09-06,901.0
1973-09-07,898.6
1973-09-10,891.3
1973-09-11,885.8
1973-09-12,881.3
1973-09-13,880.6
1973-09-14,886.4
1973-09-17,893.0
1973-09-18,891.3
1973-09-19,910.4
1973-09-20,920.5
1973-09-21,927.9
1973-09-24,936.7
1973-09-25,940.6
1973-09-26,949.5
1973-09-27,953.3
1973-09-28,947.1
1973-10-01,948.8
1973-10-02,956.8
1973-10-03,964.6
1973-10-04,955.9
1973-10-05,971.3
1973-10-08,977.7
1973-10-09,974.2
1973-10-10,960.6
1973-10-11,976.1
1973-10-12,978.6
1973-10-15,967.0
1973-10-16,967.4
1973-10-17,962.5
1973-10-18,959.7
1973-10-19,963.7
1973-10-22,960.6
1973-10-23,966.5
1973-10-24,971.9
1973-10-25,974.5
1973-10-26,987.1
1973-10-29,984.8
1973-10-30,968.5
1973-10-31,956.6
1973-11-01,948.8
1973-11-02,935.3
1973-11-05,919.4
1973-11-06,913.1
1973-11-07,920.1
1973-11-08,932.7
1973-11-09,908.4
1973-11-12,897.7
1973-11-13,891.0
1973-11-14,869.9
1973-11-15,874.6
1973-11-16,891.3
1973-11-19,862.7
1973-11-20,844.9
1973-11-21,855.0
1973-11-23,854.0
1973-11-26,825.0
1973-11-27,817.7
1973-11-28,839.8
1973-11-29,835.1
1973-11-30,822.3
1973-12-03,806.5
1973-12-04,803.2
1973-12-05,788.3
1973-12-06,814.1
1973-12-07,838.1
1973-12-10,851.1
1973-12-11,834.2
1973-12-12,810.7
1973-12-13,800.4
1973-12-14,815.7
1973-12-17,811.1
1973-12-18,829.5
1973-12-19,829.6
1973-12-20,828.1
1973-12-21,818.7
1973-12-24,814.8
1973-12-26,837.6
1973-12-27,851.0
1973-12-28,848.0
1973-12-31,850.9
1974-01-02,855.3
1974-01-03,880.7
1974-01-04,880.2
1974-01-07,876.9
1974-01-08,861.8
1974-01-09,834.8
1974-01-10,823.1
1974-01-11,841.5
1974-01-14,840.2
1974-01-15,846.4
1974-01-16,856.1
1974-01-17,872.2
1974-01-18,855.5
1974-01-21,854.6
1974-01-22,863.5
1974-01-23,871.0
1974-01-24,863.1
1974-01-25,859.4
1974-01-28,853.0
1974-01-29,852.3
1974-01-30,862.3
1974-01-31,855.6
1974-02-01,843.9
1974-02-04,821.5
1974-02-05,820.6
1974-02-06,824.6
1974-02-07,828.5
1974-02-08,820.4
1974-02-11,803.9
1974-02-12,806.6
1974-02-13,806.9
1974-02-14,809.9
1974-02-15,820.3
1974-02-19,819.5
1974-02-20,831.0
1974-02-21,846.8
1974-02-22,856.0
1974-02-25,851.4
1974-02-26,859.5
1974-02-27,863.4
1974-02-28,860.5
1974-03-01,851.9
1974-03-04,853.2
1974-03-05,872.4
1974-03-06,879.9
1974-03-07,869.1
1974-03-08,878.1
1974-03-11,888.5
1974-03-12,887.1
1974-03-13,891.7
1974-03-14,889.8
1974-03-15,887.8
1974-03-18,874.2
1974-03-19,867.6
1974-03-20,872.3
1974-03-21,875.5
1974-03-22,878.1
1974-03-25,881.0
1974-03-26,883.7
1974-03-27,871.2
1974-03-28,854.4
1974-03-29,846.7
1974-04-01,843.5
1974-04-02,846.6
1974-04-03,858.0
1974-04-04,858.9
1974-04-05,847.5
1974-04-08,840.0
1974-04-09,846.8
1974-04-10,843.7
1974-04-11,844.8
1974-04-15,843.8
1974-04-16,861.2
1974-04-17,867.4
1974-04-18,869.9
1974-04-19,859.9
1974-04-22,858.6
1974-04-23,846.0
1974-04-24,832.4
1974-04-25,827.7
1974-04-26,834.6
1974-04-29,835.4
1974-04-30,836.8
1974-05-01,853.9
1974-05-02,851.1
1974-05-03,845.9
1974-05-06,844.9
1974-05-07,847.2
1974-05-08,851.0
1974-05-09,865.8
1974-05-10,850.4
1974-05-13,845.6
1974-05-14,847.9
1974-05-15,846.1
1974-05-16,835.3
1974-05-17,818.8
1974-05-20,812.4
1974-05-21,809.5
1974-05-22,802.6
1974-05-23,805.2
1974-05-24,816.7
1974-05-28,814.3
1974-05-29,795.4
1974-05-30,803.6
1974-05-31,802.2
1974-06-03,821.3
1974-06-04,828.7
1974-06-05,830.2
1974-06-06,845.4
1974-06-07,853.7
1974-06-10,859.7
1974-06-11,852.1
1974-06-12,848.6
1974-06-13,852.1
1974-06-14,843.1
1974-06-17,833.2
1974-06-18,830.3
1974-06-19,826.1
1974-06-20,820.8
1974-06-21,815.4
1974-06-24,816.3
1974-06-25,828.9
1974-06-26,817.0
1974-06-27,803.7
1974-06-28,802.4
1974-07-01,806.2
1974-07-02,790.7
1974-07-03,792.9
1974-07-05,791.8
1974-07-08,770.6
1974-07-09,772.3
1974-07-10,762.1
1974-07-11,759.6
1974-07-12,787.2
1974-07-15,786.6
1974-07-16,776.0
1974-07-17,785.0
1974-07-18,789.2
1974-07-19,787.9
1974-07-22,790.4
1974-07-23,797.7
1974-07-24,805.8
1974-07-25,795.7
1974-07-26,784.6
1974-07-29,770.9
1974-07-30,765.6
1974-07-31,757.4
1974-08-01,751.1
1974-08-02,752.6
1974-08-05,760.4
1974-08-06,773.8
1974-08-07,797.6
1974-08-08,784.9
1974-08-09,777.3
1974-08-12,767.3
1974-08-13,756.4
1974-08-14,740.5
1974-08-15,737.9
1974-08-16,731.5
1974-08-19,721.8
1974-08-20,726.9
1974-08-21,711.6
1974-08-22,704.6
1974-08-23,686.8
1974-08-26,688.1
1974-08-27,671.5
1974-08-28,666.6
1974-08-29,656.8
1974-08-30,678.6
1974-09-03,663.3
1974-09-04,648.0
1974-09-05,670.8
1974-09-06,677.9
1974-09-09,662.9
1974-09-10,658.2
1974-09-11,654.7
1974-09-12,641.7
1974-09-13,627.2
1974-09-16,639.8
1974-09-17,648.8
1974-09-18,651.9
1974-09-19,674.1
1974-09-20,670.8
1974-09-23,663.7
1974-09-24,654.1
1974-09-25,650.0
1974-09-26,638.0
1974-09-27,622.0
1974-09-30,607.9
1974-10-01,604.8
1974-10-02,601.5
1974-10-03,587.6
1974-10-04,584.6
1974-10-07,607.6
1974-10-08,602.6
1974-10-09,631.0
1974-10-10,648.1
1974-10-11,658.2
1974-10-14,673.5
1974-10-15,658.4
1974-10-16,642.3
1974-10-17,651.4
1974-10-18,654.9
1974-10-21,669.8
1974-10-22,662.9
1974-10-23,645.0
1974-10-24,636.3
1974-10-25,636.2
1974-10-28,633.8
1974-10-29,659.3
1974-10-30,673.0
1974-10-31,665.5
1974-11-01,665.3
1974-11-04,657.2
1974-11-05,674.8
1974-11-06,669.1
1974-11-07,671.9
1974-11-08,667.2
1974-11-11,672.6
1974-11-12,659.2
1974-11-13,659.2
1974-11-14,658.4
1974-11-15,647.6
1974-11-18,624.9
1974-11-19,614.1
1974-11-20,609.6
1974-11-21,608.6
1974-11-22,615.3
1974-11-25,611.9
1974-11-26,617.3
1974-11-27,619.3
1974-11-29,618.7
1974-12-02,603.0
1974-12-03,596.6
1974-12-04,598.6
1974-12-05,587.1
1974-12-06,577.6
1974-12-09,579.9
1974-12-10,593.9
1974-12-11,595.4
1974-12-12,596.4
1974-12-13,592.8
1974-12-16,586.8
1974-12-17,597.5
1974-12-18,603.5
1974-12-19,604.4
1974-12-20,598.5
1974-12-23,589.6
1974-12-24,598.4
1974-12-26,604.7
1974-12-27,602.2
1974-12-30,603.3
1974-12-31,616.2
1975-01-02,632.0
1975-01-03,634.5
1975-01-06,637.2
1975-01-07,641.2
1975-01-08,635.4
1975-01-09,645.3
1975-01-10,658.8
1975-01-13,654.2
1975-01-14,648.7
1975-01-15,653.4
1975-01-16,655.7
1975-01-17,644.6
1975-01-20,647.5
1975-01-21,641.9
1975-01-22,652.6
1975-01-23,656.8
1975-01-24,666.6
1975-01-27,692.7
1975-01-28,694.8
1975-01-29,706.0
1975-01-30,696.4
1975-01-31,703.7
1975-02-03,711.4
1975-02-04,708.1
1975-02-05,717.9
1975-02-06,714.2
1975-02-07,711.9
1975-02-10,708.4
1975-02-11,707.6
1975-02-12,715.0
1975-02-13,726.9
1975-02-14,734.2
1975-02-18,731.3
1975-02-19,736.4
1975-02-20,745.4
1975-02-21,749.8
1975-02-24,736.9
1975-02-25,719.2
1975-02-26,728.1
1975-02-27,731.2
1975-02-28,739.1
1975-03-03,753.1
1975-03-04,757.7
1975-03-05,752.8
1975-03-06,761.8
1975-03-07,770.1
1975-03-10,776.1
1975-03-11,770.9
1975-03-12,763.7
1975-03-13,763.0
1975-03-14,773.5
1975-03-17,786.5
1975-03-18,779.4
1975-03-19,769.5
1975-03-20,764.0
1975-03-21,763.1
1975-03-24,743.4
1975-03-25,747.9
1975-03-26,766.2
1975-03-27,770.3
1975-03-31,768.2
1975-04-01,761.6
1975-04-02,760.6
1975-04-03,752.2
1975-04-04,747.3
1975-04-07,742.9
1975-04-08,749.2
1975-04-09,768.0
1975-04-10,781.3
1975-04-11,789.5
1975-04-14,807.0
1975-04-15,815.1
1975-04-16,815.7
1975-04-17,819.5
1975-04-18,808.4
1975-04-21,815.9
1975-04-22,814.1
1975-04-23,802.5
1975-04-24,803.7
1975-04-25,811.8
1975-04-28,810.0
1975-04-29,803.0
1975-04-30,821.3
1975-05-01,831.0
1975-05-02,848.5
1975-05-05,855.6
1975-05-06,834.7
1975-05-07,836.4
1975-05-08,840.5
1975-05-09,850.1
1975-05-12,847.5
1975-05-13,850.1
1975-05-14,858.7
1975-05-15,848.8
1975-05-16,837.6
1975-05-19,837.7
1975-05-20,830.5
1975-05-21,818.7
1975-05-22,818.9
1975-05-23,831.9
1975-05-27,826.1
1975-05-28,817.0
1975-05-29,815.0
1975-05-30,832.3
1975-06-02,846.6
1975-06-03,846.1
1975-06-04,840.0
1975-06-05,842.2
1975-06-06,839.6
1975-06-09,830.1
1975-06-10,822.1
1975-06-11,824.6
1975-06-12,819.3
1975-06-13,824.5
1975-06-16,834.6
1975-06-17,828.6
1975-06-18,827.8
1975-06-19,845.4
1975-06-20,855.4
1975-06-23,864.8
1975-06-24,869.1
1975-06-25,872.7
1975-06-26,874.1
1975-06-27,873.1
1975-06-30,879.0
1975-07-01,877.4
1975-07-02,870.4
1975-07-03,871.8
1975-07-07,861.1
1975-07-08,857.8
1975-07-09,871.9
1975-07-10,871.9
1975-07-11,871.1
1975-07-14,875.9
1975-07-15,881.8
1975-07-16,872.1
1975-07-17,864.3
1975-07-18,862.4
1975-07-21,854.7
1975-07-22,846.8
1975-07-23,836.7
1975-07-24,840.3
1975-07-25,834.1
1975-07-28,827.8
1975-07-29,824.9
1975-07-30,831.7
1975-07-31,831.5
1975-08-01,826.5
1975-08-04,818.1
1975-08-05,810.2
1975-08-06,813.7
1975-08-07,815.8
1975-08-08,817.7
1975-08-11,823.8
1975-08-12,828.5
1975-08-13,820.6
1975-08-14,817.0
1975-08-15,825.6
1975-08-18,822.8
1975-08-19,808.5
1975-08-20,793.3
1975-08-21,791.7
1975-08-22,804.8
1975-08-25,812.3
1975-08-26,803.1
1975-08-27,807.2
1975-08-28,829.5
1975-08-29,835.3
1975-09-02,823.7
1975-09-03,832.3
1975-09-04,838.3
1975-09-05,836.0
1975-09-08,840.1
1975-09-09,827.8
1975-09-10,817.7
1975-09-11,812.7
1975-09-12,809.2
1975-09-15,803.2
1975-09-16,795.1
1975-09-17,799.1
1975-09-18,814.6
1975-09-19,829.8
1975-09-22,820.4
1975-09-23,819.9
1975-09-24,826.2
1975-09-25,820.2
1975-09-26,818.6
1975-09-29,805.2
1975-09-30,793.9
1975-10-01,784.2
1975-10-02,794.6
1975-10-03,813.2
1975-10-06,819.7
1975-10-07,816.5
1975-10-08,823.9
1975-10-09,824.5
1975-10-10,823.9
1975-10-13,837.8
1975-10-14,835.3
1975-10-15,837.2
1975-10-16,837.9
1975-10-17,832.2
1975-10-20,842.3
1975-10-21,846.8
1975-10-22,849.6
1975-10-23,855.2
1975-10-24,840.5
1975-10-27,838.5
1975-10-28,851.5
1975-10-29,838.6
1975-10-30,839.4
1975-10-31,836.0
1975-11-03,825.7
1975-11-04,830.1
1975-11-05,836.3
1975-11-06,840.9
1975-11-07,835.8
1975-11-10,835.5
1975-11-11,838.6
1975-11-12,852.3
1975-11-13,851.2
1975-11-14,853.7
1975-11-17,856.7
1975-11-18,855.2
1975-11-19,848.2
1975-11-20,843.5
1975-11-21,840.8
1975-11-24,845.6
1975-11-25,855.4
1975-11-26,858.6
1975-11-28,860.7
1975-12-01,856.3
1975-12-02,843.2
1975-12-03,825.5
1975-12-04,829.1
1975-12-05,818.8
1975-12-08,821.6
1975-12-09,824.2
1975-12-10,834.0
1975-12-11,832.7
1975-12-12,832.8
1975-12-15,836.6
1975-12-16,844.3
1975-12-17,846.3
1975-12-18,852.1
1975-12-19,844.4
1975-12-22,838.6
1975-12-23,843.8
1975-12-24,851.9
1975-12-26,859.8
1975-12-29,856.7
1975-12-30,852.4
1975-12-31,852.4
1976-01-02,858.7
1976-01-05,877.8
1976-01-06,890.8
1976-01-07,898.7
1976-01-08,908.0
1976-01-09,911.1
1976-01-12,922.4
1976-01-13,912.9
1976-01-14,929.6
1976-01-15,924.5
1976-01-16,929.6
1976-01-19,943.7
1976-01-20,949.9
1976-01-21,946.2
1976-01-22,943.5
1976-01-23,954.0
1976-01-26,961.5
1976-01-27,957.8
1976-01-28,951.4
1976-01-29,968.8
1976-01-30,975.3
1976-02-02,971.4
1976-02-03,972.6
1976-02-04,976.6
1976-02-05,964.8
1976-02-06,954.9
1976-02-09,957.2
1976-02-10,968.8
1976-02-11,971.9
1976-02-12,966.8
1976-02-13,958.4
1976-02-17,950.6
1976-02-18,960.1
1976-02-19,975.8
1976-02-20,987.8
1976-02-23,985.3
1976-02-24,993.6
1976-02-25,994.6
1976-02-26,978.8
1976-02-27,972.6
1976-03-01,975.4
1976-03-02,985.1
1976-03-03,978.8
1976-03-04,970.6
1976-03-05,972.9
1976-03-08,988.7
1976-03-09,993.7
1976-03-10,995.3
1976-03-11,1003.3
1976-03-12,987.6
1976-03-15,974.5
1976-03-16,983.5
1976-03-17,986.0
1976-03-18,979.9
1976-03-19,979.9
1976-03-22,982.3
1976-03-23,995.4
1976-03-24,1009.2
1976-03-25,1002.1
1976-03-26,1003.5
1976-03-29,997.4
1976-03-30,992.1
1976-03-31,999.5
1976-04-01,994.1
1976-04-02,991.6
1976-04-05,1004.1
1976-04-06,1001.7
1976-04-07,986.2
1976-04-08,977.1
1976-04-09,968.3
1976-04-12,971.3
1976-04-13,984.3
1976-04-14,974.7
1976-04-15,980.5
1976-04-19,988.1
1976-04-20,1003.5
1976-04-21,1011.0
1976-04-22,1007.7
1976-04-23,1000.7
1976-04-26,1002.8
1976-04-27,995.5
1976-04-28,1000.7
1976-04-29,1002.1
1976-04-30,996.9
1976-05-03,990.3
1976-05-04,993.7
1976-05-05,986.5
1976-05-06,989.5
1976-05-07,996.2
1976-05-10,1007.5
1976-05-11,1006.6
1976-05-12,1005.7
1976-05-13,1001.1
1976-05-14,992.6
1976-05-17,987.6
1976-05-18,989.5
1976-05-19,988.9
1976-05-20,997.3
1976-05-21,990.8
1976-05-24,971.5
1976-05-25,971.7
1976-05-26,968.6
1976-05-27,965.6
1976-05-28,975.2
1976-06-01,973.1
1976-06-02,975.9
1976-06-03,973.8
1976-06-04,963.9
1976-06-07,958.1
1976-06-08,960.0
1976-06-09,958.1
1976-06-10,964.4
1976-06-11,978.8
1976-06-14,991.2
1976-06-15,985.9
1976-06-16,988.6
1976-06-17,1003.2
1976-06-18,1001.9
1976-06-21,1007.5
1976-06-22,997.6
1976-06-23,996.6
1976-06-24,1003.8
1976-06-25,999.8
1976-06-28,997.4
1976-06-29,1000.7
1976-06-30,1002.8
1976-07-01,994.8
1976-07-02,999.8
1976-07-06,991.8
1976-07-07,991.2
1976-07-08,992.0
1976-07-09,1003.1
1976-07-12,1011.2
1976-07-13,1006.1
1976-07-14,1005.2
1976-07-15,997.5
1976-07-16,993.2
1976-07-19,990.8
1976-07-20,988.3
1976-07-21,989.4
1976-07-22,991.1
1976-07-23,990.9
1976-07-26,991.5
1976-07-27,984.1
1976-07-28,981.3
1976-07-29,979.3
1976-07-30,984.6
1976-08-02,982.3
1976-08-03,990.3
1976-08-04,992.3
1976-08-05,986.7
1976-08-06,986.0
1976-08-09,983.5
1976-08-10,993.4
1976-08-11,986.8
1976-08-12,987.1
1976-08-13,990.2
1976-08-16,992.8
1976-08-17,999.3
1976-08-18,995.0
1976-08-19,983.9
1976-08-20,974.1
1976-08-23,971.5
1976-08-24,962.9
1976-08-25,970.8
1976-08-26,960.4
1976-08-27,963.9
1976-08-30,968.9
1976-08-31,973.7
1976-09-01,986.0
1976-09-02,984.8
1976-09-03,989.1
1976-09-07,996.6
1976-09-08,992.9
1976-09-09,986.9
1976-09-10,988.4
1976-09-13,983.3
1976-09-14,978.6
1976-09-15,979.3
1976-09-16,988.0
1976-09-17,995.1
1976-09-20,994.5
1976-09-21,1014.8
1976-09-22,1014.1
1976-09-23,1010.8
1976-09-24,1009.3
1976-09-27,1013.1
1976-09-28,994.9
1976-09-29,991.2
1976-09-30,990.2
1976-10-01,979.9
1976-10-04,978.0
1976-10-05,966.8
1976-10-06,959.7
1976-10-07,965.1
1976-10-08,952.4
1976-10-11,940.8
1976-10-12,932.4
1976-10-13,948.3
1976-10-14,935.9
1976-10-15,937.0
1976-10-18,946.6
1976-10-19,950.0
1976-10-20,954.9
1976-10-21,944.9
1976-10-22,938.8
1976-10-25,938.0
1976-10-26,948.1
1976-10-27,956.1
1976-10-28,952.6
1976-10-29,964.9
1976-11-01,966.1
1976-11-03,956.5
1976-11-04,960.4
1976-11-05,943.1
1976-11-08,933.7
1976-11-09,930.8
1976-11-10,924.0
1976-11-11,931.4
1976-11-12,927.7
1976-11-15,935.4
1976-11-16,935.3
1976-11-17,938.1
1976-11-18,950.1
1976-11-19,948.8
1976-11-22,955.9
1976-11-23,949.3
1976-11-24,951.0
1976-11-26,956.6
1976-11-29,950.1
1976-11-30,947.2
1976-12-01,949.4
1976-12-02,946.6
1976-12-03,950.6
1976-12-06,961.8
1976-12-07,960.7
1976-12-08,963.3
1976-12-09,970.7
1976-12-10,973.2
1976-12-13,974.2
1976-12-14,980.6
1976-12-15,983.8
1976-12-16,981.3
1976-12-17,979.1
1976-12-20,972.4
1976-12-21,978.4
1976-12-22,984.5
1976-12-23,985.6
1976-12-27,996.1
1976-12-28,1000.1
1976-12-29,994.9
1976-12-30,999.1
1976-12-31,1004.7
1977-01-03,999.8
1977-01-04,987.9
1977-01-05,978.1
1977-01-06,979.9
1977-01-07,983.1
1977-01-10,986.9
1977-01-11,976.7
1977-01-12,968.3
1977-01-13,976.2
1977-01-14,972.2
1977-01-17,967.3
1977-01-18,962.4
1977-01-19,968.7
1977-01-20,959.0
1977-01-21,962.4
1977-01-24,963.6
1977-01-25,965.9
1977-01-26,958.5
1977-01-27,954.5
1977-01-28,957.5
1977-01-31,954.4
1977-02-01,958.4
1977-02-02,952.8
1977-02-03,947.1
1977-02-04,947.9
1977-02-07,946.3
1977-02-08,942.2
1977-02-09,933.8
1977-02-10,937.9
1977-02-11,931.5
1977-02-14,938.3
1977-02-15,944.3
1977-02-16,948.3
1977-02-17,943.7
1977-02-18,940.2
1977-02-22,939.9
1977-02-23,938.3
1977-02-24,932.6
1977-02-25,933.4
1977-02-28,936.4
1977-03-01,944.7
1977-03-02,942.1
1977-03-03,948.6
1977-03-04,953.5
1977-03-07,955.1
1977-03-08,952.0
1977-03-09,942.9
1977-03-10,946.7
1977-03-11,947.7
1977-03-14,958.4
1977-03-15,965.0
1977-03-16,968.0
1977-03-17,964.8
1977-03-18,961.0
1977-03-21,953.5
1977-03-22,951.0
1977-03-23,942.3
1977-03-24,935.7
1977-03-25,928.9
1977-03-28,926.1
1977-03-29,932.0
1977-03-30,921.2
1977-03-31,919.1
1977-04-01,927.4
1977-04-04,915.6
1977-04-05,916.1
1977-04-06,914.7
1977-04-07,918.9
1977-04-11,924.1
1977-04-12,937.2
1977-04-13,938.2
1977-04-14,947.0
1977-04-15,947.8
1977-04-18,942.8
1977-04-19,938.8
1977-04-20,942.6
1977-04-21,935.8
1977-04-22,927.1
1977-04-25,914.6
1977-04-26,915.6
1977-04-27,923.8
1977-04-28,927.3
1977-04-29,926.9
1977-05-02,931.2
1977-05-03,934.2
1977-05-04,940.7
1977-05-05,943.4
1977-05-06,936.7
1977-05-09,933.1
1977-05-10,936.1
1977-05-11,926.9
1977-05-12,925.5
1977-05-13,928.3
1977-05-16,932.5
1977-05-17,936.5
1977-05-18,941.9
1977-05-19,936.5
1977-05-20,930.5
1977-05-23,917.1
1977-05-24,912.4
1977-05-25,903.2
1977-05-26,908.1
1977-05-27,898.8
1977-05-31,898.7
1977-06-01,906.6
1977-06-02,903.2
1977-06-03,912.2
1977-06-06,903.0
1977-06-07,908.7
1977-06-08,913.0
1977-06-09,909.9
1977-06-10,910.8
1977-06-13,912.4
1977-06-14,922.6
1977-06-15,917.6
1977-06-16,920.5
1977-06-17,920.5
1977-06-20,924.3
1977-06-21,928.6
1977-06-22,926.3
1977-06-23,925.4
1977-06-24,929.7
1977-06-27,924.1
1977-06-28,915.6
1977-06-29,913.3
1977-06-30,916.3
1977-07-01,912.7
1977-07-05,913.6
1977-07-06,907.7
1977-07-07,909.5
1977-07-08,908.0
1977-07-11,905.5
1977-07-12,903.4
1977-07-13,903.0
1977-07-15,906.0
1977-07-18,910.6
1977-07-19,919.3
1977-07-20,920.5
1977-07-21,921.8
1977-07-22,923.4
1977-07-25,914.2
1977-07-26,908.2
1977-07-27,888.4
1977-07-28,890.0
1977-07-29,890.1
1977-08-01,891.8
1977-08-02,887.4
1977-08-03,886.0
1977-08-04,888.2
1977-08-05,888.7
1977-08-08,879.4
1977-08-09,879.4
1977-08-10,887.0
1977-08-11,877.4
1977-08-12,871.1
1977-08-15,874.1
1977-08-16,869.3
1977-08-17,864.7
1977-08-18,864.3
1977-08-19,863.5
1977-08-22,867.3
1977-08-23,865.6
1977-08-24,862.9
1977-08-25,854.1
1977-08-26,855.4
1977-08-29,864.1
1977-08-30,858.9
1977-08-31,861.5
1977-09-01,864.9
1977-09-02,872.3
1977-09-06,873.3
1977-09-07,876.4
1977-09-08,869.2
1977-09-09,857.0
1977-09-12,854.4
1977-09-13,854.6
1977-09-14,858.7
1977-09-15,860.8
1977-09-16,856.8
1977-09-19,851.5
1977-09-20,851.8
1977-09-21,841.0
1977-09-22,839.4
1977-09-23,839.1
1977-09-26,841.7
1977-09-27,835.9
1977-09-28,834.7
1977-09-29,840.1
1977-09-30,847.1
1977-10-03,852.0
1977-10-04,842.0
1977-10-05,837.3
1977-10-06,842.1
1977-10-07,840.4
1977-10-10,840.3
1977-10-11,832.3
1977-10-12,824.0
1977-10-13,818.2
1977-10-14,821.6
1977-10-17,820.3
1977-10-18,820.5
1977-10-19,812.2
1977-10-20,814.8
1977-10-21,808.3
1977-10-24,802.3
1977-10-25,801.5
1977-10-26,813.4
1977-10-27,818.6
1977-10-28,822.7
1977-10-31,818.4
1977-11-01,806.9
1977-11-02,800.9
1977-11-03,802.7
1977-11-04,809.9
1977-11-07,816.4
1977-11-08,816.3
1977-11-09,818.4
1977-11-10,832.6
1977-11-11,845.9
1977-11-14,838.4
1977-11-15,842.8
1977-11-16,837.1
1977-11-17,831.9
1977-11-18,835.8
1977-11-21,836.1
1977-11-22,842.5
1977-11-23,843.3
1977-11-25,844.4
1977-11-28,839.6
1977-11-29,827.3
1977-11-30,829.7
1977-12-01,825.7
1977-12-02,824.0
1977-12-05,821.0
1977-12-06,806.9
1977-12-07,807.4
1977-12-08,806.9
1977-12-09,815.2
1977-12-12,815.8
1977-12-13,815.2
1977-12-14,822.7
1977-12-15,817.9
1977-12-16,815.3
1977-12-19,808.0
1977-12-20,806.2
1977-12-21,813.9
1977-12-22,821.8
1977-12-23,829.9
1977-12-27,829.7
1977-12-28,829.7
1977-12-29,830.4
1977-12-30,831.2
1978-01-03,817.7
1978-01-04,813.6
1978-01-05,804.9
1978-01-06,793.5
1978-01-09,784.6
1978-01-10,781.5
1978-01-11,775.9
1978-01-12,778.2
1978-01-13,775.7
1978-01-16,771.7
1978-01-17,779.0
1978-01-18,786.3
1978-01-19,778.7
1978-01-20,776.9
1978-01-23,770.7
1978-01-24,771.6
1978-01-25,772.4
1978-01-26,763.3
1978-01-27,764.1
1978-01-30,772.4
1978-01-31,769.9
1978-02-01,774.3
1978-02-02,775.4
1978-02-03,771.0
1978-02-06,768.6
1978-02-07,778.9
1978-02-08,782.7
1978-02-09,777.8
1978-02-10,776.0
1978-02-13,774.4
1978-02-14,765.2
1978-02-15,761.7
1978-02-16,753.3
1978-02-17,752.7
1978-02-21,749.3
1978-02-22,749.1
1978-02-23,751.0
1978-02-24,756.2
1978-02-27,748.4
1978-02-28,742.1
1978-03-01,743.3
1978-03-02,746.5
1978-03-03,747.3
1978-03-06,742.7
1978-03-07,746.8
1978-03-08,750.9
1978-03-09,750.0
1978-03-10,758.6
1978-03-13,760.0
1978-03-14,762.6
1978-03-15,758.6
1978-03-16,762.8
1978-03-17,768.7
1978-03-20,773.8
1978-03-21,762.8
1978-03-22,757.5
1978-03-23,756.5
1978-03-27,753.2
1978-03-28,758.8
1978-03-29,761.8
1978-03-30,759.6
1978-03-31,757.4
1978-04-03,751.0
1978-04-04,755.4
1978-04-05,763.1
1978-04-06,764.0
1978-04-07,769.6
1978-04-10,773.7
1978-04-11,770.2
1978-04-12,766.3
1978-04-13,775.2
1978-04-14,795.1
1978-04-17,810.1
1978-04-18,803.3
1978-04-19,808.0
1978-04-20,814.5
1978-04-21,812.8
1978-04-24,826.1
1978-04-25,833.6
1978-04-26,837.0
1978-04-27,826.9
1978-04-28,837.3
1978-05-01,844.3
1978-05-02,840.2
1978-05-03,828.8
1978-05-04,824.4
1978-05-05,829.1
1978-05-08,824.6
1978-05-09,822.1
1978-05-10,822.2
1978-05-11,834.2
1978-05-12,840.7
1978-05-15,846.8
1978-05-16,854.3
1978-05-17,858.4
1978-05-18,850.9
1978-05-19,846.9
1978-05-22,855.4
1978-05-23,845.3
1978-05-24,837.9
1978-05-25,835.4
1978-05-26,831.7
1978-05-30,834.2
1978-05-31,840.6
1978-06-01,840.7
1978-06-02,847.5
1978-06-05,863.8
1978-06-06,866.5
1978-06-07,861.9
1978-06-08,862.1
1978-06-09,859.2
1978-06-12,856.7
1978-06-13,857.0
1978-06-14,854.6
1978-06-15,844.3
1978-06-16,837.0
1978-06-19,838.6
1978-06-20,830.0
1978-06-21,824.9
1978-06-22,827.7
1978-06-23,823.0
1978-06-26,812.3
1978-06-27,817.3
1978-06-28,819.9
1978-06-29,821.6
1978-06-30,819.0
1978-07-03,812.9
1978-07-05,805.8
1978-07-06,807.2
1978-07-07,812.5
1978-07-10,816.8
1978-07-11,821.3
1978-07-12,824.9
1978-07-13,824.8
1978-07-14,839.8
1978-07-17,839.1
1978-07-18,829.0
1978-07-19,840.7
1978-07-20,838.6
1978-07-21,833.4
1978-07-24,831.6
1978-07-25,839.6
1978-07-26,847.2
1978-07-27,850.6
1978-07-28,856.3
1978-07-31,862.3
1978-08-01,860.7
1978-08-02,883.5
1978-08-03,886.9
1978-08-04,888.4
1978-08-07,885.1
1978-08-08,889.2
1978-08-09,891.6
1978-08-10,885.5
1978-08-11,890.9
1978-08-14,888.2
1978-08-15,887.1
1978-08-16,894.6
1978-08-17,900.1
1978-08-18,896.8
1978-08-21,889.0
1978-08-22,892.4
1978-08-23,897.0
1978-08-24,897.4
1978-08-25,895.5
1978-08-28,884.9
1978-08-29,880.2
1978-08-30,880.7
1978-08-31,876.8
1978-09-01,879.3
1978-09-05,886.6
1978-09-06,895.8
1978-09-07,893.7
1978-09-08,907.7
1978-09-11,907.7
1978-09-12,906.4
1978-09-13,899.6
1978-09-14,887.0
1978-09-15,878.6
1978-09-18,870.2
1978-09-19,861.6
1978-09-20,857.2
1978-09-21,861.1
1978-09-22,862.4
1978-09-25,862.4
1978-09-26,868.2
1978-09-27,860.2
1978-09-28,861.3
1978-09-29,865.8
1978-10-02,871.4
1978-10-03,867.9
1978-10-04,874.0
1978-10-05,876.5
1978-10-06,880.0
1978-10-09,893.2
1978-10-10,891.6
1978-10-11,901.4
1978-10-12,896.7
1978-10-13,897.1
1978-10-16,875.2
1978-10-17,866.3
1978-10-18,859.7
1978-10-19,846.4
1978-10-20,838.0
1978-10-23,839.7
1978-10-24,832.6
1978-10-25,830.2
1978-10-26,821.1
1978-10-27,806.1
1978-10-30,811.9
1978-10-31,792.5
1978-11-01,827.8
1978-11-02,817.0
1978-11-03,823.1
1978-11-06,814.9
1978-11-07,800.1
1978-11-08,807.6
1978-11-09,804.0
1978-11-10,807.1
1978-11-13,792.0
1978-11-14,785.3
1978-11-15,785.6
1978-11-16,794.2
1978-11-17,797.7
1978-11-20,805.6
1978-11-21,804.1
1978-11-22,807.0
1978-11-24,810.1
1978-11-27,813.8
1978-11-28,804.1
1978-11-29,790.1
1978-11-30,799.0
1978-12-01,811.5
1978-12-04,806.8
1978-12-05,820.5
1978-12-06,821.9
1978-12-07,816.1
1978-12-08,811.9
1978-12-11,817.7
1978-12-12,815.0
1978-12-13,809.9
1978-12-14,812.5
1978-12-15,805.4
1978-12-18,787.5
1978-12-19,789.9
1978-12-20,793.7
1978-12-21,794.8
1978-12-22,808.5
1978-12-26,816.0
1978-12-27,808.6
1978-12-28,806.0
1978-12-29,805.0
1979-01-02,811.4
1979-01-03,817.4
1979-01-04,826.1
1979-01-05,830.7
1979-01-08,828.1
1979-01-09,831.4
1979-01-10,824.9
1979-01-11,828.1
1979-01-12,836.3
1979-01-15,848.7
1979-01-16,835.6
1979-01-17,834.2
1979-01-18,839.1
1979-01-19,837.5
1979-01-22,838.5
1979-01-23,846.9
1979-01-24,846.4
1979-01-25,854.6
1979-01-26,859.8
1979-01-29,855.8
1979-01-30,851.8
1979-01-31,839.2
1979-02-01,840.9
1979-02-02,834.6
1979-02-05,824.0
1979-02-06,822.9
1979-02-07,816.0
1979-02-08,818.9
1979-02-09,822.2
1979-02-12,824.8
1979-02-13,830.2
1979-02-14,829.8
1979-02-15,829.1
1979-02-16,827.0
1979-02-20,834.6
1979-02-21,834.6
1979-02-22,828.6
1979-02-23,823.3
1979-02-26,821.1
1979-02-27,807.0
1979-02-28,808.8
1979-03-01,815.8
1979-03-02,815.8
1979-03-05,827.4
1979-03-06,826.6
1979-03-07,834.3
1979-03-08,844.9
1979-03-09,842.9
1979-03-12,844.7
1979-03-13,846.9
1979-03-14,845.4
1979-03-15,847.0
1979-03-16,852.8
1979-03-19,857.6
1979-03-20,850.3
1979-03-21,857.8
1979-03-22,861.3
1979-03-23,859.8
1979-03-26,854.8
1979-03-27,871.4
1979-03-28,866.3
1979-03-29,866.8
1979-03-30,862.2
1979-04-02,855.3
1979-04-03,868.3
1979-04-04,869.8
1979-04-05,877.6
1979-04-06,875.7
1979-04-09,873.7
1979-04-10,878.7
1979-04-11,871.7
1979-04-12,870.5
1979-04-16,860.5
1979-04-17,857.9
1979-04-18,860.3
1979-04-19,855.3
1979-04-20,857.0
1979-04-23,860.1
1979-04-24,866.9
1979-04-25,867.5
1979-04-26,861.0
1979-04-27,856.6
1979-04-30,854.9
1979-05-01,855.5
1979-05-02,855.5
1979-05-03,857.6
1979-05-04,847.5
1979-05-07,833.4
1979-05-08,834.9
1979-05-09,838.6
1979-05-10,828.9
1979-05-11,830.6
1979-05-14,825.0
1979-05-15,825.9
1979-05-16,828.5
1979-05-17,843.0
1979-05-18,841.9
1979-05-21,842.4
1979-05-22,845.4
1979-05-23,837.4
1979-05-24,837.7
1979-05-25,836.3
1979-05-29,832.6
1979-05-30,822.2
1979-05-31,822.3
1979-06-01,821.2
1979-06-02,821.9
1979-06-04,821.9
1979-06-05,831.3
1979-06-06,835.5
1979-06-07,837.0
1979-06-08,835.2
1979-06-11,837.6
1979-06-12,845.3
1979-06-13,842.2
1979-06-14,842.3
1979-06-15,843.3
1979-06-18,839.4
1979-06-19,839.4
1979-06-20,839.8
1979-06-21,843.6
1979-06-22,849.1
1979-06-25,844.3
1979-06-26,837.7
1979-06-27,840.5
1979-06-28,843.0
1979-06-29,842.0
1979-07-02,834.0
1979-07-03,835.6
1979-07-05,835.8
1979-07-06,846.2
1979-07-09,853.0
1979-07-10,850.3
1979-07-11,843.9
1979-07-12,836.9
1979-07-13,833.5
1979-07-16,834.9
1979-07-17,828.5
1979-07-18,828.6
1979-07-19,827.3
1979-07-20,828.1
1979-07-23,825.5
1979-07-24,829.8
1979-07-25,839.5
1979-07-26,839.8
1979-07-27,839.8
1979-07-30,838.7
1979-07-31,846.4
1979-08-01,850.3
1979-08-02,848.0
1979-08-03,846.2
1979-08-06,848.6
1979-08-07,859.8
1979-08-08,863.1
1979-08-09,858.3
1979-08-10,867.1
1979-08-13,875.3
1979-08-14,876.7
1979-08-15,885.8
1979-08-16,884.0
1979-08-17,883.4
1979-08-20,886.5
1979-08-21,886.0
1979-08-22,885.8
1979-08-23,880.4
1979-08-24,880.2
1979-08-27,885.4
1979-08-28,884.6
1979-08-29,884.9
1979-08-30,883.7
1979-08-31,887.6
1979-09-04,872.6
1979-09-05,866.1
1979-09-06,867.3
1979-09-07,874.2
1979-09-10,876.9
1979-09-11,869.7
1979-09-12,870.9
1979-09-13,870.7
1979-09-14,879.1
1979-09-17,881.3
1979-09-18,874.2
1979-09-19,876.5
1979-09-20,893.7
1979-09-21,893.9
1979-09-24,885.8
1979-09-25,886.2
1979-09-26,886.4
1979-09-27,887.5
1979-09-28,878.6
1979-10-01,873.0
1979-10-02,885.3
1979-10-03,885.2
1979-10-04,890.1
1979-10-05,897.6
1979-10-08,884.0
1979-10-09,857.6
1979-10-10,849.3
1979-10-11,844.6
1979-10-12,839.0
1979-10-15,831.1
1979-10-16,829.5
1979-10-17,830.7
1979-10-18,830.1
1979-10-19,814.7
1979-10-22,809.1
1979-10-23,806.8
1979-10-24,808.4
1979-10-25,808.5
1979-10-26,809.3
1979-10-29,808.6
1979-10-30,823.8
1979-10-31,815.7
1979-11-01,820.1
1979-11-02,818.9
1979-11-05,812.6
1979-11-06,806.5
1979-11-07,796.7
1979-11-08,797.6
1979-11-09,806.5
1979-11-12,821.9
1979-11-13,814.1
1979-11-14,816.6
1979-11-15,821.3
1979-11-16,815.7
1979-11-19,815.3
1979-11-20,809.2
1979-11-21,807.4
1979-11-23,811.8
1979-11-26,828.8
1979-11-27,825.9
1979-11-28,830.5
1979-11-29,831.7
1979-11-30,822.4
1979-12-03,819.6
1979-12-04,824.9
1979-12-05,828.4
1979-12-06,835.1
1979-12-07,833.2
1979-12-10,833.9
1979-12-11,833.7
1979-12-12,835.7
1979-12-13,836.1
1979-12-14,842.8
1979-12-17,844.6
1979-12-18,838.7
1979-12-19,838.9
1979-12-20,843.3
1979-12-21,838.9
1979-12-24,839.2
1979-12-26,838.1
1979-12-27,840.1
1979-12-28,838.9
1979-12-31,838.7
1980-01-02,824.6
1980-01-03,820.3
1980-01-04,828.8
1980-01-07,832.0
1980-01-08,851.7
1980-01-09,850.1
1980-01-10,859.0
1980-01-11,858.5
1980-01-14,863.6
1980-01-15,868.6
1980-01-16,865.2
1980-01-17,863.6
1980-01-18,867.2
1980-01-21,872.8
1980-01-22,866.2
1980-01-23,877.6
1980-01-24,880.0
1980-01-25,876.1
1980-01-28,878.5
1980-01-29,874.4
1980-01-30,881.9
1980-01-31,875.9
1980-02-01,881.5
1980-02-04,875.1
1980-02-05,876.6
1980-02-06,881.8
1980-02-07,885.5
1980-02-08,895.7
1980-02-11,889.6
1980-02-12,899.0
1980-02-13,903.8
1980-02-14,893.8
1980-02-15,885.0
1980-02-19,876.0
1980-02-20,886.9
1980-02-21,868.5
1980-02-22,868.8
1980-02-25,859.8
1980-02-26,864.3
1980-02-27,855.1
1980-02-28,854.4
1980-02-29,863.1
1980-03-03,854.4
1980-03-04,856.5
1980-03-05,844.9
1980-03-06,828.1
1980-03-07,820.6
1980-03-10,818.9
1980-03-11,826.5
1980-03-12,819.5
1980-03-13,809.6
1980-03-14,811.7
1980-03-17,788.7
1980-03-18,801.6
1980-03-19,800.9
1980-03-20,789.1
1980-03-21,785.2
1980-03-24,765.4
1980-03-25,767.8
1980-03-26,762.1
1980-03-27,760.0
1980-03-28,777.7
1980-03-31,785.8
1980-04-01,784.5
1980-04-02,787.8
1980-04-03,784.1
1980-04-07,768.3
1980-04-08,775.0
1980-04-09,785.9
1980-04-10,791.5
1980-04-11,791.6
1980-04-14,784.9
1980-04-15,783.4
1980-04-16,771.3
1980-04-17,768.9
1980-04-18,763.4
1980-04-21,759.1
1980-04-22,789.9
1980-04-23,789.3
1980-04-24,797.1
1980-04-25,803.6
1980-04-28,805.5
1980-04-29,811.1
1980-04-30,817.1
1980-05-01,808.8
1980-05-02,810.9
1980-05-05,816.3
1980-05-06,816.0
1980-05-07,821.3
1980-05-08,815.2
1980-05-09,805.8
1980-05-12,805.2
1980-05-13,816.9
1980-05-14,819.6
1980-05-15,822.5
1980-05-16,826.9
1980-05-19,830.9
1980-05-20,832.5
1980-05-21,831.1
1980-05-22,842.9
1980-05-23,854.1
1980-05-27,857.8
1980-05-28,860.3
1980-05-29,846.3
1980-05-30,850.9
1980-06-02,847.4
1980-06-03,843.8
1980-06-04,858.0
1980-06-05,858.7
1980-06-06,861.5
1980-06-09,860.7
1980-06-10,864.0
1980-06-11,872.7
1980-06-12,872.6
1980-06-13,876.4
1980-06-16,877.7
1980-06-17,879.3
1980-06-18,881.9
1980-06-19,870.9
1980-06-20,869.7
1980-06-23,873.8
1980-06-24,877.3
1980-06-25,887.5
1980-06-26,883.5
1980-06-27,881.8
1980-06-30,867.9
1980-07-01,872.3
1980-07-02,876.0
1980-07-03,888.9
1980-07-07,898.2
1980-07-08,897.4
1980-07-09,897.3
1980-07-10,885.9
1980-07-11,891.1
1980-07-14,905.6
1980-07-15,901.5
1980-07-16,904.4
1980-07-17,915.1
1980-07-18,924.0
1980-07-21,928.7
1980-07-22,927.3
1980-07-23,928.6
1980-07-24,926.1
1980-07-25,918.1
1980-07-28,925.4
1980-07-29,931.9
1980-07-30,936.2
1980-07-31,935.3
1980-08-01,931.5
1980-08-04,931.1
1980-08-05,929.8
1980-08-06,938.2
1980-08-07,950.9
1980-08-08,954.7
1980-08-11,964.1
1980-08-12,952.4
1980-08-13,949.2
1980-08-14,962.6
1980-08-15,966.7
1980-08-18,948.6
1980-08-19,939.9
1980-08-20,945.3
1980-08-21,955.0
1980-08-22,958.2
1980-08-25,956.2
1980-08-26,953.4
1980-08-27,943.1
1980-08-28,930.4
1980-08-29,932.6
1980-09-02,940.8
1980-09-03,953.2
1980-09-04,948.8
1980-09-05,941.0
1980-09-08,928.6
1980-09-09,934.7
1980-09-10,938.5
1980-09-11,941.3
1980-09-12,936.5
1980-09-15,937.6
1980-09-16,945.9
1980-09-17,961.3
1980-09-18,956.5
1980-09-19,963.7
1980-09-22,974.6
1980-09-23,962.0
1980-09-24,964.8
1980-09-25,956.0
1980-09-26,940.1
1980-09-29,921.9
1980-09-30,932.4
1980-10-01,939.4
1980-10-02,942.2
1980-10-03,950.7
1980-10-06,965.7
1980-10-07,960.7
1980-10-08,964.0
1980-10-09,959.0
1980-10-10,950.7
1980-10-13,959.9
1980-10-14,962.2
1980-10-15,972.4
1980-10-16,958.7
1980-10-17,956.1
1980-10-20,960.8
1980-10-21,954.4
1980-10-22,955.1
1980-10-23,939.5
1980-10-24,943.6
1980-10-27,931.7
1980-10-28,932.6
1980-10-29,929.2
1980-10-30,917.8
1980-10-31,924.5
1980-11-03,937.2
1980-11-05,953.2
1980-11-06,935.4
1980-11-07,932.4
1980-11-10,933.8
1980-11-11,944.0
1980-11-12,964.9
1980-11-13,982.4
1980-11-14,986.4
1980-11-17,986.3
1980-11-18,998.0
1980-11-19,991.0
1980-11-20,1000.2
1980-11-21,989.9
1980-11-24,978.8
1980-11-25,982.7
1980-11-26,989.7
1980-11-28,993.3
1980-12-01,969.5
1980-12-02,974.4
1980-12-03,972.3
1980-12-04,970.5
1980-12-05,956.2
1980-12-08,933.7
1980-12-09,934.0
1980-12-10,916.2
1980-12-11,908.5
1980-12-12,917.2
1980-12-15,911.6
1980-12-16,918.1
1980-12-17,928.5
1980-12-18,930.2
1980-12-19,937.2
1980-12-22,958.8
1980-12-23,958.3
1980-12-24,963.1
1980-12-26,966.4
1980-12-29,960.6
1980-12-30,962.0
1980-12-31,964.0
1981-01-02,972.8
1981-01-05,992.7
1981-01-06,1004.7
1981-01-07,980.9
1981-01-08,965.7
1981-01-09,968.7
1981-01-12,968.8
1981-01-13,965.1
1981-01-14,966.5
1981-01-15,970.0
1981-01-16,973.3
1981-01-19,971.0
1981-01-20,950.7
1981-01-21,946.3
1981-01-22,940.4
1981-01-23,940.2
1981-01-26,938.9
1981-01-27,949.5
1981-01-28,942.6
1981-01-29,948.9
1981-01-30,947.3
1981-02-02,932.3
1981-02-03,941.4
1981-02-04,942.0
1981-02-05,946.8
1981-02-06,952.3
1981-02-09,947.2
1981-02-10,948.6
1981-02-11,942.5
1981-02-12,936.6
1981-02-13,931.6
1981-02-17,939.7
1981-02-18,947.1
1981-02-19,933.4
1981-02-20,936.1
1981-02-23,945.2
1981-02-24,946.1
1981-02-25,954.4
1981-02-26,966.8
1981-02-27,974.6
1981-03-02,978.0
1981-03-03,966.0
1981-03-04,971.4
1981-03-05,964.6
1981-03-06,964.6
1981-03-09,976.4
1981-03-10,972.7
1981-03-11,967.7
1981-03-12,989.8
1981-03-13,985.8
1981-03-16,1002.8
1981-03-17,992.5
1981-03-18,994.1
1981-03-19,986.6
1981-03-20,992.8
1981-03-23,1004.2
1981-03-24,996.1
1981-03-25,1015.2
1981-03-26,1005.8
1981-03-27,994.8
1981-03-30,992.2
1981-03-31,1003.9
1981-04-01,1014.1
1981-04-02,1009.0
1981-04-03,1007.1
1981-04-06,994.2
1981-04-07,992.9
1981-04-08,993.4
1981-04-09,998.8
1981-04-10,1000.3
1981-04-13,993.2
1981-04-14,989.1
1981-04-15,1001.7
1981-04-16,1005.6
1981-04-20,1015.9
1981-04-21,1005.9
1981-04-22,1007.0
1981-04-23,1010.3
1981-04-24,1020.4
1981-04-27,1024.1
1981-04-28,1016.9
1981-04-29,1004.3
1981-04-30,997.8
1981-05-01,995.6
1981-05-04,979.1
1981-05-05,972.4
1981-05-06,973.3
1981-05-07,978.4
1981-05-08,976.4
1981-05-11,963.4
1981-05-12,970.8
1981-05-13,967.8
1981-05-14,973.1
1981-05-15,986.0
1981-05-18,985.8
1981-05-19,980.0
1981-05-20,976.9
1981-05-21,976.6
1981-05-22,971.7
1981-05-26,984.0
1981-05-27,993.1
1981-05-28,994.3
1981-05-29,991.8
1981-06-01,998.0
1981-06-02,987.5
1981-06-03,989.7
1981-06-04,986.7
1981-06-05,993.8
1981-06-08,995.6
1981-06-09,994.4
1981-06-10,993.9
1981-06-11,1007.4
1981-06-12,1006.3
1981-06-15,1012.0
1981-06-16,1003.3
1981-06-17,1006.6
1981-06-18,995.2
1981-06-19,996.2
1981-06-22,994.2
1981-06-23,1006.7
1981-06-24,999.3
1981-06-25,996.8
1981-06-26,992.9
1981-06-29,984.6
1981-06-30,976.9
1981-07-01,967.7
1981-07-02,959.2
1981-07-06,949.3
1981-07-07,954.2
1981-07-08,953.5
1981-07-09,959.0
1981-07-10,955.7
1981-07-13,954.3
1981-07-14,948.3
1981-07-15,954.2
1981-07-16,955.5
1981-07-17,958.9
1981-07-20,940.5
1981-07-21,934.5
1981-07-22,924.7
1981-07-23,928.6
1981-07-24,936.7
1981-07-27,945.9
1981-07-28,939.4
1981-07-29,937.4
1981-07-30,945.1
1981-07-31,952.3
1981-08-03,946.3
1981-08-04,946.0
1981-08-05,953.6
1981-08-06,952.9
1981-08-07,942.5
1981-08-10,943.7
1981-08-11,949.3
1981-08-12,945.2
1981-08-13,944.4
1981-08-14,936.9
1981-08-17,926.8
1981-08-18,924.4
1981-08-19,926.5
1981-08-20,928.4
1981-08-21,920.6
1981-08-24,900.1
1981-08-25,901.8
1981-08-26,899.3
1981-08-27,889.1
1981-08-28,892.2
1981-08-31,881.5
1981-09-01,882.7
1981-09-02,884.2
1981-09-03,867.0
1981-09-04,861.7
1981-09-08,851.1
1981-09-09,853.9
1981-09-10,862.4
1981-09-11,872.8
1981-09-14,866.2
1981-09-15,858.4
1981-09-16,851.6
1981-09-17,840.1
1981-09-18,836.2
1981-09-21,846.6
1981-09-22,845.7
1981-09-23,840.9
1981-09-24,835.1
1981-09-25,824.0
1981-09-28,842.6
1981-09-29,847.9
1981-09-30,850.0
1981-10-01,852.3
1981-10-02,860.7
1981-10-05,859.9
1981-10-06,856.3
1981-10-07,868.7
1981-10-08,878.1
1981-10-09,873.0
1981-10-12,869.5
1981-10-13,865.6
1981-10-14,850.7
1981-10-15,856.3
1981-10-16,851.7
1981-10-19,847.1
1981-10-20,851.9
1981-10-21,851.0
1981-10-22,848.3
1981-10-23,838.0
1981-10-26,831.0
1981-10-27,838.4
1981-10-28,837.6
1981-10-29,833.0
1981-10-30,852.6
1981-11-02,866.8
1981-11-03,868.7
1981-11-04,866.8
1981-11-05,859.1
1981-11-06,852.5
1981-11-09,855.2
1981-11-10,854.0
1981-11-11,857.1
1981-11-12,860.5
1981-11-13,855.9
1981-11-16,845.0
1981-11-17,850.2
1981-11-18,844.1
1981-11-19,844.8
1981-11-20,852.9
1981-11-23,851.8
1981-11-24,870.2
1981-11-25,878.1
1981-11-27,885.9
1981-11-30,889.0
1981-12-01,890.2
1981-12-02,882.6
1981-12-03,883.9
1981-12-04,892.7
1981-12-07,887.0
1981-12-08,881.8
1981-12-09,888.2
1981-12-10,892.0
1981-12-11,886.5
1981-12-14,871.5
1981-12-15,876.0
1981-12-16,868.7
1981-12-17,870.5
1981-12-18,875.8
1981-12-21,873.1
1981-12-22,872.0
1981-12-23,869.7
1981-12-24,873.4
1981-12-28,870.3
1981-12-29,868.3
1981-12-30,873.1
1981-12-31,875.0
1982-01-04,882.5
1982-01-05,865.3
1982-01-06,861.0
1982-01-07,861.8
1982-01-08,866.5
1982-01-11,850.5
1982-01-12,847.7
1982-01-13,839.0
1982-01-14,842.3
1982-01-15,847.6
1982-01-18,855.1
1982-01-19,847.4
1982-01-20,845.9
1982-01-21,848.3
1982-01-22,845.0
1982-01-25,842.8
1982-01-26,841.5
1982-01-27,842.7
1982-01-28,864.3
1982-01-29,871.1
1982-02-01,851.7
1982-02-02,852.6
1982-02-03,845.0
1982-02-04,847.0
1982-02-05,851.0
1982-02-08,833.4
1982-02-09,830.6
1982-02-10,836.7
1982-02-11,834.7
1982-02-12,833.8
1982-02-16,831.3
1982-02-17,827.6
1982-02-18,829.0
1982-02-19,824.3
1982-02-22,811.3
1982-02-23,813.0
1982-02-24,826.8
1982-02-25,825.8
1982-02-26,824.4
1982-03-01,828.4
1982-03-02,825.8
1982-03-03,815.2
1982-03-04,807.6
1982-03-05,807.4
1982-03-08,795.5
1982-03-09,803.8
1982-03-10,804.9
1982-03-11,805.6
1982-03-12,797.4
1982-03-15,801.0
1982-03-16,798.3
1982-03-17,795.9
1982-03-18,805.3
1982-03-19,805.7
1982-03-22,819.5
1982-03-23,826.7
1982-03-24,823.3
1982-03-25,827.6
1982-03-26,817.9
1982-03-29,823.8
1982-03-30,824.5
1982-03-31,822.8
1982-04-01,833.2
1982-04-02,838.6
1982-04-05,835.3
1982-04-06,839.3
1982-04-07,836.4
1982-04-08,842.9
1982-04-12,841.3
1982-04-13,841.0
1982-04-14,838.1
1982-04-15,839.6
1982-04-16,843.4
1982-04-19,846.1
1982-04-20,840.6
1982-04-21,843.4
1982-04-22,853.1
1982-04-23,862.2
1982-04-26,865.6
1982-04-27,857.5
1982-04-28,852.6
1982-04-29,844.9
1982-04-30,848.4
1982-05-03,849.0
1982-05-04,854.5
1982-05-05,854.5
1982-05-06,863.2
1982-05-07,869.2
1982-05-10,860.9
1982-05-11,865.9
1982-05-12,865.8
1982-05-13,859.1
1982-05-14,857.8
1982-05-17,845.3
1982-05-18,840.9
1982-05-19,835.9
1982-05-20,832.5
1982-05-21,835.9
1982-05-24,836.4
1982-05-25,834.6
1982-05-26,828.8
1982-05-27,825.0
1982-05-28,819.5
1982-06-01,815.0
1982-06-02,816.9
1982-06-03,816.5
1982-06-04,805.0
1982-06-07,804.0
1982-06-08,802.2
1982-06-09,795.6
1982-06-10,798.7
1982-06-11,809.7
1982-06-14,801.9
1982-06-15,801.3
1982-06-16,796.9
1982-06-17,791.5
1982-06-18,788.6
1982-06-21,790.0
1982-06-22,799.7
1982-06-23,813.2
1982-06-24,810.4
1982-06-25,803.1
1982-06-28,811.9
1982-06-29,812.2
1982-06-30,811.9
1982-07-01,803.3
1982-07-02,797.0
1982-07-06,798.9
1982-07-07,799.7
1982-07-08,805.0
1982-07-09,814.1
1982-07-12,824.9
1982-07-13,824.2
1982-07-14,828.4
1982-07-15,827.3
1982-07-16,828.7
1982-07-19,826.1
1982-07-20,833.4
1982-07-21,832.2
1982-07-22,832.0
1982-07-23,830.6
1982-07-26,825.4
1982-07-27,822.8
1982-07-28,811.8
1982-07-29,812.2
1982-07-30,808.6
1982-08-02,822.1
1982-08-03,816.4
1982-08-04,803.5
1982-08-05,795.9
1982-08-06,784.3
1982-08-09,780.4
1982-08-10,779.3
1982-08-11,777.2
1982-08-12,776.9
1982-08-13,788.1
1982-08-16,792.4
1982-08-17,831.2
1982-08-18,829.4
1982-08-19,838.6
1982-08-20,869.3
1982-08-23,891.2
1982-08-24,874.9
1982-08-25,884.9
1982-08-26,892.4
1982-08-27,883.5
1982-08-30,893.3
1982-08-31,901.3
1982-09-01,895.1
1982-09-02,909.4
1982-09-03,925.1
1982-09-07,914.3
1982-09-08,915.8
1982-09-09,912.5
1982-09-10,906.8
1982-09-13,918.7
1982-09-14,923.0
1982-09-15,930.5
1982-09-16,927.8
1982-09-17,916.9
1982-09-20,916.3
1982-09-21,934.8
1982-09-22,927.6
1982-09-23,925.8
1982-09-24,919.5
1982-09-27,920.9
1982-09-28,919.3
1982-09-29,906.3
1982-09-30,896.3
1982-10-01,907.7
1982-10-04,903.6
1982-10-05,907.2
1982-10-06,944.3
1982-10-07,966.0
1982-10-08,986.9
1982-10-11,1012.8
1982-10-12,1003.7
1982-10-13,1015.2
1982-10-14,996.9
1982-10-15,993.1
1982-10-18,1019.2
1982-10-19,1013.8
1982-10-20,1034.1
1982-10-21,1037.0
1982-10-22,1031.5
1982-10-25,995.1
1982-10-26,1006.1
1982-10-27,1006.4
1982-10-28,991.0
1982-10-29,991.7
1982-11-01,1005.7
1982-11-02,1022.1
1982-11-03,1065.5
1982-11-04,1050.2
1982-11-05,1051.8
1982-11-08,1037.4
1982-11-09,1060.3
1982-11-10,1044.5
1982-11-11,1054.7
1982-11-12,1039.9
1982-11-15,1021.4
1982-11-16,1008.0
1982-11-17,1027.5
1982-11-18,1032.1
1982-11-19,1021.3
1982-11-22,1000.0
1982-11-23,991.0
1982-11-24,1000.0
1982-11-26,1007.4
1982-11-29,1002.9
1982-11-30,1039.3
1982-12-01,1031.1
1982-12-02,1033.1
1982-12-03,1031.4
1982-12-06,1055.7
1982-12-07,1056.9
1982-12-08,1047.1
1982-12-09,1028.0
1982-12-10,1018.8
1982-12-13,1024.3
1982-12-14,1009.4
1982-12-15,992.6
1982-12-16,990.3
1982-12-17,1011.5
1982-12-20,1004.5
1982-12-21,1030.3
1982-12-22,1035.0
1982-12-23,1045.1
1982-12-27,1070.6
1982-12-28,1058.9
1982-12-29,1059.6
1982-12-30,1047.4
1982-12-31,1046.5
1983-01-03,1027.0
1983-01-04,1046.1
1983-01-05,1044.9
1983-01-06,1070.9
1983-01-07,1076.1
1983-01-10,1092.4
1983-01-11,1083.8
1983-01-12,1083.6
1983-01-13,1074.0
1983-01-14,1080.9
1983-01-17,1084.8
1983-01-18,1079.7
1983-01-19,1068.1
1983-01-20,1070.8
1983-01-21,1053.0
1983-01-24,1030.2
1983-01-25,1042.0
1983-01-26,1038.0
1983-01-27,1063.7
1983-01-28,1064.8
1983-01-31,1075.7
1983-02-01,1059.8
1983-02-02,1062.6
1983-02-03,1064.7
1983-02-04,1077.9
1983-02-07,1087.1
1983-02-08,1075.3
1983-02-09,1067.4
1983-02-10,1087.8
1983-02-11,1086.5
1983-02-14,1097.1
1983-02-15,1093.1
1983-02-16,1087.4
1983-02-17,1088.9
1983-02-18,1092.8
1983-02-22,1080.4
1983-02-23,1096.9
1983-02-24,1121.8
1983-02-25,1120.9
1983-02-28,1112.2
1983-03-01,1130.7
1983-03-02,1135.1
1983-03-03,1138.1
1983-03-04,1141.0
1983-03-07,1141.7
1983-03-08,1119.8
1983-03-09,1132.6
1983-03-10,1120.9
1983-03-11,1117.7
1983-03-14,1114.5
1983-03-15,1124.5
1983-03-16,1116.0
1983-03-17,1117.0
1983-03-18,1117.7
1983-03-21,1125.3
1983-03-22,1123.0
1983-03-23,1140.9
1983-03-24,1145.9
1983-03-25,1140.1
1983-03-28,1133.3
1983-03-29,1131.2
1983-03-30,1143.3
1983-03-31,1130.0
1983-04-04,1127.6
1983-04-05,1120.2
1983-04-06,1113.5
1983-04-07,1117.7
1983-04-08,1124.7
1983-04-11,1141.8
1983-04-12,1145.3
1983-04-13,1156.6
1983-04-14,1165.3
1983-04-15,1171.3
1983-04-18,1183.2
1983-04-19,1174.5
1983-04-20,1191.5
1983-04-21,1188.3
1983-04-22,1196.3
1983-04-25,1187.2
1983-04-26,1209.5
1983-04-27,1208.4
1983-04-28,1219.5
1983-04-29,1226.2
1983-05-02,1204.3
1983-05-03,1208.0
1983-05-04,1212.7
1983-05-05,1219.7
1983-05-06,1232.6
1983-05-09,1228.2
1983-05-10,1229.7
1983-05-11,1219.7
1983-05-12,1214.4
1983-05-13,1218.8
1983-05-16,1203.0
1983-05-17,1205.8
1983-05-18,1203.6
1983-05-19,1191.4
1983-05-20,1190.0
1983-05-23,1200.6
1983-05-24,1219.0
1983-05-25,1229.0
1983-05-26,1223.5
1983-05-27,1216.1
1983-05-31,1200.0
1983-06-01,1202.2
1983-06-02,1211.4
1983-06-03,1213.0
1983-06-06,1214.2
1983-06-07,1194.9
1983-06-08,1185.5
1983-06-09,1189.0
1983-06-10,1196.1
1983-06-13,1220.6
1983-06-14,1227.3
1983-06-15,1237.3
1983-06-16,1248.3
1983-06-17,1242.2
1983-06-20,1239.2
1983-06-21,1247.4
1983-06-22,1245.7
1983-06-23,1241.8
1983-06-24,1241.7
1983-06-27,1229.5
1983-06-28,1209.2
1983-06-29,1213.8
1983-06-30,1222.0
1983-07-01,1225.3
1983-07-05,1208.5
1983-07-06,1220.7
1983-07-07,1210.4
1983-07-08,1207.2
1983-07-11,1215.5
1983-07-12,1198.5
1983-07-13,1197.8
1983-07-14,1204.3
1983-07-15,1192.3
1983-07-18,1189.9
1983-07-19,1197.1
1983-07-20,1227.9
1983-07-21,1229.4
1983-07-22,1231.2
1983-07-25,1232.9
1983-07-26,1243.7
1983-07-27,1230.5
1983-07-28,1216.4
1983-07-29,1199.2
1983-08-01,1194.2
1983-08-02,1188.0
1983-08-03,1197.8
1983-08-04,1183.1
1983-08-05,1183.3
1983-08-08,1163.1
1983-08-09,1168.3
1983-08-10,1176.0
1983-08-11,1174.4
1983-08-12,1182.8
1983-08-15,1193.5
1983-08-16,1190.5
1983-08-17,1206.5
1983-08-18,1192.5
1983-08-19,1194.2
1983-08-22,1203.2
1983-08-23,1192.9
1983-08-24,1184.3
1983-08-25,1185.1
1983-08-26,1192.1
1983-08-29,1194.1
1983-08-30,1196.0
1983-08-31,1216.2
1983-09-01,1206.8
1983-09-02,1215.5
1983-09-06,1238.7
1983-09-07,1244.1
1983-09-08,1246.1
1983-09-09,1239.7
1983-09-12,1229.1
1983-09-13,1224.1
1983-09-14,1229.5
1983-09-15,1215.0
1983-09-16,1225.7
1983-09-19,1233.9
1983-09-20,1249.2
1983-09-21,1243.3
1983-09-22,1257.5
1983-09-23,1255.6
1983-09-26,1260.8
1983-09-27,1248.0
1983-09-28,1242.0
1983-09-29,1240.1
1983-09-30,1233.1
1983-10-03,1231.3
1983-10-04,1236.7
1983-10-05,1250.2
1983-10-06,1268.8
1983-10-07,1272.2
1983-10-10,1284.7
1983-10-11,1265.1
1983-10-12,1259.7
1983-10-13,1261.4
1983-10-14,1263.5
1983-10-17,1268.7
1983-10-18,1250.8
1983-10-19,1246.8
1983-10-20,1251.5
1983-10-21,1248.9
1983-10-24,1249.0
1983-10-25,1252.4
1983-10-26,1243.8
1983-10-27,1242.1
1983-10-28,1223.5
1983-10-31,1225.2
1983-11-01,1229.3
1983-11-02,1237.3
1983-11-03,1227.1
1983-11-04,1218.3
1983-11-07,1214.8
1983-11-08,1214.9
1983-11-09,1232.5
1983-11-10,1235.9
1983-11-11,1250.2
1983-11-14,1254.1
1983-11-15,1248.0
1983-11-16,1251.3
1983-11-17,1254.7
1983-11-18,1251.0
1983-11-21,1268.8
1983-11-22,1275.8
1983-11-23,1275.6
1983-11-25,1277.4
1983-11-28,1269.8
1983-11-29,1287.2
1983-11-30,1276.0
1983-12-01,1275.1
1983-12-02,1265.2
1983-12-05,1270.5
1983-12-06,1269.3
1983-12-07,1273.8
1983-12-08,1261.9
1983-12-09,1260.1
1983-12-12,1261.6
1983-12-13,1255.9
1983-12-14,1246.7
1983-12-15,1236.8
1983-12-16,1242.2
1983-12-19,1244.6
1983-12-20,1242.0
1983-12-21,1255.0
1983-12-22,1253.7
1983-12-23,1250.5
1983-12-27,1263.7
1983-12-28,1263.2
1983-12-29,1260.2
1983-12-30,1258.6
1984-01-03,1252.7
1984-01-04,1269.1
1984-01-05,1282.2
1984-01-06,1286.6
1984-01-09,1286.2
1984-01-10,1278.5
1984-01-11,1277.3
1984-01-12,1279.3
1984-01-13,1270.1
1984-01-16,1267.6
1984-01-17,1271.5
1984-01-18,1269.4
1984-01-19,1266.0
1984-01-20,1259.1
1984-01-23,1244.5
1984-01-24,1242.9
1984-01-25,1231.9
1984-01-26,1229.7
1984-01-27,1230.0
1984-01-30,1221.5
1984-01-31,1220.6
1984-02-01,1212.3
1984-02-02,1213.9
1984-02-03,1197.0
1984-02-06,1174.3
1984-02-07,1180.5
1984-02-08,1156.3
1984-02-09,1152.7
1984-02-10,1160.7
1984-02-13,1150.1
1984-02-14,1163.8
1984-02-15,1158.7
1984-02-16,1154.9
1984-02-17,1148.9
1984-02-21,1139.3
1984-02-22,1134.2
1984-02-23,1134.6
1984-02-24,1165.1
1984-02-27,1180.0
1984-02-28,1157.1
1984-02-29,1154.6
1984-03-01,1159.4
1984-03-02,1171.5
1984-03-05,1165.2
1984-03-06,1152.5
1984-03-07,1143.6
1984-03-08,1147.1
1984-03-09,1139.8
1984-03-12,1155.4
1984-03-13,1164.8
1984-03-14,1166.0
1984-03-15,1167.4
1984-03-16,1184.4
1984-03-19,1171.4
1984-03-20,1175.8
1984-03-21,1170.9
1984-03-22,1155.9
1984-03-23,1154.8
1984-03-26,1153.0
1984-03-27,1154.3
1984-03-28,1174.6
1984-03-29,1170.8
1984-03-30,1164.9
1984-04-02,1153.2
1984-04-03,1148.8
1984-04-04,1148.6
1984-04-05,1130.6
1984-04-06,1132.2
1984-04-09,1133.9
1984-04-10,1138.3
1984-04-11,1131.0
1984-04-12,1157.1
1984-04-13,1150.1
1984-04-16,1160.3
1984-04-17,1164.6
1984-04-18,1156.5
1984-04-19,1158.1
1984-04-23,1149.5
1984-04-24,1162.9
1984-04-25,1163.5
1984-04-26,1175.3
1984-04-27,1169.1
1984-04-30,1170.8
1984-05-01,1183.0
1984-05-02,1186.6
1984-05-03,1181.5
1984-05-04,1165.3
1984-05-07,1166.6
1984-05-08,1176.3
1984-05-09,1165.5
1984-05-10,1167.2
1984-05-11,1157.1
1984-05-14,1151.1
1984-05-15,1150.9
1984-05-16,1153.2
1984-05-17,1142.3
1984-05-18,1133.8
1984-05-21,1125.3
1984-05-22,1116.6
1984-05-23,1113.8
1984-05-24,1103.4
1984-05-25,1107.1
1984-05-29,1101.2
1984-05-30,1102.6
1984-05-31,1104.9
1984-06-01,1124.4
1984-06-04,1131.6
1984-06-05,1124.9
1984-06-06,1133.8
1984-06-07,1132.4
1984-06-08,1131.3
1984-06-11,1115.6
1984-06-12,1110.5
1984-06-13,1110.5
1984-06-14,1097.6
1984-06-15,1086.9
1984-06-18,1109.7
1984-06-19,1115.8
1984-06-20,1131.6
1984-06-21,1127.2
1984-06-22,1131.1
1984-06-25,1130.5
1984-06-26,1122.8
1984-06-27,1116.7
1984-06-28,1126.6
1984-06-29,1132.4
1984-07-02,1130.1
1984-07-03,1134.3
1984-07-05,1124.6
1984-07-06,1122.6
1984-07-09,1134.1
1984-07-10,1126.9
1984-07-11,1108.6
1984-07-12,1104.6
1984-07-13,1109.9
1984-07-16,1116.8
1984-07-17,1122.9
1984-07-18,1111.6
1984-07-19,1102.9
1984-07-20,1101.4
1984-07-23,1096.6
1984-07-24,1086.6
1984-07-25,1097.0
1984-07-26,1107.6
1984-07-27,1114.6
1984-07-30,1110.0
1984-07-31,1115.3
1984-08-01,1134.6
1984-08-02,1166.1
1984-08-03,1202.1
1984-08-06,1203.0
1984-08-07,1204.6
1984-08-08,1196.1
1984-08-09,1224.1
1984-08-10,1218.1
1984-08-13,1220.1
1984-08-14,1214.1
1984-08-15,1199.0
1984-08-16,1209.1
1984-08-17,1211.9
1984-08-20,1217.0
1984-08-21,1239.7
1984-08-22,1231.8
1984-08-23,1232.4
1984-08-24,1236.5
1984-08-27,1227.9
1984-08-28,1232.1
1984-08-29,1226.9
1984-08-30,1223.3
1984-08-31,1224.4
1984-09-04,1212.4
1984-09-05,1209.0
1984-09-06,1218.9
1984-09-07,1207.4
1984-09-10,1202.5
1984-09-11,1198.0
1984-09-12,1200.3
1984-09-13,1228.3
1984-09-14,1237.5
1984-09-17,1237.1
1984-09-18,1226.3
1984-09-19,1213.0
1984-09-20,1216.5
1984-09-21,1201.7
1984-09-24,1205.1
1984-09-25,1207.2
1984-09-26,1212.1
1984-09-27,1216.8
1984-09-28,1206.7
1984-10-01,1199.0
1984-10-02,1191.4
1984-10-03,1182.9
1984-10-04,1187.4
1984-10-05,1182.5
1984-10-08,1177.9
1984-10-09,1175.1
1984-10-10,1177.2
1984-10-11,1183.1
1984-10-12,1190.7
1984-10-15,1203.0
1984-10-16,1197.8
1984-10-17,1195.9
1984-10-18,1225.4
1984-10-19,1225.9
1984-10-22,1217.2
1984-10-23,1213.0
1984-10-24,1216.4
1984-10-25,1211.0
1984-10-26,1205.0
1984-10-29,1201.4
1984-10-30,1217.3
1984-10-31,1207.4
1984-11-01,1217.1
1984-11-02,1216.7
1984-11-05,1229.2
1984-11-06,1244.2
1984-11-07,1233.2
1984-11-08,1228.7
1984-11-09,1219.0
1984-11-12,1219.2
1984-11-13,1206.6
1984-11-14,1206.9
1984-11-15,1206.2
1984-11-16,1187.9
1984-11-19,1185.3
1984-11-20,1195.1
1984-11-21,1201.5
1984-11-23,1220.3
1984-11-26,1212.4
1984-11-27,1220.2
1984-11-28,1205.4
1984-11-29,1193.5
1984-11-30,1188.9
1984-12-03,1182.4
1984-12-04,1185.1
1984-12-05,1171.6
1984-12-06,1170.5
1984-12-07,1163.2
1984-12-10,1172.3
1984-12-11,1178.3
1984-12-12,1175.1
1984-12-13,1168.8
1984-12-14,1175.9
1984-12-17,1176.8
1984-12-18,1211.6
1984-12-19,1208.0
1984-12-20,1203.3
1984-12-21,1199.0
1984-12-24,1210.1
1984-12-26,1208.9
1984-12-27,1202.5
1984-12-28,1204.2
1984-12-31,1211.6
1985-01-02,1198.9
1985-01-03,1189.8
1985-01-04,1185.0
1985-01-07,1190.6
1985-01-08,1191.7
1985-01-09,1202.7
1985-01-10,1223.5
1985-01-11,1218.1
1985-01-14,1234.5
1985-01-15,1230.8
1985-01-16,1230.7
1985-01-17,1228.7
1985-01-18,1227.4
1985-01-21,1261.4
1985-01-22,1259.5
1985-01-23,1274.7
1985-01-24,1270.4
1985-01-25,1276.1
1985-01-28,1277.8
1985-01-29,1292.6
1985-01-30,1287.9
1985-01-31,1286.8
1985-02-01,1277.7
1985-02-04,1290.1
1985-02-05,1285.2
1985-02-06,1280.6
1985-02-07,1290.1
1985-02-08,1290.0
1985-02-11,1276.1
1985-02-12,1276.6
1985-02-13,1297.9
1985-02-14,1287.9
1985-02-15,1282.0
1985-02-19,1280.6
1985-02-20,1283.1
1985-02-21,1279.0
1985-02-22,1275.8
1985-02-25,1277.5
1985-02-26,1286.1
1985-02-27,1281.0
1985-02-28,1284.0
1985-03-01,1299.4
1985-03-04,1289.5
1985-03-05,1291.9
1985-03-06,1280.4
1985-03-07,1271.5
1985-03-08,1269.7
1985-03-11,1268.6
1985-03-12,1271.8
1985-03-13,1261.7
1985-03-14,1260.1
1985-03-15,1247.4
1985-03-18,1249.7
1985-03-19,1271.1
1985-03-20,1265.2
1985-03-21,1268.2
1985-03-22,1267.5
1985-03-25,1259.9
1985-03-26,1259.7
1985-03-27,1264.9
1985-03-28,1260.7
1985-03-29,1266.8
1985-04-01,1272.8
1985-04-02,1265.7
1985-04-03,1258.1
1985-04-04,1259.1
1985-04-08,1253.0
1985-04-09,1253.9
1985-04-10,1259.9
1985-04-11,1263.7
1985-04-12,1265.7
1985-04-15,1266.8
1985-04-16,1269.6
1985-04-17,1272.3
1985-04-18,1265.1
1985-04-19,1266.6
1985-04-22,1266.6
1985-04-23,1278.7
1985-04-24,1278.5
1985-04-25,1284.8
1985-04-26,1275.2
1985-04-29,1259.7
1985-04-30,1258.1
1985-05-01,1242.1
1985-05-02,1242.3
1985-05-03,1247.2
1985-05-06,1247.8
1985-05-07,1252.8
1985-05-08,1249.8
1985-05-09,1260.3
1985-05-10,1274.2
1985-05-13,1277.5
1985-05-14,1273.3
1985-05-15,1273.5
1985-05-16,1278.1
1985-05-17,1285.3
1985-05-20,1304.9
1985-05-21,1309.7
1985-05-22,1303.8
1985-05-23,1296.7
1985-05-24,1302.0
1985-05-28,1301.5
1985-05-29,1303.0
1985-05-30,1305.8
1985-05-31,1315.4
1985-06-03,1310.9
1985-06-04,1315.3
1985-06-05,1320.6
1985-06-06,1327.3
1985-06-07,1316.4
1985-06-10,1318.4
1985-06-11,1313.8
1985-06-12,1306.3
1985-06-13,1290.1
1985-06-14,1301.0
1985-06-17,1298.4
1985-06-18,1304.8
1985-06-19,1297.4
1985-06-20,1299.7
1985-06-21,1324.5
1985-06-24,1320.6
1985-06-25,1323.0
1985-06-26,1323.8
1985-06-27,1332.2
1985-06-28,1335.5
1985-07-01,1337.1
1985-07-02,1334.0
1985-07-03,1326.4
1985-07-05,1334.5
1985-07-08,1328.4
1985-07-09,1321.9
1985-07-10,1332.9
1985-07-11,1337.7
1985-07-12,1338.6
1985-07-15,1335.5
1985-07-16,1347.9
1985-07-17,1358.0
1985-07-18,1350.9
1985-07-19,1359.5
1985-07-22,1357.6
1985-07-23,1351.8
1985-07-24,1348.9
1985-07-25,1353.6
1985-07-26,1357.1
1985-07-29,1343.9
1985-07-30,1346.1
1985-07-31,1347.5
1985-08-01,1355.6
1985-08-02,1353.1
1985-08-05,1346.9
1985-08-06,1325.2
1985-08-07,1325.0
1985-08-08,1329.9
1985-08-09,1320.8
1985-08-12,1314.3
1985-08-13,1315.3
1985-08-14,1317.0
1985-08-15,1317.8
1985-08-16,1312.7
1985-08-19,1312.5
1985-08-20,1323.7
1985-08-21,1329.5
1985-08-22,1318.1
1985-08-23,1318.3
1985-08-26,1317.7
1985-08-27,1322.5
1985-08-28,1331.1
1985-08-29,1335.1
1985-08-30,1334.0
1985-09-03,1329.2
1985-09-04,1326.7
1985-09-05,1325.8
1985-09-06,1335.7
1985-09-09,1339.3
1985-09-10,1333.5
1985-09-11,1319.4
1985-09-12,1312.4
1985-09-13,1307.7
1985-09-16,1309.1
1985-09-17,1298.2
1985-09-18,1300.4
1985-09-19,1306.8
1985-09-20,1297.9
1985-09-23,1316.3
1985-09-24,1321.1
1985-09-25,1312.1
1985-09-26,1320.8
1985-09-30,1328.6
1985-10-01,1341.0
1985-10-02,1333.7
1985-10-03,1333.1
1985-10-04,1328.7
1985-10-07,1324.4
1985-10-08,1325.5
1985-10-09,1326.7
1985-10-10,1328.1
1985-10-11,1339.9
1985-10-14,1354.7
1985-10-15,1350.8
1985-10-16,1368.5
1985-10-17,1369.3
1985-10-18,1368.8
1985-10-21,1364.1
1985-10-22,1364.4
1985-10-23,1367.2
1985-10-24,1362.3
1985-10-25,1356.5
1985-10-28,1360.0
1985-10-29,1368.7
1985-10-30,1375.6
1985-10-31,1374.3
1985-11-01,1390.3
1985-11-04,1389.7
1985-11-05,1396.7
1985-11-06,1403.4
1985-11-07,1399.5
1985-11-08,1404.4
1985-11-11,1431.9
1985-11-12,1433.6
1985-11-13,1427.8
1985-11-14,1439.2
1985-11-15,1435.1
1985-11-18,1440.0
1985-11-19,1439.0
1985-11-20,1439.2
1985-11-21,1462.3
1985-11-22,1464.3
1985-11-25,1456.7
1985-11-26,1456.8
1985-11-27,1475.7
1985-11-29,1472.1
1985-12-02,1457.9
1985-12-03,1459.1
1985-12-04,1484.4
1985-12-05,1482.9
1985-12-06,1477.2
1985-12-09,1497.0
1985-12-10,1499.2
1985-12-11,1511.7
1985-12-12,1511.2
1985-12-13,1535.2
1985-12-16,1553.1
1985-12-17,1544.5
1985-12-18,1542.4
1985-12-19,1543.9
1985-12-20,1543.0
1985-12-23,1528.8
1985-12-24,1519.2
1985-12-26,1526.5
1985-12-27,1543.0
1985-12-30,1550.5
1985-12-31,1546.7
1986-01-02,1537.7
1986-01-03,1549.2
1986-01-06,1547.6
1986-01-07,1565.7
1986-01-08,1526.6
1986-01-09,1518.2
1986-01-10,1513.5
1986-01-13,1520.5
1986-01-14,1519.0
1986-01-15,1527.3
1986-01-16,1541.6
1986-01-17,1536.7
1986-01-20,1529.1
1986-01-21,1514.5
1986-01-22,1502.3
1986-01-23,1511.2
1986-01-24,1529.9
1986-01-27,1537.6
1986-01-28,1556.4
1986-01-29,1558.9
1986-01-30,1552.2
1986-01-31,1571.0
1986-02-03,1594.3
1986-02-04,1593.2
1986-02-05,1593.1
1986-02-06,1600.7
1986-02-07,1613.4
1986-02-10,1626.4
1986-02-11,1622.8
1986-02-12,1629.9
1986-02-13,1645.1
1986-02-14,1664.5
1986-02-18,1678.8
1986-02-19,1658.3
1986-02-20,1672.8
1986-02-21,1697.7
1986-02-24,1698.3
1986-02-25,1692.7
1986-02-26,1696.9
1986-02-27,1714.0
1986-02-28,1709.1
1986-03-03,1696.7
1986-03-04,1686.4
1986-03-05,1686.7
1986-03-06,1696.6
1986-03-07,1699.8
1986-03-10,1703.0
1986-03-11,1746.1
1986-03-12,1745.5
1986-03-13,1753.7
1986-03-14,1792.7
1986-03-17,1776.9
1986-03-18,1789.9
1986-03-19,1788.0
1986-03-20,1804.2
1986-03-21,1768.6
1986-03-24,1782.9
1986-03-25,1778.5
1986-03-26,1810.7
1986-03-27,1821.7
1986-03-31,1818.6
1986-04-01,1790.1
1986-04-02,1795.3
1986-04-03,1766.4
1986-04-04,1739.2
1986-04-07,1735.5
1986-04-08,1769.8
1986-04-09,1778.6
1986-04-10,1794.3
1986-04-11,1790.2
1986-04-14,1805.3
1986-04-15,1809.7
1986-04-16,1848.0
1986-04-17,1855.0
1986-04-18,1840.4
1986-04-21,1855.9
1986-04-22,1831.0
1986-04-23,1829.6
1986-04-24,1831.7
1986-04-25,1835.6
1986-04-28,1843.8
1986-04-29,1825.9
1986-04-30,1784.0
1986-05-01,1777.8
1986-05-02,1774.7
1986-05-05,1793.8
1986-05-06,1788.0
1986-05-07,1775.3
1986-05-08,1786.2
1986-05-09,1789.4
1986-05-12,1787.3
1986-05-13,1785.3
1986-05-14,1808.3
1986-05-15,1774.7
1986-05-16,1759.8
1986-05-19,1758.2
1986-05-20,1784.0
1986-05-21,1775.2
1986-05-22,1806.3
1986-05-23,1823.3
1986-05-27,1853.0
1986-05-28,1878.3
1986-05-29,1882.4
1986-05-30,1876.7
1986-06-02,1862.0
1986-06-03,1870.4
1986-06-04,1863.3
1986-06-05,1879.4
1986-06-06,1885.9
1986-06-09,1840.2
1986-06-10,1837.2
1986-06-11,1846.1
1986-06-12,1838.1
1986-06-13,1874.2
1986-06-16,1871.8
1986-06-17,1865.8
1986-06-18,1868.9
1986-06-19,1855.9
1986-06-20,1879.5
1986-06-23,1864.3
1986-06-24,1875.6
1986-06-25,1885.1
1986-06-26,1880.2
1986-06-27,1885.3
1986-06-30,1892.7
1986-07-01,1903.5
1986-07-02,1909.0
1986-07-03,1900.9
1986-07-07,1838.9
1986-07-08,1820.7
1986-07-09,1826.1
1986-07-10,1831.8
1986-07-11,1821.4
1986-07-14,1793.5
1986-07-15,1768.7
1986-07-16,1774.2
1986-07-17,1781.8
1986-07-18,1778.0
1986-07-21,1779.1
1986-07-22,1795.1
1986-07-23,1798.4
1986-07-24,1791.6
1986-07-25,1810.0
1986-07-28,1773.9
1986-07-29,1766.9
1986-07-30,1779.4
1986-07-31,1775.3
1986-08-01,1763.6
1986-08-04,1770.0
1986-08-05,1777.0
1986-08-06,1779.5
1986-08-07,1786.3
1986-08-08,1782.6
1986-08-11,1811.2
1986-08-12,1835.5
1986-08-13,1844.5
1986-08-14,1844.9
1986-08-15,1855.6
1986-08-18,1869.5
1986-08-19,1862.9
1986-08-20,1881.3
1986-08-21,1881.2
1986-08-22,1887.8
1986-08-25,1871.8
1986-08-26,1904.3
1986-08-27,1904.5
1986-08-28,1900.2
1986-08-29,1898.3
1986-09-02,1870.4
1986-09-03,1881.3
1986-09-04,1919.7
1986-09-05,1899.8
1986-09-08,1888.6
1986-09-09,1884.1
1986-09-10,1879.5
1986-09-11,1792.9
1986-09-12,1758.7
1986-09-15,1767.6
1986-09-16,1778.5
1986-09-17,1769.4
1986-09-18,1774.2
1986-09-19,1762.7
1986-09-22,1793.5
1986-09-23,1797.8
1986-09-24,1803.3
1986-09-25,1768.6
1986-09-26,1769.7
1986-09-29,1755.2
1986-09-30,1767.6
1986-10-01,1782.9
1986-10-02,1781.2
1986-10-03,1774.2
1986-10-06,1784.5
1986-10-07,1784.5
1986-10-08,1803.9
1986-10-09,1796.8
1986-10-10,1793.2
1986-10-13,1798.4
1986-10-14,1800.2
1986-10-15,1831.7
1986-10-16,1836.2
1986-10-17,1837.0
1986-10-20,1811.0
1986-10-21,1805.7
1986-10-22,1808.4
1986-10-23,1834.9
1986-10-24,1832.4
1986-10-27,1841.8
1986-10-28,1845.5
1986-10-29,1851.8
1986-10-30,1878.4
1986-10-31,1877.7
1986-11-03,1894.3
1986-11-04,1892.4
1986-11-05,1899.0
1986-11-06,1891.6
1986-11-07,1886.5
1986-11-10,1892.3
1986-11-11,1896.0
1986-11-12,1893.7
1986-11-13,1862.2
1986-11-14,1873.6
1986-11-17,1860.5
1986-11-18,1817.2
1986-11-19,1826.6
1986-11-20,1860.7
1986-11-21,1893.6
1986-11-24,1906.1
1986-11-25,1912.1
1986-11-26,1916.8
1986-11-28,1914.2
1986-12-01,1912.5
1986-12-02,1955.6
1986-12-03,1947.3
1986-12-04,1939.7
1986-12-05,1925.1
1986-12-08,1930.3
1986-12-09,1916.9
1986-12-10,1932.9
1986-12-11,1923.7
1986-12-12,1912.3
1986-12-15,1922.8
1986-12-16,1936.2
1986-12-17,1918.3
1986-12-18,1912.8
1986-12-19,1928.9
1986-12-22,1926.2
1986-12-23,1914.4
1986-12-24,1926.9
1986-12-26,1930.4
1986-12-29,1912.1
1986-12-30,1908.6
1986-12-31,1896.0
1987-01-02,1927.3
1987-01-05,1971.3
1987-01-06,1974.8
1987-01-07,1994.0
1987-01-08,2002.3
1987-01-09,2005.9
1987-01-12,2009.4
1987-01-13,2012.9
1987-01-14,2035.0
1987-01-15,2070.7
1987-01-16,2076.6
1987-01-19,2102.5
1987-01-20,2104.5
1987-01-21,2094.1
1987-01-22,2145.7
1987-01-23,2101.5
1987-01-26,2107.3
1987-01-27,2150.5
1987-01-28,2163.4
1987-01-29,2160.0
1987-01-30,2158.0
1987-02-02,2179.4
1987-02-03,2168.5
1987-02-04,2191.2
1987-02-05,2201.5
1987-02-06,2186.9
1987-02-09,2176.7
1987-02-10,2158.0
1987-02-11,2172.0
1987-02-12,2165.8
1987-02-13,2183.4
1987-02-17,2237.5
1987-02-18,2237.6
1987-02-19,2244.1
1987-02-20,2235.2
1987-02-23,2216.5
1987-02-24,2223.3
1987-02-25,2226.2
1987-02-26,2216.7
1987-02-27,2224.0
1987-03-02,2220.5
1987-03-03,2226.5
1987-03-04,2257.5
1987-03-05,2276.4
1987-03-06,2280.2
1987-03-09,2260.1
1987-03-10,2280.1
1987-03-11,2269.0
1987-03-12,2267.3
1987-03-13,2258.7
1987-03-16,2248.4
1987-03-17,2284.8
1987-03-18,2286.9
1987-03-19,2299.6
1987-03-20,2333.5
1987-03-23,2363.8
1987-03-24,2369.2
1987-03-25,2363.5
1987-03-26,2372.6
1987-03-27,2335.8
1987-03-30,2278.4
1987-03-31,2304.7
1987-04-01,2316.1
1987-04-02,2320.5
1987-04-03,2390.3
1987-04-06,2405.5
1987-04-07,2360.9
1987-04-08,2372.2
1987-04-09,2339.2
1987-04-10,2338.8
1987-04-13,2287.1
1987-04-14,2253.0
1987-04-15,2283.0
1987-04-16,2276.0
1987-04-20,2270.6
1987-04-21,2337.1
1987-04-22,2285.9
1987-04-23,2281.0
1987-04-24,2235.4
1987-04-27,2230.5
1987-04-28,2232.0
1987-04-29,2254.3
1987-04-30,2286.4
1987-05-01,2280.4
1987-05-04,2286.2
1987-05-05,2338.1
1987-05-06,2342.2
1987-05-07,2334.7
1987-05-08,2322.3
1987-05-11,2307.3
1987-05-12,2322.6
1987-05-13,2329.7
1987-05-14,2325.5
1987-05-15,2272.5
1987-05-18,2258.7
1987-05-19,2221.3
1987-05-20,2215.9
1987-05-21,2225.8
1987-05-22,2243.2
1987-05-26,2297.9
1987-05-27,2295.8
1987-05-28,2310.7
1987-05-29,2291.6
1987-06-01,2288.2
1987-06-02,2278.2
1987-06-03,2320.7
1987-06-04,2337.1
1987-06-05,2326.2
1987-06-08,2351.6
1987-06-09,2352.7
1987-06-10,2353.6
1987-06-11,2360.1
1987-06-12,2377.7
1987-06-15,2391.5
1987-06-16,2407.4
1987-06-17,2407.4
1987-06-18,2408.1
1987-06-19,2420.9
1987-06-22,2445.5
1987-06-23,2439.7
1987-06-24,2428.4
1987-06-25,2451.1
1987-06-26,2436.9
1987-06-29,2446.9
1987-06-30,2418.5
1987-07-01,2409.8
1987-07-02,2436.7
1987-07-06,2429.5
1987-07-07,2449.8
1987-07-08,2464.0
1987-07-09,2451.2
1987-07-10,2456.0
1987-07-13,2453.0
1987-07-14,2481.4
1987-07-15,2483.7
1987-07-16,2497.0
1987-07-17,2510.0
1987-07-20,2487.8
1987-07-21,2468.0
1987-07-22,2470.2
1987-07-23,2471.9
1987-07-24,2485.3
1987-07-27,2493.9
1987-07-28,2519.8
1987-07-29,2539.5
1987-07-30,2567.4
1987-07-31,2572.1
1987-08-03,2557.1
1987-08-04,2546.7
1987-08-05,2566.7
1987-08-06,2594.2
1987-08-07,2592.0
1987-08-10,2635.8
1987-08-11,2680.5
1987-08-12,2669.3
1987-08-13,2691.5
1987-08-14,2685.4
1987-08-17,2700.6
1987-08-18,2654.7
1987-08-19,2665.8
1987-08-20,2706.8
1987-08-21,2709.5
1987-08-24,2697.1
1987-08-25,2722.4
1987-08-26,2701.9
1987-08-27,2675.1
1987-08-28,2639.4
1987-08-31,2663.0
1987-09-01,2611.0
1987-09-02,2602.0
1987-09-03,2599.5
1987-09-04,2561.4
1987-09-08,2545.1
1987-09-09,2549.3
1987-09-10,2576.1
1987-09-11,2608.7
1987-09-14,2613.0
1987-09-15,2566.6
1987-09-16,2530.2
1987-09-17,2527.9
1987-09-18,2524.6
1987-09-21,2492.8
1987-09-22,2568.1
1987-09-23,2585.7
1987-09-24,2566.4
1987-09-25,2570.2
1987-09-28,2601.5
1987-09-29,2590.6
1987-09-30,2596.3
1987-10-01,2639.2
1987-10-02,2641.0
1987-10-05,2640.2
1987-10-06,2548.6
1987-10-07,2551.1
1987-10-08,2516.6
1987-10-09,2482.2
1987-10-12,2471.4
1987-10-13,2508.2
1987-10-14,2412.7
1987-10-15,2355.1
1987-10-16,2246.7
1987-10-19,1738.7
1987-10-20,1841.0
1987-10-21,2027.9
1987-10-22,1950.4
1987-10-23,1950.8
1987-10-26,1793.9
1987-10-27,1846.5
1987-10-28,1846.8
1987-10-29,1938.3
1987-10-30,1993.5
1987-11-02,2014.1
1987-11-03,1963.5
1987-11-04,1945.3
1987-11-05,1985.4
1987-11-06,1959.1
1987-11-09,1900.2
1987-11-10,1878.2
1987-11-11,1899.2
1987-11-12,1960.2
1987-11-13,1935.0
1987-11-16,1949.1
1987-11-17,1922.3
1987-11-18,1939.2
1987-11-19,1895.4
1987-11-20,1913.6
1987-11-23,1923.1
1987-11-24,1963.5
1987-11-25,1947.0
1987-11-27,1910.5
1987-11-30,1833.6
1987-12-01,1842.3
1987-12-02,1849.0
1987-12-03,1776.5
1987-12-04,1766.7
1987-12-07,1812.2
1987-12-08,1868.4
1987-12-09,1902.5
1987-12-10,1855.4
1987-12-11,1867.0
1987-12-14,1932.9
1987-12-15,1941.5
1987-12-16,1974.5
1987-12-17,1924.4
1987-12-18,1975.3
1987-12-21,1990.4
1987-12-22,1978.5
1987-12-23,2005.6
1987-12-24,1999.7
1987-12-28,1943.0
1987-12-29,1926.9
1987-12-30,1950.1
1987-12-31,1938.8
1988-01-04,2015.3
1988-01-05,2031.5
1988-01-06,2037.8
1988-01-07,2051.9
1988-01-08,1911.3
1988-01-11,1945.1
1988-01-12,1928.6
1988-01-13,1924.7
1988-01-14,1916.1
1988-01-15,1956.1
1988-01-18,1963.9
1988-01-19,1936.3
1988-01-20,1879.1
1988-01-21,1879.3
1988-01-22,1903.5
1988-01-25,1946.5
1988-01-26,1920.6
1988-01-27,1911.1
1988-01-28,1930.0
1988-01-29,1958.2
1988-02-01,1944.6
1988-02-02,1952.9
1988-02-03,1924.6
1988-02-04,1923.6
1988-02-05,1910.5
1988-02-08,1895.7
1988-02-09,1914.5
1988-02-10,1962.0
1988-02-11,1961.5
1988-02-12,1983.3
1988-02-16,2006.0
1988-02-17,2001.0
1988-02-18,1986.4
1988-02-19,2014.6
1988-02-22,2040.3
1988-02-23,2039.1
1988-02-24,2040.0
1988-02-25,2017.6
1988-02-26,2023.2
1988-02-29,2071.6
1988-03-01,2070.5
1988-03-02,2071.3
1988-03-03,2063.5
1988-03-04,2057.9
1988-03-07,2056.4
1988-03-08,2081.1
1988-03-09,2074.3
1988-03-10,2026.0
1988-03-11,2035.0
1988-03-14,2050.1
1988-03-15,2047.4
1988-03-16,2064.3
1988-03-17,2086.0
1988-03-18,2087.4
1988-03-21,2067.1
1988-03-22,2066.2
1988-03-23,2067.6
1988-03-24,2023.9
1988-03-25,1979.0
1988-03-28,1979.8
1988-03-29,1998.3
1988-03-30,1978.1
1988-03-31,1988.1
1988-04-04,1980.6
1988-04-05,1997.5
1988-04-06,2061.7
1988-04-07,2062.2
1988-04-08,2090.2
1988-04-11,2096.0
1988-04-12,2110.1
1988-04-13,2107.1
1988-04-14,2005.6
1988-04-15,2013.9
1988-04-18,2008.1
1988-04-19,1999.5
1988-04-20,1985.4
1988-04-21,1987.4
1988-04-22,2015.1
1988-04-25,2036.0
1988-04-26,2044.8
1988-04-27,2047.9
1988-04-28,2041.3
1988-04-29,2032.3
1988-05-02,2043.3
1988-05-03,2058.4
1988-05-04,2036.3
1988-05-05,2020.2
1988-05-06,2007.5
1988-05-09,1997.4
1988-05-10,2003.6
1988-05-11,1965.9
1988-05-12,1968.0
1988-05-13,1990.6
1988-05-16,2007.6
1988-05-17,1986.4
1988-05-18,1951.1
1988-05-19,1958.7
1988-05-20,1952.6
1988-05-23,1941.5
1988-05-24,1962.5
1988-05-25,1961.4
1988-05-26,1966.7
1988-05-27,1956.4
1988-05-31,2031.1
1988-06-01,2064.0
1988-06-02,2052.5
1988-06-03,2071.3
1988-06-06,2075.2
1988-06-07,2054.6
1988-06-08,2103.0
1988-06-09,2093.4
1988-06-10,2101.7
1988-06-13,2099.4
1988-06-14,2124.5
1988-06-15,2131.4
1988-06-16,2094.2
1988-06-17,2104.0
1988-06-20,2083.9
1988-06-21,2109.2
1988-06-22,2152.2
1988-06-23,2148.3
1988-06-24,2143.0
1988-06-27,2108.5
1988-06-28,2130.9
1988-06-29,2122.0
1988-06-30,2141.7
1988-07-01,2131.6
1988-07-05,2158.6
1988-07-06,2130.2
1988-07-07,2122.7
1988-07-08,2106.2
1988-07-11,2111.3
1988-07-12,2092.6
1988-07-13,2104.4
1988-07-14,2113.6
1988-07-15,2129.5
1988-07-18,2117.9
1988-07-19,2097.3
1988-07-20,2110.6
1988-07-21,2086.6
1988-07-22,2061.0
1988-07-25,2071.8
1988-07-26,2074.0
1988-07-27,2053.7
1988-07-28,2082.3
1988-07-29,2128.7
1988-08-01,2130.5
1988-08-02,2131.2
1988-08-03,2134.1
1988-08-04,2126.6
1988-08-05,2119.1
1988-08-08,2107.4
1988-08-09,2079.1
1988-08-10,2034.1
1988-08-11,2039.3
1988-08-12,2037.5
1988-08-15,2004.3
1988-08-16,2021.5
1988-08-17,2026.0
1988-08-18,2027.0
1988-08-19,2016.0
1988-08-22,1990.2
1988-08-23,1989.3
1988-08-24,2026.7
1988-08-25,2010.9
1988-08-26,2017.4
1988-08-29,2041.4
1988-08-30,2038.2
1988-08-31,2031.7
1988-09-01,2002.3
1988-09-02,2054.6
1988-09-06,2065.3
1988-09-07,2065.8
1988-09-08,2063.1
1988-09-09,2068.8
1988-09-12,2072.4
1988-09-13,2083.0
1988-09-14,2100.6
1988-09-15,2092.3
1988-09-16,2098.2
1988-09-19,2081.1
1988-09-20,2087.5
1988-09-21,2090.5
1988-09-22,2080.0
1988-09-23,2090.7
1988-09-26,2085.2
1988-09-27,2082.3
1988-09-28,2085.5
1988-09-29,2119.3
1988-09-30,2112.9
1988-10-03,2105.3
1988-10-04,2102.1
1988-10-05,2106.5
1988-10-06,2107.8
1988-10-07,2150.3
1988-10-10,2159.0
1988-10-11,2156.5
1988-10-12,2126.2
1988-10-13,2133.4
1988-10-14,2133.2
1988-10-17,2140.5
1988-10-18,2159.9
1988-10-19,2137.3
1988-10-20,2181.2
1988-10-21,2183.5
1988-10-24,2170.3
1988-10-25,2173.4
1988-10-26,2165.2
1988-10-27,2140.8
1988-10-28,2149.9
1988-10-31,2148.7
1988-11-01,2151.0
1988-11-02,2156.8
1988-11-03,2170.3
1988-11-04,2145.8
1988-11-07,2124.6
1988-11-08,2127.5
1988-11-09,2118.2
1988-11-10,2114.7
1988-11-11,2067.0
1988-11-14,2065.1
1988-11-15,2077.2
1988-11-16,2038.6
1988-11-17,2052.5
1988-11-18,2062.4
1988-11-21,2066.0
1988-11-22,2077.7
1988-11-23,2092.3
1988-11-25,2074.7
1988-11-28,2081.4
1988-11-29,2101.5
1988-11-30,2114.5
1988-12-01,2101.9
1988-12-02,2092.3
1988-12-05,2123.8
1988-12-06,2149.4
1988-12-07,2153.6
1988-12-08,2141.7
1988-12-09,2143.5
1988-12-12,2139.6
1988-12-13,2143.5
1988-12-14,2134.3
1988-12-15,2133.0
1988-12-16,2150.7
1988-12-19,2172.7
1988-12-20,2166.1
1988-12-21,2164.6
1988-12-22,2160.4
1988-12-23,2168.9
1988-12-27,2162.7
1988-12-28,2166.4
1988-12-29,2182.7
1988-12-30,2168.6
1989-01-03,2144.6
1989-01-04,2177.7
1989-01-05,2190.5
1989-01-06,2194.3
1989-01-09,2199.5
1989-01-10,2193.2
1989-01-11,2206.4
1989-01-12,2222.3
1989-01-13,2226.1
1989-01-16,2224.6
1989-01-17,2214.6
1989-01-18,2238.8
1989-01-19,2239.1
1989-01-20,2235.4
1989-01-23,2218.4
1989-01-24,2256.4
1989-01-25,2265.9
1989-01-26,2291.1
1989-01-27,2322.9
1989-01-30,2324.1
1989-01-31,2342.3
1989-02-01,2338.2
1989-02-02,2333.8
1989-02-03,2331.3
1989-02-06,2321.1
1989-02-07,2347.1
1989-02-08,2343.2
1989-02-09,2323.0
1989-02-10,2286.1
1989-02-13,2282.5
1989-02-14,2281.3
1989-02-15,2303.9
1989-02-16,2311.4
1989-02-17,2324.8
1989-02-21,2326.4
1989-02-22,2283.9
1989-02-23,2289.5
1989-02-24,2245.5
1989-02-27,2250.4
1989-02-28,2258.4
1989-03-01,2243.0
1989-03-02,2265.7
1989-03-03,2274.3
1989-03-06,2294.8
1989-03-07,2290.7
1989-03-08,2295.5
1989-03-09,2291.4
1989-03-10,2282.1
1989-03-13,2306.3
1989-03-14,2306.3
1989-03-15,2320.5
1989-03-16,2340.7
1989-03-17,2292.1
1989-03-20,2262.5
1989-03-21,2266.3
1989-03-22,2263.2
1989-03-23,2243.0
1989-03-27,2257.9
1989-03-28,2275.5
1989-03-29,2281.5
1989-03-30,2281.3
1989-03-31,2293.6
1989-04-03,2304.8
1989-04-04,2298.2
1989-04-05,2304.8
1989-04-06,2292.0
1989-04-07,2304.8
1989-04-10,2301.9
1989-04-11,2311.6
1989-04-12,2319.7
1989-04-13,2296.0
1989-04-14,2337.1
1989-04-17,2337.8
1989-04-18,2379.4
1989-04-19,2386.9
1989-04-20,2377.4
1989-04-21,2409.5
1989-04-24,2402.7
1989-04-25,2386.9
1989-04-26,2389.1
1989-04-27,2419.0
1989-04-28,2418.8
1989-05-01,2415.0
1989-05-02,2402.9
1989-05-03,2393.7
1989-05-04,2384.9
1989-05-05,2382.0
1989-05-08,2376.5
1989-05-09,2371.3
1989-05-10,2374.5
1989-05-11,2382.9
1989-05-12,2439.7
1989-05-15,2463.9
1989-05-16,2453.5
1989-05-17,2462.4
1989-05-18,2470.1
1989-05-19,2501.1
1989-05-22,2502.0
1989-05-23,2478.0
1989-05-24,2483.9
1989-05-25,2482.6
1989-05-26,2493.8
1989-05-30,2475.6
1989-05-31,2480.2
1989-06-01,2490.6
1989-06-02,2517.8
1989-06-05,2480.7
1989-06-06,2496.3
1989-06-07,2512.3
1989-06-08,2516.9
1989-06-09,2513.4
1989-06-12,2518.8
1989-06-13,2503.5
1989-06-14,2503.4
1989-06-15,2475.0
1989-06-16,2486.4
1989-06-19,2479.9
1989-06-20,2472.9
1989-06-21,2464.9
1989-06-22,2482.0
1989-06-23,2531.9
1989-06-26,2511.4
1989-06-27,2526.4
1989-06-28,2504.7
1989-06-29,2458.3
1989-06-30,2440.1
1989-07-03,2452.8
1989-07-05,2456.6
1989-07-06,2462.4
1989-07-07,2487.9
1989-07-10,2502.7
1989-07-11,2514.6
1989-07-12,2532.6
1989-07-13,2538.3
1989-07-14,2554.8
1989-07-17,2553.5
1989-07-18,2544.8
1989-07-19,2584.4
1989-07-20,2575.5
1989-07-21,2607.4
1989-07-24,2585.0
1989-07-25,2583.1
1989-07-26,2613.1
1989-07-27,2635.4
1989-07-28,2635.2
1989-07-31,2660.7
1989-08-01,2641.1
1989-08-02,2657.4
1989-08-03,2661.6
1989-08-04,2653.5
1989-08-07,2695.0
1989-08-08,2699.2
1989-08-09,2686.1
1989-08-10,2712.6
1989-08-11,2684.0
1989-08-14,2677.9
1989-08-15,2687.8
1989-08-16,2693.3
1989-08-17,2679.6
1989-08-18,2688.0
1989-08-21,2647.0
1989-08-22,2651.0
1989-08-23,2678.1
1989-08-24,2734.6
1989-08-25,2732.4
1989-08-28,2743.4
1989-08-29,2726.6
1989-08-30,2728.2
1989-08-31,2737.3
1989-09-01,2752.1
1989-09-05,2744.7
1989-09-06,2719.8
1989-09-07,2706.9
1989-09-08,2709.5
1989-09-11,2704.4
1989-09-12,2707.3
1989-09-13,2679.5
1989-09-14,2664.9
1989-09-15,2674.6
1989-09-18,2687.5
1989-09-19,2687.3
1989-09-20,2683.9
1989-09-21,2680.3
1989-09-22,2681.6
1989-09-25,2659.2
1989-09-26,2663.9
1989-09-27,2673.1
1989-09-28,2694.9
1989-09-29,2692.8
1989-10-02,2713.7
1989-10-03,2754.6
1989-10-04,2771.1
1989-10-05,2773.6
1989-10-06,2785.5
1989-10-09,2791.4
1989-10-10,2785.3
1989-10-11,2773.4
1989-10-12,2759.8
1989-10-13,2569.3
1989-10-16,2657.4
1989-10-17,2638.7
1989-10-18,2643.7
1989-10-19,2683.2
1989-10-20,2689.1
1989-10-23,2662.9
1989-10-24,2659.2
1989-10-25,2653.3
1989-10-26,2613.7
1989-10-27,2596.7
1989-10-30,2603.5
1989-10-31,2645.1
1989-11-01,2645.9
1989-11-02,2631.6
1989-11-03,2629.5
1989-11-06,2582.2
1989-11-07,2597.1
1989-11-08,2623.4
1989-11-09,2603.7
1989-11-10,2625.6
1989-11-13,2626.4
1989-11-14,2610.3
1989-11-15,2632.6
1989-11-16,2635.7
1989-11-17,2652.7
1989-11-20,2632.0
1989-11-21,2639.3
1989-11-22,2656.8
1989-11-24,2675.6
1989-11-27,2695.0
1989-11-28,2702.0
1989-11-29,2688.8
1989-11-30,2706.3
1989-12-01,2747.7
1989-12-04,2753.6
1989-12-05,2741.7
1989-12-06,2736.8
1989-12-07,2720.8
1989-12-08,2731.4
1989-12-11,2728.2
1989-12-12,2752.1
1989-12-13,2761.1
1989-12-14,2753.6
1989-12-15,2739.6
1989-12-18,2697.5
1989-12-19,2695.6
1989-12-20,2687.9
1989-12-21,2691.1
1989-12-22,2711.4
1989-12-26,2709.3
1989-12-27,2724.4
1989-12-28,2732.3
1989-12-29,2753.2
1990-01-02,2810.2
1990-01-03,2809.7
1990-01-04,2796.1
1990-01-05,2773.3
1990-01-08,2794.4
1990-01-09,2766.0
1990-01-10,2750.6
1990-01-11,2760.7
1990-01-12,2689.2
1990-01-15,2669.4
1990-01-16,2692.6
1990-01-17,2659.1
1990-01-18,2666.4
1990-01-19,2677.9
1990-01-22,2600.5
1990-01-23,2615.3
1990-01-24,2604.5
1990-01-25,2561.0
1990-01-26,2559.2
1990-01-29,2553.4
1990-01-30,2543.2
1990-01-31,2590.5
1990-02-01,2586.3
1990-02-02,2602.7
1990-02-05,2622.5
1990-02-06,2606.3
1990-02-07,2640.1
1990-02-08,2644.4
1990-02-09,2648.2
1990-02-12,2619.1
1990-02-13,2624.1
1990-02-14,2624.3
1990-02-15,2649.6
1990-02-16,2635.6
1990-02-20,2596.9
1990-02-21,2583.6
1990-02-22,2574.8
1990-02-23,2564.2
1990-02-26,2602.5
1990-02-27,2617.1
1990-02-28,2627.3
1990-03-01,2635.6
1990-03-02,2660.4
1990-03-05,2649.6
1990-03-06,2676.8
1990-03-07,2669.6
1990-03-08,2696.2
1990-03-09,2683.3
1990-03-12,2686.7
1990-03-13,2674.6
1990-03-14,2687.8
1990-03-15,2695.7
1990-03-16,2741.2
1990-03-19,2755.6
1990-03-20,2738.7
1990-03-21,2727.9
1990-03-22,2695.7
1990-03-23,2704.3
1990-03-26,2707.7
1990-03-27,2736.9
1990-03-28,2743.7
1990-03-29,2727.7
1990-03-30,2707.2
1990-04-02,2700.5
1990-04-03,2736.7
1990-04-04,2719.4
1990-04-05,2721.2
1990-04-06,2717.1
1990-04-09,2722.1
1990-04-10,2731.1
1990-04-11,2729.7
1990-04-12,2751.8
1990-04-16,2763.1
1990-04-17,2765.8
1990-04-18,2732.9
1990-04-19,2711.9
1990-04-20,2696.0
1990-04-23,2666.7
1990-04-24,2654.5
1990-04-25,2666.4
1990-04-26,2676.6
1990-04-27,2645.1
1990-04-30,2656.8
1990-05-01,2668.9
1990-05-02,2689.6
1990-05-03,2696.2
1990-05-04,2710.4
1990-05-07,2721.6
1990-05-08,2733.6
1990-05-09,2732.9
1990-05-10,2738.5
1990-05-11,2801.6
1990-05-14,2821.5
1990-05-15,2822.5
1990-05-16,2819.7
1990-05-17,2831.7
1990-05-18,2819.9
1990-05-21,2844.7
1990-05-22,2852.2
1990-05-23,2856.3
1990-05-24,2855.6
1990-05-25,2820.9
1990-05-29,2870.5
1990-05-30,2878.6
1990-05-31,2876.7
1990-06-01,2901.0
1990-06-04,2935.2
1990-06-05,2925.0
1990-06-06,2911.7
1990-06-07,2897.3
1990-06-08,2862.4
1990-06-11,2892.6
1990-06-12,2933.4
1990-06-13,2930.0
1990-06-14,2928.2
1990-06-15,2935.9
1990-06-18,2882.2
1990-06-19,2893.6
1990-06-20,2895.3
1990-06-21,2901.7
1990-06-22,2857.2
1990-06-25,2845.1
1990-06-26,2842.3
1990-06-27,2862.1
1990-06-28,2878.7
1990-06-29,2880.7
1990-07-02,2899.3
1990-07-03,2911.6
1990-07-05,2879.2
1990-07-06,2905.0
1990-07-09,2914.1
1990-07-10,2890.8
1990-07-11,2932.7
1990-07-12,2969.8
1990-07-13,2980.2
1990-07-16,2999.8
1990-07-17,2999.8
1990-07-18,2981.7
1990-07-19,2993.8
1990-07-20,2961.1
1990-07-23,2904.7
1990-07-24,2922.5
1990-07-25,2930.9
1990-07-26,2920.8
1990-07-27,2898.5
1990-07-30,2917.3
1990-07-31,2905.2
1990-08-01,2899.3
1990-08-02,2864.6
1990-08-03,2809.7
1990-08-06,2716.3
1990-08-07,2710.6
1990-08-08,2734.9
1990-08-09,2758.9
1990-08-10,2716.6
1990-08-13,2746.8
1990-08-14,2747.8
1990-08-15,2748.3
1990-08-16,2681.4
1990-08-17,2644.8
1990-08-20,2656.4
1990-08-21,2604.0
1990-08-22,2560.2
1990-08-23,2483.4
1990-08-24,2532.9
1990-08-27,2611.6
1990-08-28,2614.9
1990-08-29,2632.4
1990-08-30,2593.3
1990-08-31,2614.4
1990-09-04,2613.4
1990-09-05,2628.2
1990-09-06,2596.3
1990-09-07,2619.6
1990-09-10,2615.6
1990-09-11,2612.6
1990-09-12,2625.7
1990-09-13,2582.7
1990-09-14,2564.1
1990-09-17,2567.3
1990-09-18,2571.3
1990-09-19,2557.4
1990-09-20,2518.3
1990-09-21,2512.4
1990-09-24,2453.0
1990-09-25,2485.6
1990-09-26,2459.7
1990-09-27,2427.5
1990-09-28,2452.5
1990-10-01,2515.8
1990-10-02,2505.2
1990-10-03,2489.4
1990-10-04,2516.8
1990-10-05,2510.6
1990-10-08,2523.8
1990-10-09,2445.5
1990-10-10,2407.9
1990-10-11,2365.1
1990-10-12,2398.0
1990-10-15,2416.3
1990-10-16,2381.2
1990-10-17,2387.9
1990-10-18,2452.7
1990-10-19,2520.8
1990-10-22,2516.1
1990-10-23,2494.1
1990-10-24,2504.2
1990-10-25,2484.4
1990-10-26,2436.1
1990-10-29,2430.2
1990-10-30,2448.0
1990-10-31,2442.3
1990-11-01,2455.0
1990-11-02,2490.8
1990-11-05,2502.2
1990-11-06,2485.2
1990-11-07,2440.8
1990-11-08,2443.8
1990-11-09,2488.6
1990-11-12,2540.4
1990-11-13,2535.4
1990-11-14,2559.7
1990-11-15,2545.1
1990-11-16,2550.3
1990-11-19,2565.4
1990-11-20,2530.2
1990-11-21,2539.4
1990-11-23,2527.2
1990-11-26,2533.2
1990-11-27,2543.8
1990-11-28,2535.2
1990-11-29,2518.8
1990-11-30,2559.7
1990-12-03,2565.6
1990-12-04,2579.7
1990-12-05,2610.4
1990-12-06,2602.5
1990-12-07,2590.1
1990-12-10,2596.8
1990-12-11,2586.1
1990-12-12,2622.3
1990-12-13,2614.4
1990-12-14,2593.8
1990-12-17,2593.3
1990-12-18,2626.7
1990-12-19,2626.7
1990-12-20,2629.5
1990-12-21,2633.7
1990-12-24,2621.3
1990-12-26,2637.1
1990-12-27,2625.5
1990-12-28,2629.2
1990-12-31,2633.7
1991-01-02,2610.6
1991-01-03,2573.5
1991-01-04,2566.1
1991-01-07,2522.8
1991-01-08,2509.4
1991-01-09,2470.3
1991-01-10,2498.8
1991-01-11,2501.5
1991-01-14,2483.9
1991-01-15,2490.6
1991-01-16,2508.9
1991-01-17,2623.5
1991-01-18,2646.8
1991-01-21,2629.2
1991-01-22,2603.2
1991-01-23,2619.1
1991-01-24,2643.1
1991-01-25,2659.4
1991-01-28,2654.5
1991-01-29,2662.6
1991-01-30,2713.1
1991-01-31,2736.4
1991-02-01,2730.7
1991-02-04,2772.3
1991-02-05,2788.4
1991-02-06,2830.9
1991-02-07,2810.6
1991-02-08,2830.7
1991-02-11,2902.2
1991-02-12,2874.8
1991-02-13,2909.2
1991-02-14,2877.2
1991-02-15,2934.7
1991-02-19,2932.2
1991-02-20,2899.0
1991-02-21,2891.8
1991-02-22,2889.4
1991-02-25,2887.9
1991-02-26,2864.6
1991-02-27,2889.1
1991-02-28,2882.2
1991-03-01,2909.9
1991-03-04,2914.1
1991-03-05,2972.5
1991-03-06,2973.3
1991-03-07,2963.4
1991-03-08,2955.2
1991-03-11,2939.4
1991-03-12,2922.5
1991-03-13,2955.2
1991-03-14,2952.2
1991-03-15,2948.3
1991-03-18,2930.0
1991-03-19,2867.8
1991-03-20,2872.0
1991-03-21,2855.5
1991-03-22,2858.9
1991-03-25,2865.8
1991-03-26,2914.9
1991-03-27,2917.6
1991-03-28,2913.9
1991-04-01,2881.2
1991-04-02,2945.1
1991-04-03,2926.7
1991-04-04,2924.5
1991-04-05,2896.8
1991-04-08,2918.6
1991-04-09,2873.0
1991-04-10,2874.5
1991-04-11,2905.5
1991-04-12,2920.8
1991-04-15,2933.2
1991-04-16,2986.9
1991-04-17,3004.5
1991-04-18,2999.3
1991-04-19,2965.6
1991-04-22,2927.7
1991-04-23,2930.5
1991-04-24,2949.5
1991-04-25,2921.0
1991-04-26,2912.4
1991-04-29,2877.0
1991-04-30,2887.9
1991-05-01,2930.2
1991-05-02,2938.6
1991-05-03,2938.9
1991-05-06,2941.6
1991-05-07,2917.5
1991-05-08,2930.9
1991-05-09,2971.2
1991-05-10,2920.2
1991-05-13,2924.4
1991-05-14,2886.9
1991-05-15,2865.4
1991-05-16,2894.0
1991-05-17,2886.6
1991-05-20,2892.2
1991-05-21,2906.1
1991-05-22,2910.3
1991-05-23,2900.0
1991-05-24,2913.9
1991-05-28,2958.9
1991-05-29,2969.6
1991-05-30,3000.5
1991-05-31,3027.5
1991-06-03,3035.3
1991-06-04,3028.0
1991-06-05,3005.4
1991-06-06,2994.9
1991-06-07,2976.7
1991-06-10,2975.4
1991-06-11,2985.9
1991-06-12,2962.0
1991-06-13,2965.1
1991-06-14,3000.5
1991-06-17,2994.0
1991-06-18,2986.8
1991-06-19,2955.5
1991-06-20,2953.9
1991-06-21,2965.6
1991-06-24,2913.0
1991-06-25,2910.1
1991-06-26,2913.0
1991-06-27,2934.9
1991-06-28,2906.8
1991-07-01,2958.4
1991-07-02,2972.7
1991-07-03,2934.7
1991-07-05,2932.5
1991-07-08,2962.0
1991-07-09,2947.2
1991-07-10,2944.8
1991-07-11,2959.8
1991-07-12,2980.8
1991-07-15,2990.6
1991-07-16,2983.9
1991-07-17,2978.8
1991-07-18,3016.3
1991-07-19,3016.3
1991-07-22,3013.0
1991-07-23,2983.2
1991-07-24,2966.2
1991-07-25,2980.1
1991-07-26,2972.5
1991-07-29,2985.2
1991-07-30,3016.3
1991-07-31,3024.8
1991-08-01,3017.7
1991-08-02,3006.3
1991-08-05,2989.0
1991-08-06,3027.3
1991-08-07,3026.6
1991-08-08,3013.9
1991-08-09,2996.2
1991-08-12,3001.3
1991-08-13,3008.7
1991-08-14,3005.4
1991-08-15,2998.4
1991-08-16,2968.0
1991-08-19,2898.0
1991-08-20,2913.7
1991-08-21,3001.8
1991-08-22,3007.4
1991-08-23,3040.3
1991-08-26,3039.4
1991-08-27,3026.2
1991-08-28,3055.2
1991-08-29,3049.6
1991-08-30,3043.6
1991-09-03,3017.7
1991-09-04,3008.5
1991-09-05,3008.5
1991-09-06,3011.6
1991-09-09,3007.2
1991-09-10,2982.6
1991-09-11,2987.0
1991-09-12,3007.8
1991-09-13,2985.7
1991-09-16,3015.2
1991-09-17,3013.2
1991-09-18,3017.9
1991-09-19,3024.4
1991-09-20,3019.2
1991-09-23,3010.5
1991-09-24,3029.1
1991-09-25,3021.0
1991-09-26,3017.2
1991-09-27,3006.0
1991-09-30,3016.8
1991-10-01,3018.3
1991-10-02,3012.5
1991-10-03,2984.8
1991-10-04,2961.8
1991-10-07,2942.8
1991-10-08,2963.8
1991-10-09,2946.3
1991-10-10,2976.5
1991-10-11,2983.7
1991-10-14,3019.5
1991-10-15,3041.4
1991-10-16,3061.7
1991-10-17,3053.0
1991-10-18,3077.2
1991-10-21,3060.4
1991-10-22,3039.8
1991-10-23,3040.9
1991-10-24,3016.3
1991-10-25,3004.9
1991-10-28,3045.6
1991-10-29,3061.9
1991-10-30,3071.8
1991-10-31,3069.1
1991-11-01,3056.4
1991-11-04,3045.6
1991-11-05,3031.3
1991-11-06,3038.5
1991-11-07,3054.1
1991-11-08,3045.6
1991-11-11,3042.3
1991-11-12,3054.1
1991-11-13,3065.3
1991-11-14,3063.5
1991-11-15,2943.2
1991-11-18,2972.7
1991-11-19,2931.6
1991-11-20,2930.0
1991-11-21,2932.7
1991-11-22,2902.7
1991-11-25,2902.1
1991-11-26,2916.1
1991-11-27,2900.0
1991-11-29,2894.7
1991-12-02,2935.4
1991-12-03,2929.6
1991-12-04,2911.7
1991-12-05,2889.1
1991-12-06,2886.4
1991-12-09,2871.7
1991-12-10,2863.8
1991-12-11,2865.4
1991-12-12,2895.1
1991-12-13,2914.4
1991-12-16,2919.1
1991-12-17,2902.3
1991-12-18,2908.1
1991-12-19,2914.4
1991-12-20,2934.5
1991-12-23,3022.6
1991-12-24,3051.0
1991-12-26,3083.0
1991-12-27,3101.5
1991-12-30,3163.9
1991-12-31,3168.8
1992-01-02,3172.4
1992-01-03,3201.5
1992-01-06,3200.1
1992-01-07,3204.8
1992-01-08,3203.9
1992-01-09,3209.5
1992-01-10,3199.5
1992-01-13,3185.6
1992-01-14,3246.2
1992-01-15,3258.5
1992-01-16,3249.6
1992-01-17,3265.0
1992-01-20,3254.0
1992-01-21,3223.4
1992-01-22,3255.8
1992-01-23,3226.7
1992-01-24,3232.8
1992-01-27,3240.6
1992-01-28,3272.1
1992-01-29,3225.0
1992-01-30,3244.9
1992-01-31,3223.4
1992-02-03,3234.1
1992-02-04,3272.8
1992-02-05,3257.6
1992-02-06,3255.6
1992-02-07,3225.4
1992-02-10,3245.1
1992-02-11,3251.6
1992-02-12,3276.8
1992-02-13,3246.7
1992-02-14,3246.0
1992-02-18,3224.7
1992-02-19,3230.3
1992-02-20,3280.6
1992-02-21,3280.2
1992-02-24,3282.4
1992-02-25,3257.8
1992-02-26,3283.3
1992-02-27,3269.5
1992-02-28,3267.7
1992-03-02,3275.3
1992-03-03,3290.3
1992-03-04,3268.6
1992-03-05,3241.5
1992-03-06,3221.6
1992-03-09,3215.1
1992-03-10,3231.0
1992-03-11,3208.6
1992-03-12,3208.6
1992-03-13,3235.9
1992-03-16,3236.4
1992-03-17,3256.0
1992-03-18,3254.3
1992-03-19,3261.4
1992-03-20,3276.4
1992-03-23,3272.1
1992-03-24,3261.0
1992-03-25,3259.4
1992-03-26,3267.7
1992-03-27,3231.4
1992-03-30,3235.2
1992-03-31,3235.5
1992-04-01,3249.3
1992-04-02,3234.1
1992-04-03,3249.1
1992-04-06,3275.5
1992-04-07,3213.6
1992-04-08,3181.4
1992-04-09,3225.0
1992-04-10,3255.4
1992-04-13,3269.9
1992-04-14,3306.1
1992-04-15,3353.8
1992-04-16,3366.5
1992-04-20,3336.3
1992-04-21,3343.3
1992-04-22,3338.8
1992-04-23,3348.6
1992-04-24,3324.5
1992-04-27,3304.6
1992-04-28,3307.9
1992-04-29,3333.2
1992-04-30,3359.1
1992-05-01,3336.1
1992-05-04,3378.1
1992-05-05,3359.4
1992-05-06,3369.4
1992-05-07,3363.4
1992-05-08,3369.4
1992-05-11,3397.6
1992-05-12,3385.1
1992-05-13,3392.0
1992-05-14,3368.9
1992-05-15,3353.1
1992-05-18,3376.0
1992-05-19,3398.0
1992-05-20,3393.8
1992-05-21,3378.7
1992-05-22,3386.8
1992-05-26,3364.2
1992-05-27,3370.4
1992-05-28,3398.4
1992-05-29,3396.9
1992-06-01,3413.2
1992-06-02,3396.1
1992-06-03,3407.0
1992-06-04,3399.7
1992-06-05,3398.7
1992-06-08,3404.1
1992-06-09,3369.9
1992-06-10,3343.2
1992-06-11,3351.5
1992-06-12,3354.4
1992-06-15,3354.9
1992-06-16,3329.5
1992-06-17,3287.8
1992-06-18,3274.1
1992-06-19,3285.4
1992-06-22,3280.8
1992-06-23,3285.6
1992-06-24,3290.7
1992-06-25,3284.0
1992-06-26,3282.4
1992-06-29,3319.9
1992-06-30,3318.5
1992-07-01,3354.1
1992-07-02,3330.3
1992-07-06,3339.2
1992-07-07,3295.2
1992-07-08,3293.3
1992-07-09,3324.1
1992-07-10,3330.6
1992-07-13,3337.3
1992-07-14,3358.4
1992-07-15,3345.4
1992-07-16,3361.6
1992-07-17,3331.6
1992-07-20,3303.0
1992-07-21,3308.4
1992-07-22,3277.6
1992-07-23,3290.0
1992-07-24,3285.7
1992-07-27,3282.2
1992-07-28,3334.1
1992-07-29,3379.2
1992-07-30,3391.9
1992-07-31,3393.8
1992-08-03,3395.4
1992-08-04,3384.3
1992-08-05,3365.1
1992-08-06,3340.6
1992-08-07,3332.2
1992-08-10,3337.6
1992-08-11,3331.1
1992-08-12,3320.8
1992-08-13,3313.3
1992-08-14,3328.9
1992-08-17,3324.9
1992-08-18,3329.5
1992-08-19,3307.1
1992-08-20,3304.9
1992-08-21,3254.1
1992-08-24,3228.2
1992-08-25,3232.2
1992-08-26,3246.8
1992-08-27,3254.6
1992-08-28,3267.6
1992-08-31,3257.4
1992-09-01,3266.3
1992-09-02,3290.3
1992-09-03,3292.2
1992-09-04,3281.9
1992-09-08,3260.6
1992-09-09,3271.4
1992-09-10,3305.2
1992-09-11,3305.7
1992-09-14,3376.2
1992-09-15,3327.3
1992-09-16,3319.2
1992-09-17,3315.7
1992-09-18,3327.1
1992-09-21,3320.8
1992-09-22,3280.9
1992-09-23,3278.7
1992-09-24,3287.9
1992-09-25,3250.3
1992-09-28,3276.3
1992-09-29,3266.8
1992-09-30,3271.7
1992-10-01,3254.4
1992-10-02,3200.6
1992-10-05,3179.0
1992-10-06,3178.2
1992-10-07,3152.3
1992-10-08,3176.0
1992-10-09,3136.6
1992-10-12,3174.4
1992-10-13,3201.4
1992-10-14,3195.5
1992-10-15,3174.7
1992-10-16,3174.4
1992-10-19,3188.5
1992-10-20,3186.0
1992-10-21,3187.1
1992-10-22,3200.9
1992-10-23,3207.6
1992-10-26,3244.1
1992-10-27,3235.7
1992-10-28,3251.4
1992-10-29,3246.3
1992-10-30,3226.3
1992-11-02,3262.2
1992-11-03,3252.5
1992-11-04,3223.0
1992-11-05,3243.8
1992-11-06,3240.1
1992-11-09,3240.9
1992-11-10,3225.5
1992-11-11,3240.3
1992-11-12,3239.8
1992-11-13,3233.0
1992-11-16,3205.7
1992-11-17,3193.3
1992-11-18,3207.4
1992-11-19,3209.5
1992-11-20,3227.4
1992-11-23,3223.0
1992-11-24,3248.7
1992-11-25,3266.3
1992-11-27,3282.2
1992-11-30,3305.2
1992-12-01,3294.4
1992-12-02,3286.3
1992-12-03,3276.5
1992-12-04,3288.7
1992-12-07,3307.3
1992-12-08,3322.2
1992-12-09,3323.8
1992-12-10,3312.2
1992-12-11,3304.1
1992-12-14,3292.2
1992-12-15,3284.4
1992-12-16,3255.2
1992-12-17,3269.2
1992-12-18,3313.3
1992-12-21,3312.5
1992-12-22,3321.1
1992-12-23,3313.5
1992-12-24,3326.2
1992-12-28,3333.3
1992-12-29,3310.8
1992-12-30,3321.1
1992-12-31,3301.1
1993-01-04,3309.2
1993-01-05,3307.9
1993-01-06,3305.2
1993-01-07,3269.0
1993-01-08,3251.7
1993-01-11,3262.8
1993-01-12,3264.6
1993-01-13,3263.6
1993-01-14,3267.9
1993-01-15,3271.1
1993-01-18,3274.9
1993-01-19,3256.0
1993-01-20,3242.0
1993-01-21,3253.0
1993-01-22,3256.8
1993-01-25,3292.2
1993-01-26,3299.0
1993-01-27,3291.4
1993-01-28,3306.3
1993-01-29,3310.0
1993-02-01,3332.2
1993-02-02,3328.7
1993-02-03,3373.8
1993-02-04,3416.7
1993-02-05,3442.1
1993-02-08,3437.5
1993-02-09,3414.6
1993-02-10,3412.4
1993-02-11,3422.7
1993-02-12,3392.4
1993-02-16,3309.5
1993-02-17,3312.2
1993-02-18,3302.2
1993-02-19,3322.2
1993-02-22,3343.0
1993-02-23,3323.3
1993-02-24,3356.5
1993-02-25,3365.1
1993-02-26,3370.8
1993-03-01,3355.4
1993-03-02,3400.5
1993-03-03,3404.0
1993-03-04,3398.9
1993-03-05,3404.6
1993-03-08,3469.4
1993-03-09,3472.1
1993-03-10,3478.3
1993-03-11,3457.0
1993-03-12,3427.8
1993-03-15,3442.4
1993-03-16,3443.0
1993-03-17,3426.7
1993-03-18,3465.6
1993-03-19,3471.6
1993-03-22,3463.5
1993-03-23,3461.9
1993-03-24,3445.4
1993-03-25,3461.3
1993-03-26,3440.0
1993-03-29,3455.1
1993-03-30,3457.3
1993-03-31,3435.1
1993-04-01,3439.4
1993-04-02,3370.8
1993-04-05,3379.2
1993-04-06,3377.6
1993-04-07,3397.0
1993-04-08,3396.5
1993-04-12,3428.1
1993-04-13,3444.0
1993-04-14,3455.6
1993-04-15,3455.9
1993-04-16,3478.6
1993-04-19,3467.0
1993-04-20,3443.5
1993-04-21,3439.4
1993-04-22,3429.2
1993-04-23,3413.8
1993-04-26,3398.4
1993-04-27,3415.9
1993-04-28,3413.5
1993-04-29,3425.1
1993-04-30,3427.6
1993-05-03,3446.5
1993-05-04,3446.2
1993-05-05,3449.1
1993-05-06,3441.9
1993-05-07,3437.2
1993-05-10,3443.3
1993-05-11,3468.8
1993-05-12,3482.3
1993-05-13,3448.0
1993-05-14,3443.0
1993-05-17,3449.9
1993-05-18,3444.4
1993-05-19,3500.0
1993-05-20,3523.3
1993-05-21,3492.8
1993-05-24,3507.8
1993-05-25,3516.6
1993-05-26,3540.2
1993-05-27,3554.8
1993-05-28,3527.4
1993-06-01,3552.3
1993-06-02,3553.5
1993-06-03,3544.9
1993-06-04,3545.1
1993-06-07,3532.1
1993-06-08,3510.5
1993-06-09,3511.9
1993-06-10,3491.7
1993-06-11,3505.0
1993-06-14,3514.7
1993-06-15,3492.0
1993-06-16,3511.7
1993-06-17,3521.9
1993-06-18,3494.8
1993-06-21,3510.8
1993-06-22,3497.5
1993-06-23,3466.8
1993-06-24,3490.6
1993-06-25,3490.9
1993-06-28,3530.2
1993-06-29,3518.9
1993-06-30,3516.1
1993-07-01,3510.5
1993-07-02,3484.0
1993-07-06,3449.9
1993-07-07,3475.7
1993-07-08,3514.4
1993-07-09,3521.1
1993-07-12,3524.4
1993-07-13,3515.4
1993-07-14,3542.6
1993-07-15,3550.9
1993-07-16,3528.3
1993-07-19,3535.3
1993-07-20,3544.8
1993-07-21,3555.4
1993-07-22,3525.2
1993-07-23,3546.7
1993-07-26,3567.7
1993-07-27,3565.5
1993-07-28,3553.5
1993-07-29,3567.4
1993-07-30,3539.5
1993-08-02,3561.0
1993-08-03,3561.3
1993-08-04,3552.1
1993-08-05,3549.0
1993-08-06,3560.4
1993-08-09,3576.1
1993-08-10,3572.7
1993-08-11,3583.4
1993-08-12,3569.1
1993-08-13,3569.7
1993-08-16,3579.2
1993-08-17,3587.0
1993-08-18,3604.9
1993-08-19,3612.1
1993-08-20,3615.5
1993-08-23,3606.0
1993-08-24,3639.0
1993-08-25,3652.1
1993-08-26,3648.2
1993-08-27,3640.6
1993-08-30,3644.0
1993-08-31,3651.3
1993-09-01,3645.1
1993-09-02,3626.1
1993-09-03,3633.9
1993-09-07,3607.1
1993-09-08,3588.9
1993-09-09,3589.5
1993-09-10,3621.6
1993-09-13,3634.2
1993-09-14,3615.8
1993-09-15,3633.7
1993-09-16,3630.9
1993-09-17,3613.3
1993-09-20,3575.8
1993-09-21,3537.2
1993-09-22,3547.0
1993-09-23,3539.8
1993-09-24,3543.1
1993-09-27,3567.7
1993-09-28,3566.0
1993-09-29,3566.3
1993-09-30,3555.1
1993-10-01,3581.1
1993-10-04,3577.8
1993-10-05,3587.3
1993-10-06,3599.0
1993-10-07,3583.6
1993-10-08,3584.7
1993-10-11,3593.4
1993-10-12,3593.1
1993-10-13,3603.2
1993-10-14,3621.6
1993-10-15,3629.7
1993-10-18,3642.3
1993-10-19,3635.3
1993-10-20,3645.1
1993-10-21,3636.2
1993-10-22,3649.3
1993-10-25,3673.6
1993-10-26,3672.5
1993-10-27,3664.7
1993-10-28,3687.9
1993-10-29,3680.6
1993-11-01,3692.6
1993-11-02,3697.6
1993-11-03,3661.9
1993-11-04,3625.0
1993-11-05,3643.4
1993-11-08,3647.9
1993-11-09,3640.1
1993-11-10,3663.6
1993-11-11,3662.4
1993-11-12,3684.5
1993-11-15,3677.5
1993-11-16,3710.8
1993-11-17,3704.4
1993-11-18,3685.3
1993-11-19,3694.0
1993-11-22,3670.3
1993-11-23,3674.2
1993-11-24,3687.6
1993-11-26,3684.0
1993-11-29,3677.8
1993-11-30,3684.0
1993-12-01,3697.1
1993-12-02,3702.1
1993-12-03,3704.1
1993-12-06,3710.2
1993-12-07,3718.9
1993-12-08,3734.5
1993-12-09,3729.8
1993-12-10,3740.7
1993-12-13,3764.4
1993-12-14,3742.6
1993-12-15,3716.9
1993-12-16,3726.1
1993-12-17,3751.6
1993-12-20,3755.2
1993-12-21,3745.2
1993-12-22,3762.2
1993-12-23,3757.7
1993-12-27,3792.9
1993-12-28,3793.8
1993-12-29,3794.3
1993-12-30,3775.9
1993-12-31,3754.1
1994-01-03,3756.6
1994-01-04,3783.9
1994-01-05,3798.8
1994-01-06,3803.9
1994-01-07,3820.8
1994-01-10,3865.5
1994-01-11,3850.3
1994-01-12,3848.6
1994-01-13,3842.4
1994-01-14,3867.2
1994-01-17,3870.3
1994-01-18,3870.3
1994-01-19,3884.4
1994-01-20,3892.0
1994-01-21,3914.5
1994-01-24,3912.8
1994-01-25,3895.3
1994-01-26,3908.0
1994-01-27,3926.3
1994-01-28,3945.4
1994-01-31,3978.4
1994-02-01,3964.0
1994-02-02,3975.5
1994-02-03,3967.7
1994-02-04,3871.4
1994-02-07,3906.3
1994-02-08,3906.0
1994-02-09,3931.9
1994-02-10,3895.3
1994-02-11,3894.8
1994-02-14,3904.1
1994-02-15,3928.3
1994-02-16,3937.3
1994-02-17,3922.6
1994-02-18,3887.5
1994-02-22,3911.7
1994-02-23,3891.7
1994-02-24,3839.9
1994-02-25,3838.8
1994-02-28,3832.0
1994-03-01,3809.2
1994-03-02,3831.7
1994-03-03,3824.4
1994-03-04,3832.3
1994-03-07,3856.2
1994-03-08,3851.7
1994-03-09,3853.4
1994-03-10,3830.6
1994-03-11,3862.7
1994-03-14,3863.0
1994-03-15,3849.6
1994-03-16,3848.2
1994-03-17,3865.1
1994-03-18,3895.7
1994-03-21,3864.9
1994-03-22,3862.6
1994-03-23,3869.5
1994-03-24,3821.1
1994-03-25,3774.7
1994-03-28,3762.4
1994-03-29,3699.0
1994-03-30,3626.8
1994-03-31,3636.0
1994-04-04,3593.4
1994-04-05,3675.4
1994-04-06,3679.7
1994-04-07,3693.3
1994-04-08,3674.3
1994-04-11,3688.8
1994-04-12,3681.7
1994-04-13,3661.5
1994-04-14,3663.3
1994-04-15,3661.5
1994-04-18,3620.4
1994-04-19,3619.8
1994-04-20,3598.7
1994-04-21,3652.5
1994-04-22,3648.7
1994-04-25,3705.8
1994-04-26,3699.5
1994-04-28,3668.3
1994-04-29,3681.7
1994-05-02,3701.0
1994-05-03,3714.4
1994-05-04,3697.8
1994-05-05,3696.0
1994-05-06,3669.5
1994-05-09,3629.0
1994-05-10,3656.4
1994-05-11,3629.0
1994-05-12,3652.8
1994-05-13,3659.7
1994-05-16,3671.5
1994-05-17,3720.6
1994-05-18,3732.9
1994-05-19,3759.0
1994-05-20,3766.4
1994-05-23,3742.4
1994-05-24,3745.2
1994-05-25,3755.3
1994-05-26,3753.5
1994-05-27,3757.1
1994-05-31,3758.4
1994-06-01,3760.8
1994-06-02,3759.0
1994-06-03,3772.2
1994-06-06,3768.5
1994-06-07,3755.9
1994-06-08,3749.5
1994-06-09,3753.1
1994-06-10,3773.5
1994-06-13,3783.1
1994-06-14,3814.8
1994-06-15,3790.4
1994-06-16,3811.3
1994-06-17,3776.8
1994-06-20,3741.9
1994-06-21,3708.0
1994-06-22,3724.8
1994-06-23,3699.1
1994-06-24,3636.9
1994-06-27,3685.5
1994-06-28,3669.6
1994-06-29,3667.1
1994-06-30,3625.0
1994-07-01,3646.7
1994-07-05,3652.5
1994-07-06,3674.5
1994-07-07,3688.4
1994-07-08,3709.1
1994-07-11,3703.0
1994-07-12,3702.7
1994-07-13,3704.3
1994-07-14,3739.3
1994-07-15,3753.8
1994-07-18,3755.4
1994-07-19,3748.3
1994-07-20,3727.3
1994-07-21,3732.5
1994-07-22,3735.0
1994-07-25,3741.8
1994-07-26,3735.7
1994-07-27,3720.5
1994-07-28,3730.8
1994-07-29,3764.5
1994-08-01,3798.2
1994-08-02,3796.2
1994-08-03,3792.7
1994-08-04,3765.8
1994-08-05,3747.0
1994-08-08,3753.8
1994-08-09,3755.8
1994-08-10,3766.8
1994-08-11,3750.9
1994-08-12,3768.7
1994-08-15,3760.3
1994-08-16,3784.6
1994-08-17,3776.5
1994-08-18,3755.4
1994-08-19,3755.1
1994-08-22,3751.2
1994-08-23,3775.8
1994-08-24,3846.7
1994-08-25,3829.9
1994-08-26,3881.1
1994-08-29,3898.9
1994-08-30,3917.3
1994-08-31,3913.4
1994-09-01,3901.4
1994-09-02,3885.6
1994-09-06,3898.7
1994-09-07,3886.3
1994-09-08,3908.5
1994-09-09,3874.8
1994-09-12,3860.3
1994-09-13,3879.9
1994-09-14,3895.3
1994-09-15,3953.9
1994-09-16,3933.4
1994-09-19,3936.7
1994-09-20,3869.1
1994-09-21,3851.6
1994-09-22,3837.1
1994-09-23,3831.8
1994-09-26,3849.2
1994-09-27,3863.0
1994-09-28,3878.2
1994-09-29,3854.6
1994-09-30,3843.2
1994-10-03,3846.9
1994-10-04,3801.1
1994-10-05,3787.3
1994-10-06,3775.6
1994-10-07,3797.4
1994-10-10,3821.3
1994-10-11,3876.8
1994-10-12,3875.2
1994-10-13,3890.0
1994-10-14,3910.5
1994-10-17,3923.9
1994-10-18,3917.5
1994-10-19,3936.0
1994-10-20,3911.2
1994-10-21,3891.3
1994-10-24,3855.3
1994-10-25,3850.6
1994-10-26,3848.2
1994-10-27,3875.2
1994-10-28,3930.7
1994-10-31,3908.1
1994-11-01,3863.4
1994-11-02,3837.1
1994-11-03,3845.9
1994-11-04,3807.5
1994-11-07,3808.9
1994-11-08,3830.7
1994-11-09,3831.8
1994-11-10,3822.0
1994-11-11,3801.5
1994-11-14,3829.7
1994-11-15,3826.4
1994-11-16,3845.2
1994-11-17,3828.1
1994-11-18,3815.3
1994-11-21,3769.5
1994-11-22,3678.0
1994-11-23,3674.6
1994-11-25,3708.3
1994-11-28,3739.6
1994-11-29,3738.6
1994-11-30,3739.2
1994-12-01,3700.9
1994-12-02,3745.6
1994-12-05,3741.9
1994-12-06,3746.0
1994-12-07,3735.5
1994-12-08,3685.7
1994-12-09,3691.1
1994-12-12,3718.4
1994-12-13,3715.3
1994-12-14,3746.3
1994-12-15,3765.5
1994-12-16,3807.2
1994-12-19,3790.7
1994-12-20,3767.2
1994-12-21,3801.8
1994-12-22,3814.9
1994-12-23,3833.4
1994-12-27,3861.7
1994-12-28,3839.5
1994-12-29,3833.4
1994-12-30,3834.4
1995-01-03,3838.5
1995-01-04,3857.7
1995-01-05,3850.9
1995-01-06,3867.4
1995-01-09,3861.4
1995-01-10,3866.7
1995-01-11,3862.0
1995-01-12,3859.0
1995-01-13,3908.5
1995-01-16,3932.3
1995-01-17,3930.7
1995-01-18,3929.0
1995-01-19,3882.2
1995-01-20,3869.4
1995-01-23,3867.4
1995-01-24,3862.7
1995-01-25,3871.5
1995-01-26,3870.4
1995-01-27,3858.0
1995-01-30,3832.1
1995-01-31,3843.9
1995-02-01,3847.6
1995-02-02,3870.8
1995-02-03,3928.6
1995-02-06,3937.7
1995-02-07,3937.4
1995-02-08,3935.4
1995-02-09,3932.7
1995-02-10,3939.1
1995-02-13,3954.2
1995-02-14,3958.3
1995-02-15,3986.2
1995-02-16,3987.5
1995-02-17,3953.5
1995-02-21,3964.0
1995-02-22,3973.1
1995-02-23,4003.3
1995-02-24,4011.7
1995-02-27,3988.6
1995-02-28,4011.1
1995-03-01,3994.8
1995-03-02,3979.9
1995-03-03,3989.6
1995-03-06,3997.6
1995-03-07,3962.6
1995-03-08,3979.2
1995-03-09,3983.4
1995-03-10,4035.6
1995-03-13,4025.2
1995-03-14,4048.8
1995-03-15,4038.4
1995-03-16,4069.2
1995-03-17,4073.7
1995-03-20,4083.7
1995-03-21,4072.6
1995-03-22,4083.0
1995-03-23,4087.8
1995-03-24,4138.7
1995-03-27,4157.3
1995-03-28,4151.8
1995-03-29,4160.8
1995-03-30,4172.6
1995-03-31,4157.7
1995-04-03,4168.4
1995-04-04,4201.6
1995-04-05,4200.6
1995-04-06,4205.4
1995-04-07,4192.6
1995-04-10,4198.2
1995-04-11,4187.1
1995-04-12,4197.8
1995-04-13,4208.2
1995-04-17,4195.4
1995-04-18,4179.1
1995-04-19,4207.5
1995-04-20,4230.7
1995-04-21,4270.1
1995-04-24,4304.0
1995-04-25,4300.2
1995-04-26,4299.8
1995-04-27,4314.7
1995-04-28,4321.3
1995-05-01,4316.1
1995-05-02,4328.9
1995-05-03,4373.2
1995-05-04,4359.7
1995-05-05,4343.4
1995-05-08,4383.9
1995-05-09,4390.8
1995-05-10,4404.6
1995-05-11,4411.2
1995-05-12,4430.6
1995-05-15,4437.5
1995-05-16,4435.1
1995-05-17,4422.6
1995-05-18,4340.6
1995-05-19,4341.3
1995-05-22,4395.6
1995-05-23,4436.4
1995-05-24,4438.2
1995-05-25,4412.2
1995-05-26,4369.0
1995-05-30,4378.7
1995-05-31,4465.1
1995-06-01,4472.8
1995-06-02,4444.4
1995-06-05,4476.6
1995-06-06,4485.2
1995-06-07,4462.0
1995-06-08,4458.6
1995-06-09,4424.0
1995-06-12,4446.5
1995-06-13,4484.5
1995-06-14,4491.1
1995-06-15,4496.3
1995-06-16,4510.8
1995-06-19,4553.7
1995-06-20,4550.6
1995-06-21,4547.1
1995-06-22,4589.6
1995-06-23,4585.8
1995-06-26,4551.3
1995-06-27,4542.6
1995-06-28,4556.8
1995-06-29,4550.6
1995-06-30,4556.1
1995-07-03,4585.2
1995-07-05,4615.2
1995-07-06,4664.0
1995-07-07,4702.7
1995-07-10,4702.4
1995-07-11,4680.6
1995-07-12,4727.3
1995-07-13,4727.5
1995-07-14,4708.8
1995-07-17,4736.3
1995-07-18,4686.3
1995-07-19,4628.9
1995-07-20,4641.6
1995-07-21,4641.6
1995-07-24,4668.7
1995-07-25,4714.5
1995-07-26,4707.1
1995-07-27,4732.8
1995-07-28,4715.5
1995-07-31,4708.5
1995-08-01,4700.4
1995-08-02,4690.2
1995-08-03,4701.4
1995-08-04,4683.5
1995-08-07,4693.3
1995-08-08,4693.3
1995-08-09,4671.5
1995-08-10,4643.7
1995-08-11,4618.3
1995-08-14,4659.9
1995-08-15,4640.8
1995-08-16,4639.1
1995-08-17,4630.6
1995-08-18,4617.6
1995-08-21,4614.8
1995-08-22,4620.4
1995-08-23,4584.9
1995-08-24,4580.6
1995-08-25,4601.4
1995-08-28,4594.0
1995-08-29,4608.4
1995-08-30,4604.6
1995-08-31,4610.6
1995-09-01,4647.5
1995-09-05,4670.1
1995-09-06,4683.8
1995-09-07,4669.7
1995-09-08,4700.7
1995-09-11,4704.9
1995-09-12,4747.2
1995-09-13,4765.5
1995-09-14,4801.8
1995-09-15,4797.6
1995-09-18,4780.4
1995-09-19,4767.0
1995-09-20,4792.7
1995-09-21,4767.4
1995-09-22,4764.2
1995-09-25,4769.9
1995-09-26,4765.6
1995-09-27,4762.4
1995-09-28,4787.6
1995-09-29,4789.1
1995-10-02,4761.3
1995-10-03,4749.7
1995-10-04,4740.7
1995-10-05,4762.7
1995-10-06,4769.2
1995-10-09,4726.2
1995-10-10,4720.8
1995-10-11,4735.3
1995-10-12,4764.9
1995-10-13,4793.8
1995-10-16,4784.4
1995-10-17,4796.0
1995-10-18,4777.5
1995-10-19,4802.5
1995-10-20,4794.9
1995-10-23,4755.5
1995-10-24,4783.7
1995-10-25,4753.7
1995-10-26,4703.8
1995-10-27,4741.8
1995-10-30,4756.6
1995-10-31,4755.5
1995-11-01,4766.7
1995-11-02,4808.6
1995-11-03,4825.6
1995-11-06,4814.0
1995-11-07,4797.0
1995-11-08,4852.7
1995-11-09,4864.2
1995-11-10,4870.4
1995-11-13,4872.9
1995-11-14,4871.8
1995-11-15,4922.8
1995-11-16,4969.4
1995-11-17,4990.0
1995-11-20,4983.1
1995-11-21,5023.6
1995-11-22,5041.6
1995-11-24,5048.8
1995-11-27,5070.9
1995-11-28,5078.1
1995-11-29,5105.6
1995-11-30,5074.5
1995-12-01,5087.1
1995-12-04,5139.5
1995-12-05,5177.5
1995-12-06,5199.1
1995-12-07,5159.4
1995-12-08,5156.9
1995-12-11,5184.3
1995-12-12,5174.9
1995-12-13,5216.5
1995-12-14,5182.2
1995-12-15,5176.7
1995-12-18,5075.2
1995-12-19,5109.9
1995-12-20,5059.3
1995-12-21,5096.5
1995-12-22,5098.0
1995-12-26,5110.3
1995-12-27,5105.9
1995-12-28,5095.8
1995-12-29,5117.1
1996-01-02,5177.5
1996-01-03,5194.1
1996-01-04,5173.8
1996-01-05,5181.4
1996-01-08,5197.7
1996-01-09,5130.1
1996-01-10,5032.9
1996-01-11,5065.1
1996-01-12,5061.1
1996-01-15,5043.8
1996-01-16,5088.2
1996-01-17,5066.9
1996-01-18,5124.4
1996-01-19,5184.7
1996-01-22,5219.4
1996-01-23,5192.3
1996-01-24,5242.8
1996-01-25,5216.8
1996-01-26,5271.8
1996-01-29,5305.0
1996-01-30,5381.2
1996-01-31,5395.3
1996-02-01,5405.1
1996-02-02,5374.0
1996-02-05,5407.6
1996-02-06,5459.6
1996-02-07,5492.1
1996-02-08,5539.5
1996-02-09,5541.6
1996-02-12,5600.2
1996-02-13,5601.2
1996-02-14,5579.6
1996-02-15,5551.4
1996-02-16,5503.3
1996-02-20,5458.5
1996-02-21,5516.0
1996-02-22,5608.5
1996-02-23,5630.5
1996-02-26,5565.1
1996-02-27,5549.2
1996-02-28,5506.2
1996-02-29,5485.6
1996-03-01,5536.6
1996-03-04,5600.2
1996-03-05,5642.4
1996-03-06,5629.8
1996-03-07,5641.7
1996-03-08,5470.5
1996-03-11,5581.0
1996-03-12,5583.9
1996-03-13,5568.7
1996-03-14,5586.1
1996-03-15,5585.0
1996-03-18,5683.6
1996-03-19,5669.5
1996-03-20,5655.4
1996-03-21,5626.9
1996-03-22,5636.6
1996-03-25,5643.9
1996-03-26,5670.6
1996-03-27,5626.9
1996-03-28,5630.9
1996-03-29,5587.1
1996-04-01,5637.7
1996-04-02,5671.7
1996-04-03,5689.7
1996-04-04,5682.9
1996-04-08,5594.4
1996-04-09,5560.4
1996-04-10,5486.0
1996-04-11,5487.1
1996-04-12,5532.6
1996-04-15,5592.9
1996-04-16,5620.0
1996-04-17,5549.9
1996-04-18,5551.7
1996-04-19,5535.5
1996-04-22,5564.7
1996-04-23,5588.6
1996-04-24,5553.9
1996-04-25,5566.9
1996-04-26,5568.0
1996-04-29,5573.4
1996-04-30,5569.1
1996-05-01,5575.2
1996-05-02,5498.3
1996-05-03,5478.0
1996-05-06,5464.3
1996-05-07,5421.0
1996-05-08,5474.1
1996-05-09,5475.1
1996-05-10,5518.1
1996-05-13,5582.6
1996-05-14,5624.7
1996-05-15,5625.4
1996-05-16,5635.1
1996-05-17,5687.5
1996-05-20,5748.8
1996-05-21,5736.3
1996-05-22,5778.0
1996-05-23,5762.1
1996-05-24,5762.9
1996-05-28,5709.7
1996-05-29,5673.8
1996-05-30,5693.4
1996-05-31,5643.2
1996-06-03,5624.7
1996-06-04,5665.7
1996-06-05,5697.5
1996-06-06,5667.2
1996-06-07,5697.1
1996-06-10,5687.9
1996-06-11,5668.7
1996-06-12,5668.3
1996-06-13,5658.0
1996-06-14,5649.5
1996-06-17,5652.8
1996-06-18,5628.0
1996-06-19,5648.4
1996-06-20,5659.4
1996-06-21,5705.2
1996-06-24,5717.8
1996-06-25,5719.3
1996-06-26,5682.7
1996-06-27,5677.5
1996-06-28,5654.6
1996-07-01,5730.0
1996-07-02,5720.4
1996-07-03,5703.0
1996-07-05,5588.1
1996-07-08,5550.8
1996-07-09,5581.9
1996-07-10,5603.7
1996-07-11,5520.5
1996-07-12,5510.6
1996-07-15,5349.5
1996-07-16,5358.8
1996-07-17,5376.9
1996-07-18,5464.2
1996-07-19,5426.8
1996-07-22,5390.9
1996-07-23,5346.6
1996-07-24,5354.7
1996-07-25,5422.0
1996-07-26,5473.1
1996-07-29,5434.6
1996-07-30,5481.9
1996-07-31,5528.9
1996-08-01,5594.8
1996-08-02,5679.8
1996-08-05,5674.3
1996-08-06,5696.1
1996-08-07,5718.7
1996-08-08,5713.5
1996-08-09,5681.3
1996-08-12,5705.0
1996-08-13,5647.3
1996-08-14,5666.9
1996-08-15,5665.8
1996-08-16,5689.5
1996-08-19,5699.4
1996-08-20,5721.3
1996-08-21,5689.8
1996-08-22,5733.5
1996-08-23,5722.7
1996-08-26,5693.9
1996-08-27,5711.3
1996-08-28,5712.4
1996-08-29,5647.7
1996-08-30,5616.2
1996-09-03,5648.4
1996-09-04,5656.9
1996-09-05,5607.0
1996-09-06,5659.9
1996-09-09,5733.8
1996-09-10,5727.2
1996-09-11,5754.9
1996-09-12,5771.9
1996-09-13,5838.5
1996-09-16,5889.2
1996-09-17,5888.8
1996-09-18,5877.4
1996-09-19,5867.7
1996-09-20,5888.5
1996-09-23,5894.7
1996-09-24,5874.0
1996-09-25,5877.4
1996-09-26,5868.9
1996-09-27,5872.9
1996-09-30,5882.2
1996-10-01,5904.9
1996-10-02,5934.0
1996-10-03,5932.9
1996-10-04,5992.9
1996-10-07,5979.8
1996-10-08,5966.8
1996-10-09,5930.6
1996-10-10,5921.7
1996-10-11,5969.4
1996-10-14,6010.0
1996-10-15,6004.8
1996-10-16,6020.8
1996-10-17,6059.2
1996-10-18,6094.2
1996-10-21,6090.9
1996-10-22,6061.8
1996-10-23,6036.5
1996-10-24,5992.5
1996-10-25,6007.0
1996-10-28,5972.7
1996-10-29,6007.0
1996-10-30,5993.2
1996-10-31,6029.4
1996-11-01,6021.9
1996-11-04,6041.7
1996-11-05,6081.2
1996-11-06,6177.7
1996-11-07,6206.0
1996-11-08,6219.8
1996-11-11,6255.6
1996-11-12,6266.0
1996-11-13,6274.2
1996-11-14,6313.0
1996-11-15,6348.0
1996-11-18,6346.9
1996-11-19,6397.6
1996-11-20,6430.0
1996-11-21,6418.5
1996-11-22,6471.8
1996-11-25,6547.8
1996-11-26,6528.4
1996-11-27,6499.3
1996-11-29,6521.7
1996-12-02,6521.7
1996-12-03,6442.7
1996-12-04,6422.9
1996-12-05,6437.1
1996-12-06,6381.9
1996-12-09,6463.9
1996-12-10,6473.3
1996-12-11,6402.5
1996-12-12,6303.7
1996-12-13,6304.9
1996-12-16,6268.4
1996-12-17,6308.3
1996-12-18,6346.8
1996-12-19,6473.6
1996-12-20,6484.4
1996-12-23,6489.0
1996-12-24,6522.9
1996-12-26,6546.7
1996-12-27,6560.9
1996-12-30,6549.4
1996-12-31,6448.3
1997-01-02,6442.5
1997-01-03,6544.1
1997-01-06,6567.2
1997-01-07,6600.7
1997-01-08,6549.5
1997-01-09,6625.7
1997-01-10,6703.8
1997-01-13,6709.2
1997-01-14,6762.3
1997-01-15,6726.9
1997-01-16,6765.4
1997-01-17,6833.1
1997-01-20,6843.9
1997-01-21,6883.9
1997-01-22,6850.0
1997-01-23,6755.8
1997-01-24,6696.5
1997-01-27,6660.7
1997-01-28,6656.1
1997-01-29,6740.7
1997-01-30,6823.9
1997-01-31,6813.1
1997-02-03,6806.2
1997-02-04,6833.5
1997-02-05,6746.9
1997-02-06,6773.1
1997-02-07,6855.8
1997-02-10,6806.5
1997-02-11,6858.1
1997-02-12,6961.6
1997-02-13,7022.4
1997-02-14,6989.0
1997-02-18,7067.5
1997-02-19,7020.1
1997-02-20,6927.4
1997-02-21,6931.6
1997-02-24,7008.2
1997-02-25,7037.8
1997-02-26,6983.2
1997-02-27,6925.1
1997-02-28,6877.7
1997-03-03,6918.9
1997-03-04,6852.7
1997-03-05,6945.9
1997-03-06,6944.7
1997-03-07,7000.9
1997-03-10,7079.4
1997-03-11,7085.2
1997-03-12,7039.4
1997-03-13,6878.9
1997-03-14,6935.5
1997-03-17,6955.5
1997-03-18,6896.6
1997-03-19,6877.7
1997-03-20,6820.3
1997-03-21,6804.8
1997-03-24,6905.3
1997-03-25,6876.2
1997-03-26,6880.7
1997-03-27,6740.6
1997-03-31,6583.5
1997-04-01,6611.1
1997-04-02,6517.0
1997-04-03,6477.4
1997-04-04,6526.1
1997-04-07,6555.9
1997-04-08,6609.2
1997-04-09,6563.8
1997-04-10,6540.1
1997-04-11,6391.7
1997-04-14,6451.9
1997-04-15,6587.2
1997-04-16,6679.9
1997-04-17,6658.6
1997-04-18,6703.6
1997-04-21,6660.2
1997-04-22,6833.6
1997-04-23,6812.7
1997-04-24,6792.3
1997-04-25,6738.9
1997-04-28,6783.0
1997-04-29,6962.0
1997-04-30,7009.0
1997-05-01,6976.5
1997-05-02,7071.2
1997-05-05,7213.7
1997-05-06,7225.3
1997-05-07,7085.7
1997-05-08,7136.6
1997-05-09,7169.5
1997-05-12,7292.8
1997-05-13,7274.2
1997-05-14,7286.2
1997-05-15,7333.6
1997-05-16,7194.7
1997-05-19,7228.9
1997-05-20,7303.5
1997-05-21,7290.7
1997-05-22,7258.1
1997-05-23,7345.9
1997-05-27,7383.4
1997-05-28,7357.2
1997-05-29,7330.2
1997-05-30,7331.0
1997-06-02,7289.4
1997-06-03,7312.2
1997-06-04,7269.7
1997-06-05,7305.3
1997-06-06,7435.8
1997-06-09,7478.5
1997-06-10,7539.3
1997-06-11,7575.8
1997-06-12,7711.5
1997-06-13,7782.0
1997-06-16,7772.1
1997-06-17,7760.8
1997-06-18,7718.7
1997-06-19,7777.1
1997-06-20,7796.5
1997-06-23,7604.3
1997-06-24,7758.1
1997-06-25,7690.0
1997-06-26,7654.3
1997-06-27,7687.7
1997-06-30,7672.8
1997-07-01,7722.3
1997-07-02,7795.4
1997-07-03,7895.8
1997-07-07,7858.5
1997-07-08,7962.3
1997-07-09,7842.4
1997-07-10,7886.8
1997-07-11,7921.8
1997-07-14,7923.0
1997-07-15,7975.7
1997-07-16,8038.9
1997-07-17,8020.8
1997-07-18,7890.5
1997-07-21,7906.7
1997-07-22,8061.7
1997-07-23,8088.4
1997-07-24,8116.9
1997-07-25,8113.4
1997-07-28,8121.1
1997-07-29,8174.5
1997-07-30,8254.9
1997-07-31,8222.6
1997-08-01,8194.0
1997-08-04,8198.5
1997-08-05,8187.5
1997-08-06,8259.3
1997-08-07,8188.0
1997-08-08,8031.2
1997-08-11,8062.1
1997-08-12,7960.8
1997-08-13,7928.3
1997-08-14,7942.0
1997-08-15,7694.7
1997-08-18,7803.4
1997-08-19,7918.1
1997-08-20,8021.2
1997-08-21,7894.0
1997-08-22,7887.9
1997-08-25,7859.6
1997-08-26,7782.2
1997-08-27,7787.3
1997-08-28,7694.4
1997-08-29,7622.4
1997-09-02,7879.8
1997-09-03,7894.6
1997-09-04,7867.2
1997-09-05,7822.4
1997-09-08,7835.2
1997-09-09,7851.9
1997-09-10,7719.3
1997-09-11,7661.0
1997-09-12,7743.0
1997-09-15,7721.1
1997-09-16,7895.9
1997-09-17,7886.4
1997-09-18,7922.7
1997-09-19,7917.3
1997-09-22,7996.8
1997-09-23,7970.1
1997-09-24,7906.7
1997-09-25,7848.0
1997-09-26,7922.2
1997-09-29,7991.4
1997-09-30,7945.3
1997-10-01,8015.5
1997-10-02,8027.5
1997-10-03,8038.6
1997-10-06,8100.2
1997-10-07,8178.3
1997-10-08,8095.1
1997-10-09,8061.4
1997-10-10,8045.2
1997-10-13,8072.2
1997-10-14,8096.3
1997-10-15,8058.0
1997-10-16,7938.9
1997-10-17,7847.0
1997-10-20,7921.4
1997-10-21,8060.4
1997-10-22,8034.7
1997-10-23,7847.8
1997-10-24,7715.4
1997-10-27,7161.2
1997-10-28,7498.3
1997-10-29,7506.7
1997-10-30,7381.7
1997-10-31,7442.1
1997-11-03,7674.4
1997-11-04,7689.1
1997-11-05,7692.6
1997-11-06,7683.2
1997-11-07,7581.3
1997-11-10,7552.6
1997-11-11,7558.7
1997-11-12,7401.3
1997-11-13,7487.8
1997-11-14,7572.5
1997-11-17,7698.2
1997-11-18,7650.8
1997-11-19,7724.7
1997-11-20,7826.6
1997-11-21,7881.1
1997-11-24,7767.9
1997-11-25,7809.0
1997-11-26,7794.8
1997-11-28,7823.1
1997-12-01,8013.1
1997-12-02,8018.8
1997-12-03,8032.0
1997-12-04,8050.2
1997-12-05,8149.1
1997-12-08,8110.8
1997-12-09,8049.7
1997-12-10,7978.8
1997-12-11,7849.0
1997-12-12,7838.3
1997-12-15,7922.6
1997-12-16,7976.3
1997-12-17,7957.4
1997-12-18,7846.5
1997-12-19,7756.3
1997-12-22,7819.3
1997-12-23,7691.8
1997-12-24,7660.1
1997-12-26,7679.3
1997-12-29,7792.4
1997-12-30,7916.0
1997-12-31,7908.3
1998-01-02,7965.0
1998-01-05,7979.0
1998-01-06,7906.3
1998-01-07,7902.3
1998-01-08,7802.6
1998-01-09,7580.4
1998-01-12,7647.2
1998-01-13,7732.1
1998-01-14,7784.7
1998-01-15,7691.8
1998-01-16,7753.6
1998-01-20,7873.1
1998-01-21,7794.4
1998-01-22,7730.9
1998-01-23,7700.7
1998-01-26,7712.9
1998-01-27,7815.1
1998-01-28,7915.5
1998-01-29,7973.0
1998-01-30,7906.5
1998-02-02,8107.8
1998-02-03,8160.4
1998-02-04,8129.7
1998-02-05,8117.3
1998-02-06,8189.5
1998-02-09,8180.5
1998-02-10,8295.6
1998-02-11,8314.6
1998-02-12,8369.6
1998-02-13,8370.1
1998-02-17,8398.5
1998-02-18,8451.1
1998-02-19,8375.6
1998-02-20,8413.9
1998-02-23,8410.2
1998-02-24,8370.1
1998-02-25,8457.8
1998-02-26,8490.7
1998-02-27,8545.7
1998-03-02,8550.5
1998-03-03,8584.8
1998-03-04,8539.2
1998-03-05,8444.3
1998-03-06,8569.4
1998-03-09,8567.1
1998-03-10,8643.1
1998-03-11,8675.8
1998-03-12,8659.6
1998-03-13,8602.5
1998-03-16,8718.9
1998-03-17,8750.0
1998-03-18,8775.4
1998-03-19,8803.1
1998-03-20,8906.4
1998-03-23,8816.3
1998-03-24,8904.4
1998-03-25,8872.8
1998-03-26,8846.9
1998-03-27,8796.1
1998-03-30,8782.1
1998-03-31,8799.8
1998-04-01,8868.3
1998-04-02,8986.6
1998-04-03,8983.4
1998-04-06,9033.2
1998-04-07,8956.5
1998-04-08,8891.5
1998-04-09,8994.9
1998-04-13,9012.3
1998-04-14,9110.2
1998-04-15,9162.3
1998-04-16,9076.6
1998-04-17,9167.5
1998-04-20,9141.8
1998-04-21,9184.9
1998-04-22,9176.7
1998-04-23,9143.3
1998-04-24,9064.6
1998-04-27,8917.6
1998-04-28,8899.0
1998-04-29,8951.5
1998-04-30,9063.4
1998-05-01,9147.1
1998-05-04,9192.7
1998-05-05,9147.6
1998-05-06,9054.7
1998-05-07,8976.7
1998-05-08,9055.2
1998-05-11,9091.5
1998-05-12,9161.8
1998-05-13,9211.8
1998-05-14,9172.2
1998-05-15,9096.0
1998-05-18,9050.9
1998-05-19,9054.7
1998-05-20,9171.5
1998-05-21,9132.4
1998-05-22,9114.4
1998-05-26,8963.7
1998-05-27,8936.6
1998-05-28,8970.2
1998-05-29,8900.0
1998-06-01,8922.4
1998-06-02,8891.2
1998-06-03,8803.8
1998-06-04,8870.6
1998-06-05,9037.7
1998-06-08,9069.6
1998-06-09,9049.9
1998-06-10,8971.7
1998-06-11,8811.8
1998-06-12,8834.9
1998-06-15,8627.9
1998-06-16,8665.3
1998-06-17,8829.5
1998-06-18,8813.0
1998-06-19,8712.9
1998-06-22,8711.1
1998-06-23,8828.5
1998-06-24,8923.9
1998-06-25,8935.6
1998-06-26,8944.5
1998-06-29,8997.4
1998-06-30,8952.0
1998-07-01,9048.7
1998-07-02,9025.3
1998-07-06,9091.8
1998-07-07,9085.0
1998-07-08,9175.0
1998-07-09,9089.8
1998-07-10,9105.7
1998-07-13,9096.2
1998-07-14,9245.5
1998-07-15,9234.5
1998-07-16,9328.2
1998-07-17,9338.0
1998-07-20,9295.8
1998-07-21,9190.2
1998-07-22,9128.9
1998-07-23,8933.0
1998-07-24,8937.4
1998-07-27,9028.2
1998-07-28,8934.8
1998-07-29,8915.0
1998-07-30,9027.0
1998-07-31,8883.3
1998-08-03,8786.7
1998-08-04,8487.3
1998-08-05,8546.8
1998-08-06,8577.7
1998-08-07,8598.0
1998-08-10,8574.9
1998-08-11,8462.9
1998-08-12,8553.0
1998-08-13,8459.5
1998-08-14,8425.0
1998-08-17,8574.9
1998-08-18,8714.7
1998-08-19,8693.3
1998-08-20,8611.4
1998-08-21,8533.7
1998-08-24,8566.6
1998-08-25,8602.7
1998-08-26,8523.4
1998-08-27,8166.0
1998-08-28,8051.7
1998-08-31,7539.1
1998-09-01,7827.4
1998-09-02,7782.4
1998-09-03,7682.2
1998-09-04,7640.3
1998-09-08,8020.8
1998-09-09,7865.0
1998-09-10,7615.5
1998-09-11,7795.5
1998-09-14,7945.4
1998-09-15,8024.4
1998-09-16,8089.8
1998-09-17,7873.8
1998-09-18,7895.7
1998-09-21,7933.3
1998-09-22,7897.2
1998-09-23,8154.4
1998-09-24,8002.0
1998-09-25,8028.8
1998-09-28,8108.8
1998-09-29,8080.5
1998-09-30,7842.6
1998-10-01,7632.5
1998-10-02,7784.7
1998-10-05,7726.2
1998-10-06,7743.0
1998-10-07,7741.7
1998-10-08,7731.9
1998-10-09,7899.5
1998-10-12,8001.5
1998-10-13,7938.1
1998-10-14,7968.8
1998-10-15,8299.4
1998-10-16,8416.8
1998-10-19,8466.5
1998-10-20,8505.9
1998-10-21,8519.2
1998-10-22,8533.1
1998-10-23,8452.3
1998-10-26,8432.2
1998-10-27,8366.0
1998-10-28,8372.0
1998-10-29,8495.0
1998-10-30,8592.1
1998-11-02,8706.2
1998-11-03,8706.2
1998-11-04,8783.1
1998-11-05,8915.5
1998-11-06,8975.5
1998-11-09,8898.0
1998-11-10,8864.0
1998-11-11,8823.8
1998-11-12,8829.7
1998-11-13,8919.6
1998-11-16,9011.3
1998-11-17,8986.3
1998-11-18,9041.1
1998-11-19,9056.1
1998-11-20,9159.6
1998-11-23,9374.3
1998-11-24,9301.2
1998-11-25,9314.3
1998-11-27,9333.1
1998-11-30,9116.6
1998-12-01,9133.5
1998-12-02,9064.5
1998-12-03,8879.7
1998-12-04,9016.1
1998-12-07,9070.5
1998-12-08,9028.0
1998-12-09,9009.2
1998-12-10,8841.6
1998-12-11,8821.8
1998-12-14,8695.6
1998-12-15,8823.3
1998-12-16,8790.6
1998-12-17,8875.8
1998-12-18,8903.6
1998-12-21,8988.9
1998-12-22,9044.5
1998-12-23,9202.0
1998-12-24,9218.0
1998-12-28,9226.8
1998-12-29,9321.0
1998-12-30,9274.6
1998-12-31,9181.4
1999-01-04,9184.3
1999-01-05,9311.2
1999-01-06,9545.0
1999-01-07,9537.8
1999-01-08,9643.3
1999-01-11,9619.9
1999-01-12,9474.7
1999-01-13,9349.6
1999-01-14,9120.9
1999-01-15,9340.6
1999-01-19,9355.2
1999-01-20,9335.9
1999-01-21,9264.1
1999-01-22,9120.7
1999-01-25,9203.3
1999-01-26,9324.6
1999-01-27,9200.2
1999-01-28,9281.3
1999-01-29,9358.8
1999-02-01,9345.7
1999-02-02,9274.1
1999-02-03,9366.8
1999-02-04,9304.5
1999-02-05,9304.2
1999-02-08,9291.1
1999-02-09,9133.0
1999-02-10,9177.3
1999-02-11,9363.5
1999-02-12,9274.9
1999-02-16,9297.0
1999-02-17,9195.5
1999-02-18,9298.6
1999-02-19,9340.0
1999-02-22,9552.7
1999-02-23,9544.4
1999-02-24,9399.7
1999-02-25,9366.3
1999-02-26,9306.6
1999-03-01,9324.8
1999-03-02,9297.6
1999-03-03,9275.9
1999-03-04,9467.4
1999-03-05,9736.1
1999-03-08,9727.6
1999-03-09,9693.8
1999-03-10,9772.8
1999-03-11,9897.4
1999-03-12,9876.4
1999-03-15,9958.8
1999-03-16,9930.5
1999-03-17,9879.4
1999-03-18,9997.6
1999-03-19,9903.6
1999-03-22,9890.5
1999-03-23,9671.8
1999-03-24,9666.8
1999-03-25,9836.4
1999-03-26,9822.2
1999-03-29,10006.8
1999-03-30,9913.3
1999-03-31,9786.2
1999-04-01,9832.5
1999-04-05,10007.3
1999-04-06,9963.5
1999-04-07,10085.3
1999-04-08,10197.7
1999-04-09,10173.8
1999-04-12,10339.5
1999-04-13,10395.0
1999-04-14,10411.7
1999-04-15,10462.7
1999-04-16,10493.9
1999-04-19,10440.5
1999-04-20,10448.6
1999-04-21,10581.4
1999-04-22,10727.2
1999-04-23,10689.7
1999-04-26,10718.6
1999-04-27,10831.7
1999-04-28,10845.5
1999-04-29,10878.4
1999-04-30,10789.0
1999-05-03,11014.7
1999-05-04,10886.1
1999-05-05,10955.4
1999-05-06,10946.8
1999-05-07,11031.6
1999-05-10,11007.3
1999-05-11,11026.2
1999-05-12,11000.4
1999-05-13,11107.2
1999-05-14,10913.3
1999-05-17,10853.5
1999-05-18,10837.0
1999-05-19,10887.4
1999-05-20,10866.7
1999-05-21,10829.3
1999-05-24,10654.7
1999-05-25,10531.1
1999-05-26,10702.2
1999-05-27,10466.9
1999-05-28,10559.7
1999-06-01,10596.3
1999-06-02,10577.9
1999-06-03,10663.7
1999-06-04,10799.8
1999-06-07,10909.4
1999-06-08,10765.6
1999-06-09,10690.3
1999-06-10,10621.3
1999-06-11,10490.5
1999-06-14,10563.3
1999-06-15,10595.0
1999-06-16,10785.0
1999-06-17,10841.6
1999-06-18,10855.6
1999-06-21,10816.0
1999-06-22,10721.6
1999-06-23,10666.9
1999-06-24,10534.8
1999-06-25,10552.6
1999-06-28,10655.2
1999-06-29,10815.4
1999-06-30,10970.8
1999-07-01,11066.4
1999-07-02,11139.2
1999-07-06,11135.1
1999-07-07,11187.4
1999-07-08,11126.9
1999-07-09,11193.7
1999-07-12,11201.0
1999-07-13,11175.0
1999-07-14,11148.1
1999-07-15,11186.4
1999-07-16,11209.8
1999-07-19,11187.7
1999-07-20,10996.1
1999-07-21,11002.8
1999-07-22,10969.2
1999-07-23,10911.0
1999-07-26,10863.2
1999-07-27,10979.0
1999-07-28,10972.1
1999-07-29,10791.3
1999-07-30,10655.2
1999-08-02,10646.0
1999-08-03,10677.3
1999-08-04,10674.8
1999-08-05,10793.8
1999-08-06,10714.0
1999-08-09,10707.7
1999-08-10,10655.2
1999-08-11,10787.8
1999-08-12,10789.4
1999-08-13,10973.7
1999-08-16,11046.8
1999-08-17,11117.1
1999-08-18,10991.4
1999-08-19,10963.8
1999-08-20,11100.6
1999-08-23,11299.8
1999-08-24,11283.3
1999-08-25,11326.0
1999-08-26,11198.5
1999-08-27,11090.2
1999-08-30,10914.1
1999-08-31,10829.3
1999-09-01,10937.9
1999-09-02,10843.2
1999-09-03,11078.5
1999-09-07,11034.1
1999-09-08,11036.3
1999-09-09,11079.4
1999-09-10,11028.4
1999-09-13,11030.3
1999-09-14,10910.3
1999-09-15,10801.4
1999-09-16,10737.5
1999-09-17,10803.6
1999-09-20,10823.9
1999-09-21,10598.5
1999-09-22,10524.1
1999-09-23,10318.6
1999-09-24,10279.3
1999-09-27,10303.4
1999-09-28,10275.5
1999-09-29,10213.5
1999-09-30,10337.0
1999-10-01,10273.0
1999-10-04,10401.2
1999-10-05,10400.6
1999-10-06,10588.3
1999-10-07,10537.1
1999-10-08,10649.8
1999-10-11,10648.2
1999-10-12,10417.1
1999-10-13,10232.2
1999-10-14,10286.6
1999-10-15,10019.7
1999-10-18,10116.3
1999-10-19,10204.9
1999-10-20,10392.4
1999-10-21,10297.7
1999-10-22,10470.3
1999-10-25,10349.9
1999-10-26,10302.1
1999-10-27,10394.9
1999-10-28,10622.5
1999-10-29,10729.9
1999-11-01,10648.5
1999-11-02,10581.8
1999-11-03,10609.1
1999-11-04,10639.6
1999-11-05,10704.5
1999-11-08,10718.8
1999-11-09,10617.3
1999-11-10,10597.7
1999-11-11,10595.3
1999-11-12,10769.3
1999-11-15,10760.8
1999-11-16,10932.3
1999-11-17,10883.1
1999-11-18,11035.7
1999-11-19,11003.9
1999-11-22,11089.5
1999-11-23,10995.6
1999-11-24,11008.2
1999-11-26,10988.9
1999-11-29,10947.9
1999-11-30,10877.8
1999-12-01,10998.4
1999-12-02,11039.1
1999-12-03,11286.2
1999-12-06,11225.0
1999-12-07,11106.7
1999-12-08,11068.1
1999-12-09,11134.8
1999-12-10,11224.7
1999-12-13,11192.6
1999-12-14,11160.2
1999-12-15,11225.3
1999-12-16,11244.9
1999-12-17,11257.4
1999-12-20,11144.3
1999-12-21,11200.5
1999-12-22,11203.6
1999-12-23,11405.8
1999-12-27,11391.1
1999-12-28,11476.7
1999-12-29,11484.7
1999-12-30,11452.9
1999-12-31,11497.1
2000-01-03,11357.5
2000-01-04,10997.9
2000-01-05,11122.7
2000-01-06,11253.3
2000-01-07,11522.6
2000-01-10,11572.2
2000-01-11,11511.1
2000-01-12,11551.1
2000-01-13,11582.4
2000-01-14,11723.0
2000-01-18,11560.7
2000-01-19,11489.4
2000-01-20,11351.3
2000-01-21,11251.7
2000-01-24,11008.2
2000-01-25,11029.9
2000-01-26,11033.0
2000-01-27,11028.0
2000-01-28,10738.9
2000-01-31,10940.5
2000-02-01,11041.0
2000-02-02,11003.2
2000-02-03,11013.4
2000-02-04,10963.8
2000-02-07,10905.8
2000-02-08,10957.6
2000-02-09,10699.2
2000-02-10,10643.6
2000-02-11,10425.2
2000-02-14,10519.8
2000-02-15,10718.1
2000-02-16,10561.4
2000-02-17,10514.6
2000-02-18,10219.5
2000-02-22,10304.8
2000-02-23,10225.7
2000-02-24,10092.6
2000-02-25,9862.12
2000-02-28,10038.7
2000-02-29,10128.3
2000-03-01,10137.9
2000-03-02,10164.9
2000-03-03,10367.2
2000-03-06,10170.5
2000-03-07,9796.03
2000-03-08,9856.53
2000-03-09,10010.7
2000-03-10,9928.82
2000-03-13,9947.13
2000-03-14,9811.24
2000-03-15,10131.4
2000-03-16,10630.6
2000-03-17,10595.2
2000-03-20,10680.2
2000-03-21,10907.3
2000-03-22,10866.7
2000-03-23,11119.9
2000-03-24,11112.7
2000-03-27,11025.8
2000-03-28,10936.1
2000-03-29,11018.7
2000-03-30,10980.2
2000-03-31,10921.9
2000-04-03,11221.9
2000-04-04,11164.8
2000-04-05,11033.9
2000-04-06,11114.3
2000-04-07,11111.5
2000-04-10,11186.6
2000-04-11,11287.1
2000-04-12,11125.1
2000-04-13,10923.5
2000-04-14,10305.8
2000-04-17,10582.5
2000-04-18,10767.4
2000-04-19,10675.0
2000-04-20,10844.0
2000-04-24,10906.1
2000-04-25,11124.8
2000-04-26,10945.5
2000-04-27,10888.1
2000-04-28,10733.9
2000-05-01,10811.8
2000-05-02,10731.1
2000-05-03,10480.1
2000-05-04,10412.5
2000-05-05,10577.9
2000-05-08,10603.6
2000-05-09,10536.8
2000-05-10,10367.8
2000-05-11,10546.0
2000-05-12,10609.4
2000-05-15,10807.8
2000-05-16,10934.6
2000-05-17,10769.7
2000-05-18,10777.3
2000-05-19,10626.8
2000-05-22,10542.5
2000-05-23,10422.3
2000-05-24,10535.3
2000-05-25,10323.9
2000-05-26,10299.2
2000-05-30,10527.1
2000-05-31,10522.3
2000-06-01,10652.2
2000-06-02,10794.8
2000-06-05,10815.3
2000-06-06,10735.6
2000-06-07,10812.9
2000-06-08,10668.7
2000-06-09,10614.1
2000-06-12,10564.2
2000-06-13,10621.8
2000-06-14,10688.0
2000-06-15,10714.8
2000-06-16,10449.3
2000-06-19,10557.8
2000-06-20,10435.2
2000-06-21,10497.7
2000-06-22,10376.1
2000-06-23,10404.8
2000-06-26,10543.0
2000-06-27,10504.5
2000-06-28,10527.8
2000-06-29,10399.1
2000-06-30,10447.9
2000-07-03,10560.7
2000-07-05,10483.6
2000-07-06,10481.5
2000-07-07,10636.0
2000-07-10,10646.6
2000-07-11,10727.2
2000-07-12,10783.8
2000-07-13,10788.7
2000-07-14,10812.8
2000-07-17,10804.3
2000-07-18,10739.9
2000-07-19,10696.1
2000-07-20,10843.9
2000-07-21,10733.6
2000-07-24,10685.1
2000-07-25,10700.0
2000-07-26,10516.5
2000-07-27,10586.1
2000-07-28,10511.2
2000-07-31,10522.0
2000-08-01,10607.0
2000-08-02,10687.5
2000-08-03,10706.2
2000-08-04,10767.8
2000-08-07,10867.0
2000-08-08,10976.9
2000-08-09,10905.8
2000-08-10,10908.8
2000-08-11,11027.8
2000-08-14,11176.1
2000-08-15,11067.0
2000-08-16,11008.4
2000-08-17,11055.6
2000-08-18,11046.5
2000-08-21,11079.8
2000-08-22,11139.2
2000-08-23,11144.7
2000-08-24,11182.7
2000-08-25,11192.6
2000-08-28,11252.8
2000-08-29,11215.1
2000-08-30,11103.0
2000-08-31,11215.1
2000-09-01,11238.8
2000-09-05,11260.6
2000-09-06,11310.6
2000-09-07,11259.9
2000-09-08,11220.7
2000-09-11,11195.5
2000-09-12,11233.2
2000-09-13,11182.2
2000-09-14,11087.5
2000-09-15,10927.0
2000-09-18,10808.5
2000-09-19,10789.3
2000-09-20,10687.9
2000-09-21,10765.5
2000-09-22,10847.4
2000-09-25,10808.2
2000-09-26,10631.3
2000-09-27,10628.4
2000-09-28,10824.1
2000-09-29,10650.9
2000-10-02,10700.1
2000-10-03,10719.7
2000-10-04,10784.5
2000-10-05,10724.9
2000-10-06,10596.5
2000-10-09,10568.4
2000-10-10,10524.4
2000-10-11,10413.8
2000-10-12,10034.6
2000-10-13,10192.2
2000-10-16,10238.8
2000-10-17,10089.7
2000-10-18,9975.02
2000-10-19,10143.0
2000-10-20,10226.6
2000-10-23,10271.7
2000-10-24,10393.1
2000-10-25,10326.5
2000-10-26,10380.1
2000-10-27,10590.6
2000-10-30,10835.8
2000-10-31,10971.1
2000-11-01,10899.5
2000-11-02,10880.5
2000-11-03,10818.0
2000-11-06,10977.2
2000-11-07,10952.2
2000-11-08,10907.1
2000-11-09,10834.2
2000-11-10,10603.0
2000-11-13,10517.2
2000-11-14,10681.1
2000-11-15,10707.6
2000-11-16,10656.0
2000-11-17,10629.9
2000-11-20,10462.7
2000-11-21,10494.5
2000-11-22,10399.3
2000-11-24,10470.2
2000-11-27,10546.1
2000-11-28,10507.6
2000-11-29,10629.1
2000-11-30,10414.5
2000-12-01,10373.5
2000-12-04,10560.1
2000-12-05,10898.7
2000-12-06,10664.4
2000-12-07,10617.4
2000-12-08,10712.9
2000-12-11,10725.8
2000-12-12,10768.3
2000-12-13,10794.4
2000-12-14,10675.0
2000-12-15,10435.0
2000-12-18,10645.4
2000-12-19,10584.4
2000-12-20,10318.9
2000-12-21,10487.3
2000-12-22,10635.6
2000-12-26,10692.4
2000-12-27,10803.2
2000-12-28,10868.8
2000-12-29,10786.8
2001-01-02,10646.2
2001-01-03,10945.8
2001-01-04,10912.4
2001-01-05,10662.0
2001-01-08,10621.3
2001-01-09,10572.5
2001-01-10,10604.3
2001-01-11,10609.5
2001-01-12,10525.4
2001-01-16,10652.7
2001-01-17,10584.3
2001-01-18,10678.3
2001-01-19,10587.6
2001-01-22,10578.2
2001-01-23,10649.8
2001-01-24,10647.0
2001-01-25,10729.5
2001-01-26,10660.0
2001-01-29,10702.2
2001-01-30,10881.2
2001-01-31,10887.4
2001-02-01,10983.6
2001-02-02,10864.1
2001-02-05,10965.8
2001-02-06,10957.4
2001-02-07,10946.7
2001-02-08,10880.5
2001-02-09,10781.5
2001-02-12,10946.8
2001-02-13,10903.3
2001-02-14,10795.4
2001-02-15,10891.0
2001-02-16,10799.8
2001-02-20,10730.9
2001-02-21,10526.6
2001-02-22,10526.8
2001-02-23,10441.9
2001-02-26,10642.5
2001-02-27,10636.9
2001-02-28,10495.3
2001-03-01,10450.1
2001-03-02,10466.3
2001-03-05,10562.3
2001-03-06,10591.2
2001-03-07,10729.6
2001-03-08,10858.2
2001-03-09,10644.6
2001-03-12,10208.2
2001-03-13,10290.8
2001-03-14,9973.46
2001-03-15,10031.3
2001-03-16,9823.41
2001-03-19,9959.11
2001-03-20,9720.76
2001-03-21,9487.0
2001-03-22,9389.48
2001-03-23,9504.78
2001-03-26,9687.53
2001-03-27,9947.54
2001-03-28,9785.35
2001-03-29,9799.06
2001-03-30,9878.78
2001-04-02,9777.93
2001-04-03,9485.71
2001-04-04,9515.42
2001-04-05,9918.05
2001-04-06,9791.09
2001-04-09,9845.15
2001-04-10,10102.7
2001-04-11,10013.5
2001-04-12,10126.9
2001-04-16,10158.6
2001-04-17,10216.7
2001-04-18,10615.8
2001-04-19,10693.7
2001-04-20,10579.8
2001-04-23,10532.2
2001-04-24,10454.3
2001-04-25,10625.2
2001-04-26,10692.3
2001-04-27,10810.0
2001-04-30,10735.0
2001-05-01,10898.3
2001-05-02,10876.7
2001-05-03,10796.7
2001-05-04,10951.2
2001-05-07,10935.2
2001-05-08,10883.5
2001-05-09,10867.0
2001-05-10,10910.4
2001-05-11,10821.3
2001-05-14,10877.3
2001-05-15,10873.0
2001-05-16,11215.9
2001-05-17,11248.6
2001-05-18,11301.7
2001-05-21,11337.9
2001-05-22,11257.2
2001-05-23,11105.5
2001-05-24,11122.4
2001-05-25,11005.4
2001-05-29,11039.1
2001-05-30,10872.6
2001-05-31,10911.9
2001-06-01,10990.4
2001-06-04,11061.5
2001-06-05,11175.8
2001-06-06,11070.2
2001-06-07,11090.7
2001-06-08,10977.0
2001-06-11,10922.1
2001-06-12,10948.4
2001-06-13,10871.6
2001-06-14,10690.1
2001-06-15,10623.6
2001-06-18,10645.4
2001-06-19,10596.7
2001-06-20,10647.3
2001-06-21,10715.4
2001-06-22,10604.6
2001-06-25,10504.2
2001-06-26,10472.5
2001-06-27,10434.8
2001-06-28,10566.2
2001-06-29,10502.4
2001-07-02,10593.7
2001-07-03,10571.1
2001-07-05,10479.9
2001-07-06,10252.7
2001-07-09,10299.4
2001-07-10,10175.6
2001-07-11,10241.0
2001-07-12,10479.0
2001-07-13,10539.1
2001-07-16,10472.1
2001-07-17,10606.4
2001-07-18,10569.8
2001-07-19,10610.0
2001-07-20,10576.7
2001-07-23,10424.4
2001-07-24,10241.1
2001-07-25,10405.7
2001-07-26,10455.6
2001-07-27,10416.7
2001-07-30,10401.7
2001-07-31,10522.8
2001-08-01,10510.0
2001-08-02,10551.2
2001-08-03,10512.8
2001-08-06,10401.3
2001-08-07,10458.7
2001-08-08,10293.5
2001-08-09,10298.6
2001-08-10,10416.2
2001-08-13,10415.9
2001-08-14,10412.2
2001-08-15,10346.0
2001-08-16,10392.5
2001-08-17,10240.8
2001-08-20,10320.1
2001-08-21,10174.1
2001-08-22,10276.9
2001-08-23,10229.2
2001-08-24,10423.2
2001-08-27,10382.3
2001-08-28,10222.0
2001-08-29,10090.9
2001-08-30,9919.58
2001-08-31,9949.75
2001-09-04,9997.49
2001-09-05,10033.3
2001-09-06,9840.84
2001-09-07,9605.85
2001-09-10,9605.51
2001-09-17,8920.7
2001-09-18,8903.4
2001-09-19,8759.13
2001-09-20,8376.21
2001-09-21,8235.81
2001-09-24,8603.86
2001-09-25,8659.97
2001-09-26,8567.39
2001-09-27,8681.42
2001-09-28,8847.56
2001-10-01,8836.83
2001-10-02,8950.59
2001-10-03,9123.78
2001-10-04,9060.88
2001-10-05,9119.77
2001-10-08,9067.94
2001-10-09,9052.44
2001-10-10,9240.86
2001-10-11,9410.45
2001-10-12,9344.16
2001-10-15,9347.62
2001-10-16,9384.23
2001-10-17,9232.97
2001-10-18,9163.22
2001-10-19,9204.11
2001-10-22,9377.03
2001-10-23,9340.08
2001-10-24,9345.62
2001-10-25,9462.9
2001-10-26,9545.17
2001-10-29,9269.5
2001-10-30,9121.98
2001-10-31,9075.14
2001-11-01,9263.9
2001-11-02,9323.54
2001-11-05,9441.03
2001-11-06,9591.12
2001-11-07,9554.37
2001-11-08,9587.52
2001-11-09,9608.0
2001-11-12,9554.37
2001-11-13,9750.95
2001-11-14,9823.61
2001-11-15,9872.39
2001-11-16,9866.99
2001-11-19,9976.46
2001-11-20,9901.38
2001-11-21,9834.68
2001-11-23,9959.71
2001-11-26,9982.75
2001-11-27,9872.6
2001-11-28,9711.86
2001-11-29,9829.42
2001-11-30,9851.56
2001-12-03,9763.96
2001-12-04,9893.84
2001-12-05,10114.3
2001-12-06,10099.1
2001-12-07,10049.5
2001-12-10,9921.45
2001-12-11,9888.37
2001-12-12,9894.81
2001-12-13,9766.45
2001-12-14,9811.15
2001-12-17,9891.97
2001-12-18,9998.39
2001-12-19,10070.5
2001-12-20,9985.18
2001-12-21,10035.3
2001-12-24,10035.3
2001-12-26,10088.1
2001-12-27,10131.3
2001-12-28,10137.0
2001-12-31,10021.5
2002-01-02,10073.4
2002-01-03,10172.1
2002-01-04,10259.7
2002-01-07,10197.0
2002-01-08,10150.5
2002-01-09,10094.1
2002-01-10,10067.9
2002-01-11,9987.53
2002-01-14,9891.42
2002-01-15,9924.15
2002-01-16,9712.27
2002-01-17,9850.04
2002-01-18,9771.85
2002-01-22,9713.8
2002-01-23,9730.96
2002-01-24,9796.07
2002-01-25,9840.08
2002-01-28,9865.75
2002-01-29,9618.24
2002-01-30,9762.86
2002-01-31,9920.0
2002-02-01,9907.26
2002-02-04,9687.09
2002-02-05,9685.43
2002-02-06,9653.39
2002-02-07,9625.44
2002-02-08,9744.24
2002-02-11,9884.78
2002-02-12,9863.74
2002-02-13,9989.67
2002-02-14,10002.0
2002-02-15,9903.04
2002-02-19,9745.14
2002-02-20,9941.17
2002-02-21,9834.68
2002-02-22,9968.15
2002-02-25,10145.7
2002-02-26,10115.3
2002-02-27,10127.6
2002-02-28,10106.1
2002-03-01,10368.9
2002-03-04,10586.8
2002-03-05,10433.4
2002-03-06,10574.3
2002-03-07,10525.4
2002-03-08,10572.5
2002-03-11,10611.2
2002-03-12,10632.3
2002-03-13,10501.8
2002-03-14,10517.1
2002-03-15,10607.2
2002-03-18,10577.8
2002-03-19,10635.2
2002-03-20,10501.6
2002-03-21,10479.8
2002-03-22,10427.7
2002-03-25,10281.7
2002-03-26,10353.4
2002-03-27,10426.9
2002-03-28,10403.9
2002-04-01,10362.7
2002-04-02,10313.7
2002-04-03,10198.3
2002-04-04,10235.2
2002-04-05,10271.6
2002-04-08,10249.1
2002-04-09,10208.7
2002-04-10,10381.7
2002-04-11,10176.1
2002-04-12,10190.8
2002-04-15,10093.7
2002-04-16,10301.3
2002-04-17,10220.8
2002-04-18,10205.3
2002-04-19,10257.1
2002-04-22,10136.4
2002-04-23,10089.2
2002-04-24,10030.4
2002-04-25,10035.1
2002-04-26,9910.72
2002-04-29,9819.87
2002-04-30,9946.22
2002-05-01,10059.6
2002-05-02,10091.9
2002-05-03,10006.6
2002-05-06,9808.04
2002-05-07,9836.55
2002-05-08,10141.8
2002-05-09,10037.4
2002-05-10,9939.92
2002-05-13,10109.7
2002-05-14,10298.1
2002-05-15,10243.7
2002-05-16,10289.2
2002-05-17,10353.1
2002-05-20,10229.5
2002-05-21,10105.7
2002-05-22,10157.9
2002-05-23,10216.1
2002-05-24,10104.3
2002-05-28,9981.58
2002-05-29,9923.04
2002-05-30,9911.69
2002-05-31,9925.25
2002-06-03,9709.79
2002-06-04,9687.84
2002-06-05,9796.8
2002-06-06,9624.64
2002-06-07,9589.67
2002-06-10,9645.4
2002-06-11,9517.26
2002-06-12,9617.71
2002-06-13,9502.8
2002-06-14,9474.21
2002-06-17,9687.42
2002-06-18,9706.12
2002-06-19,9561.57
2002-06-20,9431.77
2002-06-21,9253.79
2002-06-24,9281.82
2002-06-25,9126.82
2002-06-26,9120.11
2002-06-27,9269.92
2002-06-28,9243.26
2002-07-01,9109.79
2002-07-02,9007.75
2002-07-03,9054.97
2002-07-05,9379.5
2002-07-08,9274.9
2002-07-09,9096.09
2002-07-10,8813.5
2002-07-11,8801.53
2002-07-12,8684.53
2002-07-15,8639.19
2002-07-16,8473.11
2002-07-17,8542.48
2002-07-18,8409.49
2002-07-19,8019.26
2002-07-22,7784.58
2002-07-23,7702.34
2002-07-24,8191.29
2002-07-25,8186.31
2002-07-26,8264.39
2002-07-29,8711.88
2002-07-30,8680.03
2002-07-31,8736.59
2002-08-01,8506.62
2002-08-02,8313.13
2002-08-05,8043.63
2002-08-06,8274.09
2002-08-07,8456.15
2002-08-08,8712.02
2002-08-09,8745.45
2002-08-12,8688.89
2002-08-13,8482.46
2002-08-14,8743.31
2002-08-15,8818.14
2002-08-16,8778.06
2002-08-19,8990.79
2002-08-20,8872.07
2002-08-21,8957.02
2002-08-22,9053.64
2002-08-23,8872.96
2002-08-26,8919.01
2002-08-27,8824.41
2002-08-28,8694.09
2002-08-29,8670.99
2002-08-30,8663.5
2002-09-03,8308.05
2002-09-04,8425.12
2002-09-05,8283.7
2002-09-06,8427.2
2002-09-09,8519.38
2002-09-10,8602.61
2002-09-11,8581.17
2002-09-12,8379.41
2002-09-13,8312.69
2002-09-16,8380.18
2002-09-17,8207.55
2002-09-18,8172.45
2002-09-19,7942.39
2002-09-20,7986.02
2002-09-23,7872.15
2002-09-24,7683.13
2002-09-25,7841.82
2002-09-26,7997.12
2002-09-27,7701.45
2002-09-30,7591.93
2002-10-01,7938.79
2002-10-02,7755.61
2002-10-03,7717.19
2002-10-04,7528.4
2002-10-07,7422.84
2002-10-08,7501.49
2002-10-09,7286.27
2002-10-10,7533.95
2002-10-11,7850.29
2002-10-14,7877.4
2002-10-15,8255.68
2002-10-16,8036.03
2002-10-17,8275.04
2002-10-18,8322.4
2002-10-21,8538.24
2002-10-22,8450.16
2002-10-23,8494.27
2002-10-24,8317.34
2002-10-25,8443.99
2002-10-28,8368.04
2002-10-29,8368.94
2002-10-30,8427.41
2002-10-31,8397.03
2002-11-01,8517.64
2002-11-04,8571.6
2002-11-05,8678.27
2002-11-06,8771.01
2002-11-07,8586.24
2002-11-08,8537.13
2002-11-11,8358.95
2002-11-12,8386.0
2002-11-13,8398.49
2002-11-14,8542.13
2002-11-15,8579.09
2002-11-18,8486.57
2002-11-19,8474.78
2002-11-20,8623.01
2002-11-21,8845.15
2002-11-22,8804.84
2002-11-25,8849.4
2002-11-26,8676.42
2002-11-27,8931.68
2002-11-29,8896.09
2002-12-02,8862.57
2002-12-03,8742.93
2002-12-04,8737.85
2002-12-05,8623.28
2002-12-06,8645.77
2002-12-09,8473.41
2002-12-10,8574.26
2002-12-11,8589.14
2002-12-12,8538.4
2002-12-13,8433.71
2002-12-16,8627.4
2002-12-17,8535.39
2002-12-18,8447.35
2002-12-19,8364.8
2002-12-20,8512.01
2002-12-23,8493.29
2002-12-24,8448.11
2002-12-26,8432.61
2002-12-27,8303.78
2002-12-30,8332.85
2002-12-31,8341.63
2003-01-02,8607.52
2003-01-03,8601.69
2003-01-06,8773.57
2003-01-07,8740.59
2003-01-08,8595.31
2003-01-09,8776.18
2003-01-10,8784.89
2003-01-13,8785.98
2003-01-14,8842.62
2003-01-15,8723.18
2003-01-16,8697.87
2003-01-17,8586.74
2003-01-21,8442.9
2003-01-22,8318.73
2003-01-23,8369.47
2003-01-24,8131.01
2003-01-27,7989.56
2003-01-28,8088.84
2003-01-29,8110.71
2003-01-30,7945.13
2003-01-31,8053.81
2003-02-03,8109.82
2003-02-04,8013.29
2003-02-05,7985.18
2003-02-06,7929.3
2003-02-07,7864.23
2003-02-10,7920.11
2003-02-11,7843.11
2003-02-12,7758.17
2003-02-13,7749.87
2003-02-14,7908.8
2003-02-18,8041.15
2003-02-19,8000.6
2003-02-20,7914.96
2003-02-21,8018.11
2003-02-24,7858.24
2003-02-25,7909.5
2003-02-26,7806.98
2003-02-27,7884.99
2003-02-28,7891.08
2003-03-03,7837.86
2003-03-04,7704.87
2003-03-05,7775.6
2003-03-06,7673.99
2003-03-07,7740.03
2003-03-10,7568.18
2003-03-11,7524.06
2003-03-12,7552.07
2003-03-13,7821.75
2003-03-14,7859.71
2003-03-17,8141.92
2003-03-18,8194.23
2003-03-19,8265.45
2003-03-20,8286.6
2003-03-21,8521.62
2003-03-24,8214.68
2003-03-25,8280.23
2003-03-26,8229.88
2003-03-27,8201.45
2003-03-28,8145.77
2003-03-31,7992.13
2003-04-01,8069.86
2003-04-02,8285.06
2003-04-03,8240.38
2003-04-04,8277.15
2003-04-07,8300.41
2003-04-08,8298.92
2003-04-09,8197.94
2003-04-10,8221.33
2003-04-11,8203.41
2003-04-14,8351.1
2003-04-15,8402.36
2003-04-16,8257.61
2003-04-17,8337.65
2003-04-21,8328.9
2003-04-22,8484.99
2003-04-23,8515.66
2003-04-24,8440.04
2003-04-25,8306.35
2003-04-28,8471.61
2003-04-29,8502.99
2003-04-30,8480.09
2003-05-01,8454.25
2003-05-02,8582.68
2003-05-05,8531.57
2003-05-06,8588.36
2003-05-07,8560.63
2003-05-08,8491.22
2003-05-09,8604.6
2003-05-12,8726.73
2003-05-13,8679.25
2003-05-14,8647.82
2003-05-15,8713.14
2003-05-16,8678.97
2003-05-19,8493.39
2003-05-20,8491.36
2003-05-21,8516.43
2003-05-22,8594.02
2003-05-23,8601.38
2003-05-27,8781.35
2003-05-28,8793.12
2003-05-29,8711.18
2003-05-30,8850.26
2003-06-02,8897.81
2003-06-03,8922.95
2003-06-04,9038.98
2003-06-05,9041.3
2003-06-06,9062.79
2003-06-09,8980.0
2003-06-10,9054.89
2003-06-11,9183.22
2003-06-12,9196.55
2003-06-13,9117.12
2003-06-16,9318.96
2003-06-17,9323.02
2003-06-18,9293.8
2003-06-19,9179.53
2003-06-20,9200.75
2003-06-23,9072.95
2003-06-24,9109.85
2003-06-25,9011.53
2003-06-26,9079.04
2003-06-27,8989.05
2003-06-30,8985.44
2003-07-01,9040.95
2003-07-02,9142.84
2003-07-03,9070.21
2003-07-07,9216.79
2003-07-08,9223.09
2003-07-09,9156.21
2003-07-10,9036.04
2003-07-11,9119.59
2003-07-14,9177.15
2003-07-15,9128.97
2003-07-16,9094.59
2003-07-17,9050.82
2003-07-18,9188.15
2003-07-21,9096.69
2003-07-22,9158.45
2003-07-23,9194.24
2003-07-24,9112.51
2003-07-25,9284.57
2003-07-28,9266.51
2003-07-29,9204.46
2003-07-30,9200.05
2003-07-31,9233.8
2003-08-01,9153.97
2003-08-04,9186.04
2003-08-05,9036.32
2003-08-06,9061.74
2003-08-07,9126.45
2003-08-08,9191.09
2003-08-11,9217.35
2003-08-12,9310.06
2003-08-13,9271.76
2003-08-14,9310.56
2003-08-15,9321.69
2003-08-18,9412.45
2003-08-19,9428.9
2003-08-20,9397.51
2003-08-21,9423.68
2003-08-22,9348.87
2003-08-25,9317.64
2003-08-26,9340.45
2003-08-27,9333.79
2003-08-28,9374.21
2003-08-29,9415.82
2003-09-02,9523.27
2003-09-03,9568.46
2003-09-04,9587.9
2003-09-05,9503.34
2003-09-08,9586.29
2003-09-09,9507.2
2003-09-10,9420.46
2003-09-11,9459.76
2003-09-12,9471.55
2003-09-15,9448.81
2003-09-16,9567.34
2003-09-17,9545.65
2003-09-18,9659.13
2003-09-19,9644.82
2003-09-22,9535.41
2003-09-23,9576.04
2003-09-24,9425.51
2003-09-25,9343.96
2003-09-26,9313.08
2003-09-29,9380.24
2003-09-30,9275.06
2003-10-01,9469.2
2003-10-02,9487.8
2003-10-03,9572.31
2003-10-06,9594.98
2003-10-07,9654.61
2003-10-08,9630.9
2003-10-09,9680.01
2003-10-10,9674.68
2003-10-13,9764.38
2003-10-14,9812.98
2003-10-15,9803.05
2003-10-16,9791.72
2003-10-17,9721.79
2003-10-20,9777.94
2003-10-21,9747.64
2003-10-22,9598.24
2003-10-23,9613.13
2003-10-24,9582.46
2003-10-27,9608.16
2003-10-28,9748.31
2003-10-29,9774.53
2003-10-30,9786.61
2003-10-31,9801.12
2003-11-03,9858.46
2003-11-04,9838.83
2003-11-05,9820.83
2003-11-06,9856.97
2003-11-07,9809.79
2003-11-10,9756.53
2003-11-11,9737.79
2003-11-12,9848.83
2003-11-13,9837.94
2003-11-14,9768.68
2003-11-17,9710.83
2003-11-18,9624.16
2003-11-19,9690.46
2003-11-20,9619.42
2003-11-21,9628.53
2003-11-24,9747.79
2003-11-25,9763.94
2003-11-26,9779.57
2003-11-28,9782.46
2003-12-01,9899.05
2003-12-02,9853.64
2003-12-03,9873.42
2003-12-04,9930.82
2003-12-05,9862.68
2003-12-08,9965.27
2003-12-09,9923.42
2003-12-10,9921.86
2003-12-11,10008.2
2003-12-12,10042.2
2003-12-15,10022.8
2003-12-16,10129.6
2003-12-17,10145.3
2003-12-18,10248.1
2003-12-19,10278.2
2003-12-22,10338.0
2003-12-23,10341.3
2003-12-24,10305.2
2003-12-26,10324.7
2003-12-29,10450.0
2003-12-30,10425.0
2003-12-31,10453.9
2004-01-02,10409.8
2004-01-05,10544.1
2004-01-06,10538.7
2004-01-07,10529.0
2004-01-08,10592.4
2004-01-09,10458.9
2004-01-12,10485.2
2004-01-13,10427.2
2004-01-14,10538.4
2004-01-15,10553.8
2004-01-16,10600.5
2004-01-20,10528.7
2004-01-21,10623.6
2004-01-22,10623.2
2004-01-23,10568.3
2004-01-26,10702.5
2004-01-27,10609.9
2004-01-28,10468.4
2004-01-29,10510.3
2004-01-30,10488.1
2004-02-02,10499.2
2004-02-03,10505.2
2004-02-04,10470.7
2004-02-05,10495.5
2004-02-06,10593.0
2004-02-09,10579.0
2004-02-10,10613.8
2004-02-11,10737.7
2004-02-12,10694.1
2004-02-13,10627.8
2004-02-17,10714.9
2004-02-18,10672.0
2004-02-19,10664.7
2004-02-20,10619.0
2004-02-23,10609.6
2004-02-24,10566.4
2004-02-25,10601.6
2004-02-26,10580.1
2004-02-27,10583.9
2004-03-01,10678.1
2004-03-02,10591.5
2004-03-03,10593.1
2004-03-04,10588.0
2004-03-05,10595.5
2004-03-08,10529.5
2004-03-09,10457.0
2004-03-10,10296.9
2004-03-11,10128.4
2004-03-12,10240.1
2004-03-15,10102.9
2004-03-16,10184.7
2004-03-17,10300.3
2004-03-18,10295.8
2004-03-19,10186.6
2004-03-22,10064.8
2004-03-23,10063.6
2004-03-24,10048.2
2004-03-25,10218.8
2004-03-26,10213.0
2004-03-29,10329.6
2004-03-30,10381.7
2004-03-31,10357.7
2004-04-01,10373.3
2004-04-02,10470.6
2004-04-05,10558.4
2004-04-06,10570.8
2004-04-07,10480.2
2004-04-08,10442.0
2004-04-12,10515.6
2004-04-13,10381.3
2004-04-14,10378.0
2004-04-15,10397.5
2004-04-16,10452.0
2004-04-19,10437.8
2004-04-20,10314.5
2004-04-21,10317.3
2004-04-22,10461.2
2004-04-23,10472.8
2004-04-26,10444.7
2004-04-27,10478.2
2004-04-28,10342.6
2004-04-29,10272.3
2004-04-30,10225.6
2004-05-03,10314.0
2004-05-04,10317.2
2004-05-05,10311.0
2004-05-06,10241.3
2004-05-07,10117.3
2004-05-10,9990.02
2004-05-11,10019.5
2004-05-12,10045.2
2004-05-13,10010.7
2004-05-14,10012.9
2004-05-17,9906.91
2004-05-18,9968.51
2004-05-19,9937.71
2004-05-20,9937.64
2004-05-21,9966.74
2004-05-24,9958.43
2004-05-25,10117.6
2004-05-26,10109.9
2004-05-27,10205.2
2004-05-28,10188.5
2004-06-01,10202.7
2004-06-02,10263.0
2004-06-03,10195.9
2004-06-04,10242.8
2004-06-07,10391.1
2004-06-08,10432.5
2004-06-09,10368.4
2004-06-10,10410.1
2004-06-14,10334.7
2004-06-15,10380.4
2004-06-16,10379.6
2004-06-17,10377.5
2004-06-18,10416.4
2004-06-21,10371.5
2004-06-22,10395.1
2004-06-23,10479.6
2004-06-24,10443.8
2004-06-25,10371.8
2004-06-28,10357.1
2004-06-29,10413.4
2004-06-30,10435.5
2004-07-01,10334.2
2004-07-02,10282.8
2004-07-06,10219.3
2004-07-07,10240.3
2004-07-08,10171.6
2004-07-09,10213.2
2004-07-12,10238.2
2004-07-13,10247.6
2004-07-14,10208.8
2004-07-15,10163.2
2004-07-16,10139.8
2004-07-19,10094.1
2004-07-20,10149.1
2004-07-21,10046.1
2004-07-22,10050.3
2004-07-23,9962.22
2004-07-26,9961.92
2004-07-27,10085.1
2004-07-28,10117.1
2004-07-29,10129.2
2004-07-30,10139.7
2004-08-02,10179.2
2004-08-03,10120.2
2004-08-04,10126.5
2004-08-05,9963.03
2004-08-06,9815.33
2004-08-09,9814.66
2004-08-10,9944.67
2004-08-11,9938.32
2004-08-12,9814.59
2004-08-13,9825.35
2004-08-16,9954.55
2004-08-17,9972.83
2004-08-18,10083.2
2004-08-19,10040.8
2004-08-20,10110.1
2004-08-23,10073.0
2004-08-24,10098.6
2004-08-25,10181.7
2004-08-26,10173.4
2004-08-27,10195.0
2004-08-30,10122.5
2004-08-31,10173.9
2004-09-01,10168.5
2004-09-02,10290.3
2004-09-03,10260.2
2004-09-07,10342.8
2004-09-08,10313.4
2004-09-09,10289.1
2004-09-10,10313.1
2004-09-13,10314.8
2004-09-14,10318.2
2004-09-15,10231.4
2004-09-16,10244.5
2004-09-17,10284.5
2004-09-20,10204.9
2004-09-21,10244.9
2004-09-22,10109.2
2004-09-23,10038.9
2004-09-24,10047.2
2004-09-27,9988.54
2004-09-28,10077.4
2004-09-29,10136.2
2004-09-30,10080.3
2004-10-01,10192.7
2004-10-04,10216.5
2004-10-05,10177.7
2004-10-06,10239.9
2004-10-07,10125.4
2004-10-08,10055.2
2004-10-11,10082.0
2004-10-12,10077.2
2004-10-13,10002.3
2004-10-14,9894.45
2004-10-15,9933.38
2004-10-18,9956.32
2004-10-19,9897.62
2004-10-20,9886.93
2004-10-21,9865.76
2004-10-22,9757.81
2004-10-25,9749.99
2004-10-26,9888.48
2004-10-27,10002.0
2004-10-28,10004.5
2004-10-29,10027.5
2004-11-01,10054.4
2004-11-02,10035.7
2004-11-03,10137.0
2004-11-04,10314.8
2004-11-05,10387.5
2004-11-08,10391.3
2004-11-09,10386.4
2004-11-10,10385.5
2004-11-11,10469.8
2004-11-12,10539.0
2004-11-15,10550.2
2004-11-16,10487.7
2004-11-17,10549.6
2004-11-18,10572.5
2004-11-19,10456.9
2004-11-22,10489.4
2004-11-23,10492.6
2004-11-24,10520.3
2004-11-26,10522.2
2004-11-29,10475.9
2004-11-30,10428.0
2004-12-01,10590.2
2004-12-02,10585.1
2004-12-03,10592.2
2004-12-06,10547.1
2004-12-07,10440.6
2004-12-08,10494.2
2004-12-09,10552.8
2004-12-10,10543.2
2004-12-13,10638.3
2004-12-14,10676.5
2004-12-15,10691.5
2004-12-16,10705.6
2004-12-17,10649.9
2004-12-20,10661.6
2004-12-21,10759.4
2004-12-22,10815.9
2004-12-23,10827.1
2004-12-27,10776.1
2004-12-28,10854.5
2004-12-29,10829.2
2004-12-30,10800.3
2004-12-31,10783.0
2005-01-03,10729.4
2005-01-04,10630.8
2005-01-05,10597.8
2005-01-06,10622.9
2005-01-07,10604.0
2005-01-10,10621.0
2005-01-11,10556.2
2005-01-12,10617.8
2005-01-13,10505.8
2005-01-14,10558.0
2005-01-18,10628.8
2005-01-19,10540.0
2005-01-20,10471.5
2005-01-21,10393.0
2005-01-24,10368.6
2005-01-25,10461.6
2005-01-26,10498.6
2005-01-27,10467.4
2005-01-28,10427.2
2005-01-31,10489.9
2005-02-01,10551.9
2005-02-02,10596.8
2005-02-03,10593.1
2005-02-04,10716.1
2005-02-07,10715.8
2005-02-08,10724.6
2005-02-09,10664.1
2005-02-10,10749.6
2005-02-11,10796.0
2005-02-14,10791.1
2005-02-15,10837.3
2005-02-16,10834.9
2005-02-17,10754.3
2005-02-18,10785.2
2005-02-22,10611.2
2005-02-23,10673.8
2005-02-24,10748.8
2005-02-25,10841.6
2005-02-28,10766.2
2005-03-01,10830.0
2005-03-02,10812.0
2005-03-03,10833.0
2005-03-04,10940.5
2005-03-07,10936.9
2005-03-08,10912.6
2005-03-09,10805.6
2005-03-10,10851.5
2005-03-11,10774.4
2005-03-14,10804.5
2005-03-15,10745.1
2005-03-16,10633.1
2005-03-17,10626.3
2005-03-18,10629.7
2005-03-21,10565.4
2005-03-22,10470.5
2005-03-23,10456.0
2005-03-24,10442.9
2005-03-28,10485.7
2005-03-29,10405.7
2005-03-30,10540.9
2005-03-31,10503.8
2005-04-01,10404.3
2005-04-04,10421.1
2005-04-05,10458.5
2005-04-06,10486.0
2005-04-07,10546.3
2005-04-08,10461.3
2005-04-11,10448.6
2005-04-12,10508.0
2005-04-13,10403.9
2005-04-14,10278.8
2005-04-15,10087.5
2005-04-18,10071.2
2005-04-19,10127.4
2005-04-20,10012.4
2005-04-21,10218.6
2005-04-22,10157.7
2005-04-25,10242.5
2005-04-26,10151.1
2005-04-27,10198.8
2005-04-28,10070.4
2005-04-29,10192.5
2005-05-02,10251.7
2005-05-03,10257.0
2005-05-04,10384.6
2005-05-05,10340.4
2005-05-06,10345.4
2005-05-09,10384.3
2005-05-10,10281.1
2005-05-11,10300.2
2005-05-12,10189.5
2005-05-13,10140.1
2005-05-16,10252.3
2005-05-17,10331.9
2005-05-18,10464.5
2005-05-19,10493.2
2005-05-20,10471.9
2005-05-23,10523.6
2005-05-24,10503.7
2005-05-25,10457.8
2005-05-26,10537.6
2005-05-27,10542.5
2005-05-31,10467.5
2005-06-01,10549.9
2005-06-02,10553.5
2005-06-03,10461.0
2005-06-06,10467.0
2005-06-07,10483.1
2005-06-08,10476.9
2005-06-09,10503.0
2005-06-10,10512.6
2005-06-13,10522.6
2005-06-14,10547.6
2005-06-15,10566.4
2005-06-16,10578.7
2005-06-17,10623.1
2005-06-20,10609.1
2005-06-21,10599.7
2005-06-22,10587.9
2005-06-23,10421.4
2005-06-24,10297.8
2005-06-27,10290.8
2005-06-28,10405.6
2005-06-29,10374.5
2005-06-30,10275.0
2005-07-01,10303.4
2005-07-05,10371.8
2005-07-06,10270.7
2005-07-07,10302.3
2005-07-08,10449.1
2005-07-11,10519.7
2005-07-12,10513.9
2005-07-13,10557.4
2005-07-14,10628.9
2005-07-15,10640.8
2005-07-18,10575.0
2005-07-19,10646.6
2005-07-20,10689.2
2005-07-21,10627.8
2005-07-22,10651.2
2005-07-25,10596.5
2005-07-26,10579.8
2005-07-27,10637.1
2005-07-28,10705.5
2005-07-29,10640.9
2005-08-01,10623.2
2005-08-02,10683.7
2005-08-03,10697.6
2005-08-04,10610.1
2005-08-05,10558.0
2005-08-08,10536.9
2005-08-09,10615.7
2005-08-10,10594.4
2005-08-11,10685.9
2005-08-12,10600.3
2005-08-15,10634.4
2005-08-16,10513.5
2005-08-17,10550.7
2005-08-18,10554.9
2005-08-19,10559.2
2005-08-22,10569.9
2005-08-23,10519.6
2005-08-24,10434.9
2005-08-25,10450.6
2005-08-26,10397.3
2005-08-29,10463.0
2005-08-30,10412.8
2005-08-31,10481.6
2005-09-01,10459.6
2005-09-02,10447.4
2005-09-06,10589.2
2005-09-07,10633.5
2005-09-08,10595.9
2005-09-09,10678.6
2005-09-12,10682.9
2005-09-13,10597.4
2005-09-14,10544.9
2005-09-15,10558.8
2005-09-16,10641.9
2005-09-19,10557.6
2005-09-20,10481.5
2005-09-21,10378.0
2005-09-22,10422.0
2005-09-23,10419.6
2005-09-26,10443.6
2005-09-27,10456.2
2005-09-28,10473.1
2005-09-29,10552.8
2005-09-30,10568.7
2005-10-03,10535.5
2005-10-04,10441.1
2005-10-05,10317.4
2005-10-06,10287.1
2005-10-07,10292.3
2005-10-10,10238.8
2005-10-11,10253.2
2005-10-12,10216.9
2005-10-13,10216.6
2005-10-14,10287.3
2005-10-17,10348.1
2005-10-18,10285.3
2005-10-19,10414.1
2005-10-20,10281.1
2005-10-21,10215.2
2005-10-24,10385.0
2005-10-25,10377.9
2005-10-26,10345.0
2005-10-27,10230.0
2005-10-28,10402.8
2005-10-31,10440.1
2005-11-01,10406.8
2005-11-02,10472.7
2005-11-03,10522.6
2005-11-04,10530.8
2005-11-07,10586.2
2005-11-08,10539.7
2005-11-09,10546.2
2005-11-10,10640.1
2005-11-11,10686.0
2005-11-14,10697.2
2005-11-15,10686.4
2005-11-16,10674.8
2005-11-17,10720.2
2005-11-18,10766.3
2005-11-21,10820.3
2005-11-22,10871.4
2005-11-23,10916.1
2005-11-25,10931.6
2005-11-28,10890.7
2005-11-29,10888.2
2005-11-30,10805.9
2005-12-01,10912.6
2005-12-02,10877.5
2005-12-05,10835.0
2005-12-06,10856.9
2005-12-07,10810.9
2005-12-08,10755.1
2005-12-09,10778.6
2005-12-12,10767.8
2005-12-13,10823.7
2005-12-14,10883.5
2005-12-15,10881.7
2005-12-16,10875.6
2005-12-19,10836.5
2005-12-20,10805.5
2005-12-21,10833.7
2005-12-22,10889.4
2005-12-23,10883.3
2005-12-27,10777.8
2005-12-28,10796.2
2005-12-29,10784.8
2005-12-30,10717.5
2006-01-03,10847.4
2006-01-04,10880.2
2006-01-05,10882.2
2006-01-06,10959.3
2006-01-09,11011.9
2006-01-10,11011.6
2006-01-11,11043.4
2006-01-12,10962.4
2006-01-13,10959.9
2006-01-17,10896.3
2006-01-18,10854.9
2006-01-19,10880.7
2006-01-20,10667.4
2006-01-23,10688.8
2006-01-24,10712.2
2006-01-25,10709.7
2006-01-26,10809.5
2006-01-27,10907.2
2006-01-30,10899.9
2006-01-31,10864.9
2006-02-01,10954.0
2006-02-02,10852.0
2006-02-03,10793.6
2006-02-06,10798.3
2006-02-07,10749.8
2006-02-08,10858.6
2006-02-09,10883.3
2006-02-10,10919.0
2006-02-13,10892.3
2006-02-14,11028.4
2006-02-15,11059.0
2006-02-16,11120.7
2006-02-17,11115.3
2006-02-21,11069.0
2006-02-22,11137.2
2006-02-23,11069.2
2006-02-24,11061.8
2006-02-27,11097.5
2006-02-28,10993.4
2006-03-01,11053.5
2006-03-02,11025.5
2006-03-03,11021.6
2006-03-06,10958.6
2006-03-07,10980.7
2006-03-08,11005.7
2006-03-09,10972.3
2006-03-10,11076.3
2006-03-13,11076.0
2006-03-14,11151.3
2006-03-15,11209.8
2006-03-16,11253.2
2006-03-17,11279.7
2006-03-20,11274.5
2006-03-21,11235.5
2006-03-22,11317.4
2006-03-23,11270.3
2006-03-24,11280.0
2006-03-27,11250.1
2006-03-28,11154.5
2006-03-29,11215.7
2006-03-30,11150.7
2006-03-31,11109.3
2006-04-03,11144.9
2006-04-04,11203.8
2006-04-05,11239.5
2006-04-06,11216.5
2006-04-07,11120.0
2006-04-10,11141.3
2006-04-11,11089.6
2006-04-12,11130.0
2006-04-13,11137.7
2006-04-17,11073.8
2006-04-18,11268.8
2006-04-19,11278.8
2006-04-20,11342.9
2006-04-21,11347.5
2006-04-24,11336.3
2006-04-25,11283.2
2006-04-26,11354.5
2006-04-27,11382.5
2006-04-28,11367.1
2006-05-01,11343.3
2006-05-02,11416.5
2006-05-03,11400.3
2006-05-04,11438.9
2006-05-05,11577.7
2006-05-08,11584.5
2006-05-09,11639.8
2006-05-10,11642.7
2006-05-11,11500.7
2006-05-12,11381.0
2006-05-15,11428.8
2006-05-16,11419.9
2006-05-17,11205.6
2006-05-18,11128.3
2006-05-19,11144.0
2006-05-22,11125.3
2006-05-23,11098.3
2006-05-24,11117.3
2006-05-25,11211.0
2006-05-26,11278.6
2006-05-30,11094.4
2006-05-31,11168.3
2006-06-01,11260.3
2006-06-02,11247.9
2006-06-05,11048.7
2006-06-06,11002.1
2006-06-07,10930.9
2006-06-08,10938.8
2006-06-09,10891.9
2006-06-12,10792.6
2006-06-13,10706.1
2006-06-14,10816.9
2006-06-15,11015.2
2006-06-16,11014.5
2006-06-19,10942.1
2006-06-20,10974.8
2006-06-21,11079.5
2006-06-22,11019.1
2006-06-23,10989.1
2006-06-26,11045.3
2006-06-27,10924.7
2006-06-28,10973.5
2006-06-29,11190.8
2006-06-30,11150.2
2006-07-03,11228.0
2006-07-05,11151.8
2006-07-06,11225.3
2006-07-07,11090.7
2006-07-10,11103.5
2006-07-11,11134.8
2006-07-12,11013.2
2006-07-13,10846.3
2006-07-14,10739.3
2006-07-17,10747.4
2006-07-18,10799.2
2006-07-19,11011.4
2006-07-20,10928.1
2006-07-21,10868.4
2006-07-24,11051.0
2006-07-25,11103.7
2006-07-26,11102.5
2006-07-27,11100.4
2006-07-28,11219.7
2006-07-31,11185.7
2006-08-01,11125.7
2006-08-02,11199.9
2006-08-03,11242.6
2006-08-04,11240.3
2006-08-07,11219.4
2006-08-08,11173.6
2006-08-09,11076.2
2006-08-10,11124.4
2006-08-11,11088.0
2006-08-14,11097.9
2006-08-15,11230.2
2006-08-16,11327.1
2006-08-17,11335.0
2006-08-18,11381.5
2006-08-21,11345.0
2006-08-22,11339.8
2006-08-23,11297.9
2006-08-24,11304.5
2006-08-25,11284.0
2006-08-28,11352.0
2006-08-29,11369.9
2006-08-30,11382.9
2006-08-31,11381.2
2006-09-01,11464.2
2006-09-05,11469.3
2006-09-06,11406.2
2006-09-07,11331.4
2006-09-08,11392.1
2006-09-11,11396.8
2006-09-12,11498.1
2006-09-13,11543.3
2006-09-14,11527.4
2006-09-15,11560.8
2006-09-18,11555.0
2006-09-19,11540.9
2006-09-20,11613.2
2006-09-21,11533.2
2006-09-22,11508.1
2006-09-25,11575.8
2006-09-26,11669.4
2006-09-27,11689.2
2006-09-28,11718.5
2006-09-29,11679.1
2006-10-02,11670.3
2006-10-03,11727.3
2006-10-04,11850.6
2006-10-05,11866.7
2006-10-06,11850.2
2006-10-09,11857.8
2006-10-10,11867.2
2006-10-11,11852.1
2006-10-12,11947.7
2006-10-13,11960.5
2006-10-16,11980.6
2006-10-17,11950.0
2006-10-18,11992.7
2006-10-19,12011.7
2006-10-20,12002.4
2006-10-23,12116.9
2006-10-24,12127.9
2006-10-25,12134.7
2006-10-26,12163.7
2006-10-27,12090.2
2006-10-30,12086.5
2006-10-31,12080.7
2006-11-01,12031.0
2006-11-02,12018.5
2006-11-03,11986.0
2006-11-06,12105.5
2006-11-07,12156.8
2006-11-08,12176.5
2006-11-09,12103.3
2006-11-10,12108.4
2006-11-13,12131.9
2006-11-14,12218.0
2006-11-15,12251.7
2006-11-16,12305.8
2006-11-17,12342.5
2006-11-20,12316.5
2006-11-21,12321.6
2006-11-22,12327.0
2006-11-24,12280.2
2006-11-27,12121.7
2006-11-28,12136.5
2006-11-29,12226.7
2006-11-30,12221.9
2006-12-01,12194.1
2006-12-04,12283.8
2006-12-05,12331.6
2006-12-06,12309.2
2006-12-07,12278.4
2006-12-08,12307.5
2006-12-11,12328.5
2006-12-12,12315.6
2006-12-13,12317.5
2006-12-14,12416.8
2006-12-15,12445.5
2006-12-18,12441.3
2006-12-19,12471.3
2006-12-20,12463.9
2006-12-21,12421.2
2006-12-22,12343.2
2006-12-26,12407.6
2006-12-27,12510.6
2006-12-28,12501.5
2006-12-29,12463.2
2007-01-03,12474.5
2007-01-04,12480.7
2007-01-05,12398.0
2007-01-08,12423.5
2007-01-09,12416.6
2007-01-10,12442.2
2007-01-11,12515.0
2007-01-12,12556.1
2007-01-16,12582.6
2007-01-17,12577.2
2007-01-18,12567.9
2007-01-19,12565.5
2007-01-22,12477.2
2007-01-23,12533.8
2007-01-24,12621.8
2007-01-25,12502.5
2007-01-26,12487.0
2007-01-29,12490.8
2007-01-30,12523.3
2007-01-31,12621.7
2007-02-01,12673.7
2007-02-02,12653.5
2007-02-05,12661.7
2007-02-06,12666.3
2007-02-07,12666.9
2007-02-08,12637.6
2007-02-09,12580.8
2007-02-12,12552.5
2007-02-13,12654.8
2007-02-14,12741.9
2007-02-15,12765.0
2007-02-16,12767.6
2007-02-20,12786.6
2007-02-21,12738.4
2007-02-22,12686.0
2007-02-23,12647.5
2007-02-26,12632.2
2007-02-27,12216.2
2007-02-28,12268.6
2007-03-01,12234.3
2007-03-02,12114.1
2007-03-05,12050.4
2007-03-06,12207.6
2007-03-07,12192.5
2007-03-08,12260.7
2007-03-09,12276.3
2007-03-12,12318.6
2007-03-13,12076.0
2007-03-14,12133.4
2007-03-15,12159.7
2007-03-16,12110.4
2007-03-19,12226.2
2007-03-20,12288.1
2007-03-21,12447.5
2007-03-22,12461.1
2007-03-23,12481.0
2007-03-26,12469.1
2007-03-27,12397.3
2007-03-28,12300.4
2007-03-29,12348.8
2007-03-30,12354.3
2007-04-02,12382.3
2007-04-03,12510.3
2007-04-04,12530.0
2007-04-05,12560.2
2007-04-09,12569.1
2007-04-10,12573.8
2007-04-11,12484.6
2007-04-12,12553.0
2007-04-13,12612.1
2007-04-16,12720.5
2007-04-17,12773.0
2007-04-18,12803.8
2007-04-19,12808.6
2007-04-20,12962.0
2007-04-23,12919.4
2007-04-24,12953.9
2007-04-25,13089.9
2007-04-26,13105.5
2007-04-27,13120.9
2007-04-30,13062.9
2007-05-01,13136.1
2007-05-02,13211.9
2007-05-03,13241.4
2007-05-04,13264.6
2007-05-07,13313.0
2007-05-08,13309.1
2007-05-09,13362.9
2007-05-10,13215.1
2007-05-11,13326.2
2007-05-14,13346.8
2007-05-15,13383.8
2007-05-16,13487.5
2007-05-17,13476.7
2007-05-18,13556.5
2007-05-21,13542.9
2007-05-22,13540.0
2007-05-23,13525.7
2007-05-24,13441.1
2007-05-25,13507.3
2007-05-29,13521.3
2007-05-30,13633.1
2007-05-31,13627.6
2007-06-01,13668.1
2007-06-04,13676.3
2007-06-05,13595.5
2007-06-06,13465.7
2007-06-07,13266.7
2007-06-08,13424.4
2007-06-11,13425.0
2007-06-12,13295.0
2007-06-13,13482.3
2007-06-14,13553.7
2007-06-15,13639.5
2007-06-18,13613.0
2007-06-19,13635.4
2007-06-20,13489.4
2007-06-21,13545.8
2007-06-22,13360.2
2007-06-25,13352.0
2007-06-26,13337.7
2007-06-27,13427.7
2007-06-28,13422.3
2007-06-29,13408.6
2007-07-02,13535.4
2007-07-03,13577.3
2007-07-05,13565.8
2007-07-06,13611.7
2007-07-09,13650.0
2007-07-10,13501.7
2007-07-11,13577.9
2007-07-12,13861.7
2007-07-13,13907.2
2007-07-16,13951.0
2007-07-17,13971.5
2007-07-18,13918.2
2007-07-19,14000.4
2007-07-20,13851.1
2007-07-23,13943.4
2007-07-24,13717.0
2007-07-25,13785.1
2007-07-26,13473.6
2007-07-27,13265.5
2007-07-30,13358.3
2007-07-31,13212.0
2007-08-01,13362.4
2007-08-02,13463.3
2007-08-03,13181.9
2007-08-06,13468.8
2007-08-07,13504.3
2007-08-08,13657.9
2007-08-09,13270.7
2007-08-10,13239.5
2007-08-13,13236.5
2007-08-14,13028.9
2007-08-15,12861.5
2007-08-16,12845.8
2007-08-17,13079.1
2007-08-20,13121.3
2007-08-21,13090.9
2007-08-22,13236.1
2007-08-23,13235.9
2007-08-24,13378.9
2007-08-27,13322.1
2007-08-28,13041.8
2007-08-29,13289.3
2007-08-30,13238.7
2007-08-31,13357.7
2007-09-04,13448.9
2007-09-05,13305.5
2007-09-06,13363.3
2007-09-07,13113.4
2007-09-10,13127.8
2007-09-11,13308.4
2007-09-12,13291.7
2007-09-13,13424.9
2007-09-14,13442.5
2007-09-17,13403.4
2007-09-18,13739.4
2007-09-19,13815.5
2007-09-20,13766.7
2007-09-21,13820.2
2007-09-24,13759.0
2007-09-25,13778.7
2007-09-26,13878.2
2007-09-27,13912.9
2007-09-28,13895.6
2007-10-01,14087.5
2007-10-02,14047.3
2007-10-03,13968.0
2007-10-04,13974.3
2007-10-05,14066.0
2007-10-08,14043.7
2007-10-09,14164.5
2007-10-10,14078.7
2007-10-11,14015.1
2007-10-12,14093.1
2007-10-15,13984.8
2007-10-16,13912.9
2007-10-17,13892.5
2007-10-18,13889.0
2007-10-19,13522.0
2007-10-22,13567.0
2007-10-23,13676.2
2007-10-24,13675.2
2007-10-25,13671.9
2007-10-26,13806.7
2007-10-29,13870.2
2007-10-30,13792.5
2007-10-31,13930.0
2007-11-01,13567.9
2007-11-02,13595.1
2007-11-05,13543.4
2007-11-06,13660.9
2007-11-07,13300.0
2007-11-08,13266.3
2007-11-09,13042.7
2007-11-12,12987.5
2007-11-13,13307.1
2007-11-14,13231.0
2007-11-15,13110.0
2007-11-16,13176.8
2007-11-19,12958.4
2007-11-20,13010.1
2007-11-21,12799.0
2007-11-23,12980.9
2007-11-26,12743.4
2007-11-27,12958.4
2007-11-28,13289.5
2007-11-29,13311.7
2007-11-30,13371.7
2007-12-03,13314.6
2007-12-04,13248.7
2007-12-05,13445.0
2007-12-06,13619.9
2007-12-07,13625.6
2007-12-10,13727.0
2007-12-11,13432.8
2007-12-12,13473.9
2007-12-13,13518.0
2007-12-14,13339.8
2007-12-17,13167.2
2007-12-18,13232.5
2007-12-19,13207.3
2007-12-20,13245.6
2007-12-21,13450.7
2007-12-24,13549.3
2007-12-26,13551.7
2007-12-27,13359.6
2007-12-28,13365.9
2007-12-31,13264.8
2008-01-02,13044.0
2008-01-03,13056.7
2008-01-04,12800.2
2008-01-07,12827.5
2008-01-08,12589.1
2008-01-09,12735.3
2008-01-10,12853.1
2008-01-11,12606.3
2008-01-14,12778.2
2008-01-15,12501.1
2008-01-16,12466.2
2008-01-17,12159.2
2008-01-18,12099.3
2008-01-22,11971.2
2008-01-23,12270.2
2008-01-24,12378.6
2008-01-25,12207.2
2008-01-28,12383.9
2008-01-29,12480.3
2008-01-30,12442.8
2008-01-31,12650.4
2008-02-01,12743.2
2008-02-04,12635.2
2008-02-05,12265.1
2008-02-06,12200.1
2008-02-07,12247.0
2008-02-08,12182.1
2008-02-11,12240.0
2008-02-12,12373.4
2008-02-13,12552.2
2008-02-14,12377.0
2008-02-15,12348.2
2008-02-19,12337.2
2008-02-20,12427.2
2008-02-21,12284.3
2008-02-22,12381.0
2008-02-25,12570.2
2008-02-26,12684.9
2008-02-27,12694.3
2008-02-28,12582.2
2008-02-29,12266.4
2008-03-03,12258.9
2008-03-04,12213.8
2008-03-05,12255.0
2008-03-06,12040.4
2008-03-07,11893.7
2008-03-10,11740.2
2008-03-11,12156.8
2008-03-12,12110.2
2008-03-13,12145.7
2008-03-14,11951.1
2008-03-17,11972.2
2008-03-18,12392.7
2008-03-19,12099.7
2008-03-20,12361.3
2008-03-24,12548.6
2008-03-25,12532.6
2008-03-26,12422.9
2008-03-27,12302.5
2008-03-28,12216.4
2008-03-31,12262.9
2008-04-01,12654.4
2008-04-02,12605.8
2008-04-03,12626.0
2008-04-04,12609.4
2008-04-07,12612.4
2008-04-08,12576.4
2008-04-09,12527.2
2008-04-10,12582.0
2008-04-11,12325.4
2008-04-14,12302.0
2008-04-15,12362.5
2008-04-16,12619.3
2008-04-17,12620.5
2008-04-18,12849.4
2008-04-21,12825.0
2008-04-22,12720.2
2008-04-23,12763.2
2008-04-24,12849.0
2008-04-25,12891.9
2008-04-28,12871.8
2008-04-29,12831.9
2008-04-30,12820.1
2008-05-01,13010.0
2008-05-02,13058.2
2008-05-05,12969.5
2008-05-06,13020.8
2008-05-07,12814.3
2008-05-08,12866.8
2008-05-09,12745.9
2008-05-12,12876.3
2008-05-13,12832.2
2008-05-14,12898.4
2008-05-15,12992.7
2008-05-16,12986.8
2008-05-19,13028.2
2008-05-20,12828.7
2008-05-21,12601.2
2008-05-22,12625.6
2008-05-23,12479.6
2008-05-27,12548.3
2008-05-28,12594.0
2008-05-29,12646.2
2008-05-30,12638.3
2008-06-02,12503.8
2008-06-03,12402.8
2008-06-04,12390.5
2008-06-05,12604.5
2008-06-06,12209.8
2008-06-09,12280.3
2008-06-10,12289.8
2008-06-11,12083.8
2008-06-12,12141.6
2008-06-13,12307.3
2008-06-16,12269.1
2008-06-17,12160.3
2008-06-18,12029.0
2008-06-19,12063.1
2008-06-20,11842.7
2008-06-23,11842.4
2008-06-24,11807.4
2008-06-25,11811.8
2008-06-26,11453.4
2008-06-27,11346.5
2008-06-30,11350.0
2008-07-01,11382.2
2008-07-02,11215.5
2008-07-03,11288.5
2008-07-07,11232.0
2008-07-08,11384.2
2008-07-09,11147.4
2008-07-10,11229.0
2008-07-11,11100.5
2008-07-14,11055.2
2008-07-15,10962.5
2008-07-16,11239.3
2008-07-17,11446.7
2008-07-18,11496.6
2008-07-21,11467.3
2008-07-22,11602.5
2008-07-23,11632.4
2008-07-24,11349.3
2008-07-25,11370.7
2008-07-28,11131.1
2008-07-29,11397.5
2008-07-30,11583.7
2008-07-31,11378.0
2008-08-01,11326.3
2008-08-04,11284.2
2008-08-05,11615.8
2008-08-06,11656.1
2008-08-07,11431.4
2008-08-08,11734.3
2008-08-11,11782.3
2008-08-12,11642.5
2008-08-13,11533.0
2008-08-14,11615.9
2008-08-15,11659.9
2008-08-18,11479.4
2008-08-19,11348.5
2008-08-20,11417.4
2008-08-21,11430.2
2008-08-22,11628.0
2008-08-25,11386.2
2008-08-26,11412.9
2008-08-27,11502.5
2008-08-28,11715.2
2008-08-29,11543.5
2008-09-02,11516.9
2008-09-03,11532.9
2008-09-04,11188.2
2008-09-05,11221.0
2008-09-08,11510.7
2008-09-09,11230.7
2008-09-10,11268.9
2008-09-11,11433.7
2008-09-12,11422.0
2008-09-15,10917.5
2008-09-16,11059.0
2008-09-17,10609.7
2008-09-18,11019.7
2008-09-19,11388.4
2008-09-22,11015.7
2008-09-23,10854.2
2008-09-24,10825.2
2008-09-25,11022.1
2008-09-26,11143.1
2008-09-29,10365.5
2008-09-30,10850.7
2008-10-01,10831.1
2008-10-02,10482.8
2008-10-03,10325.4
2008-10-06,9955.5
2008-10-07,9447.11
2008-10-08,9258.1
2008-10-09,8579.19
2008-10-10,8451.19
2008-10-13,9387.61
2008-10-14,9310.99
2008-10-15,8577.91
2008-10-16,8979.26
2008-10-17,8852.22
2008-10-20,9265.43
2008-10-21,9033.66
2008-10-22,8519.21
2008-10-23,8691.25
2008-10-24,8378.95
2008-10-27,8175.77
2008-10-28,9065.12
2008-10-29,8990.96
2008-10-30,9180.69
2008-10-31,9325.01
2008-11-03,9319.83
2008-11-04,9625.28
2008-11-05,9139.27
2008-11-06,8695.79
2008-11-07,8943.81
2008-11-10,8870.54
2008-11-11,8693.96
2008-11-12,8282.66
2008-11-13,8835.25
2008-11-14,8497.31
2008-11-17,8273.58
2008-11-18,8424.75
2008-11-19,7997.28
2008-11-20,7552.29
2008-11-21,8046.42
2008-11-24,8443.39
2008-11-25,8479.47
2008-11-26,8726.61
2008-11-28,8829.04
2008-12-01,8149.09
2008-12-02,8419.09
2008-12-03,8591.69
2008-12-04,8376.24
2008-12-05,8635.42
2008-12-08,8934.18
2008-12-09,8691.33
2008-12-10,8761.42
2008-12-11,8565.09
2008-12-12,8629.68
2008-12-15,8564.53
2008-12-16,8924.14
2008-12-17,8824.34
2008-12-18,8604.99
2008-12-19,8579.11
2008-12-22,8519.69
2008-12-23,8419.49
2008-12-24,8468.48
2008-12-26,8515.55
2008-12-29,8483.93
2008-12-30,8668.39
2008-12-31,8776.39
2009-01-02,9034.69
2009-01-05,8952.89
2009-01-06,9015.1
2009-01-07,8769.7
2009-01-08,8742.46
2009-01-09,8599.18
2009-01-12,8473.97
2009-01-13,8448.56
2009-01-14,8200.14
2009-01-15,8212.49
2009-01-16,8281.22
2009-01-20,7949.09
2009-01-21,8228.1
2009-01-22,8122.8
2009-01-23,8077.56
2009-01-26,8116.03
2009-01-27,8174.73
2009-01-28,8375.45
2009-01-29,8149.01
2009-01-30,8000.86
2009-02-02,7936.75
2009-02-03,8078.36
2009-02-04,7956.66
2009-02-05,8063.07
2009-02-06,8280.59
2009-02-09,8270.87
2009-02-10,7888.88
2009-02-11,7939.53
2009-02-12,7932.76
2009-02-13,7850.41
2009-02-17,7552.6
2009-02-18,7555.63
2009-02-19,7465.95
2009-02-20,7365.67
2009-02-23,7114.78
2009-02-24,7350.94
2009-02-25,7270.89
2009-02-26,7182.08
2009-02-27,7062.93
2009-03-02,6763.29
2009-03-03,6726.02
2009-03-04,6875.84
2009-03-05,6594.44
2009-03-06,6626.94
2009-03-09,6547.05
2009-03-10,6926.49
2009-03-11,6930.4
2009-03-12,7170.06
2009-03-13,7223.98
2009-03-16,7216.97
2009-03-17,7395.7
2009-03-18,7486.58
2009-03-19,7400.8
2009-03-20,7278.38
2009-03-23,7775.86
2009-03-24,7660.21
2009-03-25,7749.81
2009-03-26,7924.56
2009-03-27,7776.18
2009-03-30,7522.02
2009-03-31,7608.92
2009-04-01,7761.6
2009-04-02,7978.08
2009-04-03,8017.59
2009-04-06,7975.85
2009-04-07,7789.56
2009-04-08,7837.11
2009-04-09,8083.38
2009-04-13,8057.81
2009-04-14,7920.18
2009-04-15,8029.62
2009-04-16,8125.43
2009-04-17,8131.33
2009-04-20,7841.73
2009-04-21,7969.56
2009-04-22,7886.57
2009-04-23,7957.06
2009-04-24,8076.29
2009-04-27,8025.0
2009-04-28,8016.95
2009-04-29,8185.73
2009-04-30,8168.12
2009-05-01,8212.41
2009-05-04,8426.74
2009-05-05,8410.65
2009-05-06,8512.28
2009-05-07,8409.85
2009-05-08,8574.65
2009-05-11,8418.77
2009-05-12,8469.11
2009-05-13,8284.89
2009-05-14,8331.32
2009-05-15,8268.64
2009-05-18,8504.08
2009-05-19,8474.85
2009-05-20,8422.04
2009-05-21,8292.13
2009-05-22,8277.32
2009-05-26,8473.49
2009-05-27,8300.02
2009-05-28,8403.8
2009-05-29,8500.33
2009-06-01,8721.44
2009-06-02,8740.87
2009-06-03,8675.24
2009-06-04,8750.24
2009-06-05,8763.13
2009-06-08,8764.49
2009-06-09,8763.06
2009-06-10,8739.02
2009-06-11,8770.92
2009-06-12,8799.26
2009-06-15,8612.13
2009-06-16,8504.67
2009-06-17,8497.18
2009-06-18,8555.6
2009-06-19,8539.73
2009-06-22,8339.01
2009-06-23,8322.91
2009-06-24,8299.86
2009-06-25,8472.4
2009-06-26,8438.39
2009-06-29,8529.38
2009-06-30,8447.0
2009-07-01,8504.06
2009-07-02,8280.74
2009-07-06,8324.87
2009-07-07,8163.6
2009-07-08,8178.41
2009-07-09,8183.17
2009-07-10,8146.52
2009-07-13,8331.68
2009-07-14,8359.49
2009-07-15,8616.21
2009-07-16,8711.82
2009-07-17,8743.94
2009-07-20,8848.15
2009-07-21,8915.94
2009-07-22,8881.26
2009-07-23,9069.29
2009-07-24,9093.24
2009-07-27,9108.51
2009-07-28,9096.72
2009-07-29,9070.72
2009-07-30,9154.46
2009-07-31,9171.61
2009-08-03,9286.56
2009-08-04,9320.19
2009-08-05,9280.97
2009-08-06,9256.26
2009-08-07,9370.07
2009-08-10,9337.95
2009-08-11,9241.45
2009-08-12,9361.61
2009-08-13,9398.19
2009-08-14,9321.4
2009-08-17,9135.34
2009-08-18,9217.94
2009-08-19,9279.16
2009-08-20,9350.05
2009-08-21,9505.96
2009-08-24,9509.28
2009-08-25,9539.29
2009-08-26,9543.52
2009-08-27,9580.63
2009-08-28,9544.2
2009-08-31,9496.28
2009-09-01,9310.6
2009-09-02,9280.67
2009-09-03,9344.61
2009-09-04,9441.27
2009-09-08,9497.34
2009-09-09,9547.22
2009-09-10,9627.48
2009-09-11,9605.41
2009-09-14,9626.8
2009-09-15,9683.41
2009-09-16,9791.71
2009-09-17,9783.92
2009-09-18,9820.2
2009-09-21,9778.86
2009-09-22,9829.87
2009-09-23,9748.55
2009-09-24,9707.44
2009-09-25,9665.19
2009-09-28,9789.36
2009-09-29,9742.2
2009-09-30,9712.28
2009-10-01,9509.28
2009-10-02,9487.67
2009-10-05,9599.75
2009-10-06,9731.25
2009-10-07,9725.58
2009-10-08,9786.87
2009-10-09,9864.94
2009-10-12,9885.8
2009-10-13,9871.06
2009-10-14,10015.9
2009-10-15,10062.9
2009-10-16,9995.91
2009-10-19,10092.2
2009-10-20,10041.5
2009-10-21,9949.36
2009-10-22,10081.3
2009-10-23,9972.18
2009-10-26,9867.96
2009-10-27,9882.17
2009-10-28,9762.69
2009-10-29,9962.58
2009-10-30,9712.73
2009-11-02,9789.44
2009-11-03,9771.91
2009-11-04,9802.14
2009-11-05,10006.0
2009-11-06,10023.4
2009-11-09,10226.9
2009-11-10,10247.0
2009-11-11,10291.3
2009-11-12,10197.5
2009-11-13,10270.5
2009-11-16,10407.0
2009-11-17,10437.4
2009-11-18,10426.3
2009-11-19,10332.4
2009-11-20,10318.2
2009-11-23,10451.0
2009-11-24,10433.7
2009-11-25,10464.4
2009-11-27,10309.9
2009-11-30,10344.8
2009-12-01,10471.6
2009-12-02,10452.7
2009-12-03,10366.2
2009-12-04,10388.9
2009-12-07,10390.1
2009-12-08,10286.0
2009-12-09,10337.0
2009-12-10,10405.8
2009-12-11,10471.5
2009-12-14,10501.0
2009-12-15,10452.0
2009-12-16,10441.1
2009-12-17,10308.3
2009-12-18,10328.9
2009-12-21,10414.1
2009-12-22,10464.9
2009-12-23,10466.4
2009-12-24,10520.1
2009-12-28,10547.1
2009-12-29,10545.4
2009-12-30,10548.5
2009-12-31,10428.0
2010-01-04,10584.0
2010-01-05,10572.0
2010-01-06,10573.7
2010-01-07,10606.9
2010-01-08,10618.2
2010-01-11,10664.0
2010-01-12,10627.3
2010-01-13,10680.8
2010-01-14,10710.5
2010-01-15,10609.7
2010-01-19,10725.4
2010-01-20,10603.2
2010-01-21,10389.9
2010-01-22,10173.0
2010-01-25,10196.9
2010-01-26,10194.3
2010-01-27,10236.2
2010-01-28,10120.5
2010-01-29,10067.3
2010-02-01,10185.5
2010-02-02,10296.8
2010-02-03,10270.5
2010-02-04,10002.2
2010-02-05,10012.2
2010-02-08,9908.39
2010-02-09,10058.6
2010-02-10,10038.4
2010-02-11,10144.2
2010-02-12,10099.1
2010-02-16,10268.8
2010-02-17,10309.2
2010-02-18,10392.9
2010-02-19,10402.3
2010-02-22,10383.4
2010-02-23,10282.4
2010-02-24,10374.2
2010-02-25,10321.0
2010-02-26,10325.3
2010-03-01,10403.8
2010-03-02,10406.0
2010-03-03,10396.8
2010-03-04,10444.1
2010-03-05,10566.2
2010-03-08,10552.5
2010-03-09,10564.4
2010-03-10,10567.3
2010-03-11,10611.8
2010-03-12,10624.7
2010-03-15,10642.2
2010-03-16,10686.0
2010-03-17,10733.7
2010-03-18,10779.2
2010-03-19,10742.0
2010-03-22,10785.9
2010-03-23,10888.8
2010-03-24,10836.2
2010-03-25,10841.2
2010-03-26,10850.4
2010-03-29,10895.9
2010-03-30,10907.4
2010-03-31,10856.6
2010-04-01,10927.1
2010-04-05,10973.5
2010-04-06,10970.0
2010-04-07,10897.5
2010-04-08,10927.1
2010-04-09,10997.3
2010-04-12,11006.0
2010-04-13,11019.4
2010-04-14,11123.1
2010-04-15,11144.6
2010-04-16,11018.7
2010-04-19,11092.0
2010-04-20,11117.1
2010-04-21,11124.9
2010-04-22,11134.3
2010-04-23,11204.3
2010-04-26,11205.0
2010-04-27,10992.0
2010-04-28,11045.3
2010-04-29,11167.3
2010-04-30,11008.6
2010-05-03,11151.8
2010-05-04,10926.8
2010-05-05,10868.1
2010-05-06,10520.3
2010-05-07,10380.4
2010-05-10,10785.1
2010-05-11,10748.3
2010-05-12,10896.9
2010-05-13,10783.0
2010-05-14,10620.2
2010-05-17,10625.8
2010-05-18,10511.0
2010-05-19,10444.4
2010-05-20,10068.0
2010-05-21,10193.4
2010-05-24,10066.6
2010-05-25,10043.8
2010-05-26,9974.45
2010-05-27,10259.0
2010-05-28,10136.6
2010-06-01,10024.0
2010-06-02,10249.5
2010-06-03,10255.3
2010-06-04,9931.97
2010-06-07,9816.49
2010-06-08,9939.98
2010-06-09,9899.25
2010-06-10,10172.5
2010-06-11,10211.1
2010-06-14,10190.9
2010-06-15,10404.8
2010-06-16,10409.5
2010-06-17,10434.2
2010-06-18,10450.6
2010-06-21,10442.4
2010-06-22,10293.5
2010-06-23,10298.4
2010-06-24,10152.8
2010-06-25,10143.8
2010-06-28,10138.5
2010-06-29,9870.3
2010-06-30,9774.02
2010-07-01,9732.53
2010-07-02,9686.48
2010-07-06,9743.62
2010-07-07,10018.3
2010-07-08,10139.0
2010-07-09,10198.0
2010-07-12,10216.3
2010-07-13,10363.0
2010-07-14,10366.7
2010-07-15,10359.3
2010-07-16,10097.9
2010-07-19,10154.4
2010-07-20,10230.0
2010-07-21,10120.5
2010-07-22,10322.3
2010-07-23,10424.6
2010-07-26,10525.4
2010-07-27,10537.7
2010-07-28,10497.9
2010-07-29,10467.2
2010-07-30,10465.9
2010-08-02,10674.4
2010-08-03,10636.4
2010-08-04,10680.43
2010-08-05,10674.98
2010-08-06,10653.56
2010-08-09,10698.75
2010-08-10,10644.25
2010-08-11,10378.83
2010-08-12,10319.95
2010-08-13,10303.15
2010-08-16,10302.01
2010-08-17,10405.85
2010-08-18,10415.54
2010-08-19,10271.21
2010-08-20,10213.62
2010-08-23,10174.41
2010-08-24,10040.45
2010-08-25,10060.06
2010-08-26,9985.81
2010-08-27,10150.65
2010-08-30,10009.73
2010-08-31,10014.72
2010-09-01,10269.47
2010-09-02,10320.1
2010-09-03,10447.93
2010-09-07,10340.69
2010-09-08,10387.01
2010-09-09,10415.24
2010-09-10,10462.77
2010-09-13,10544.13
2010-09-14,10526.49
2010-09-15,10572.73
2010-09-16,10594.83
2010-09-17,10607.85
2010-09-20,10753.62
2010-09-21,10761.03
2010-09-22,10739.31
2010-09-23,10662.42
2010-09-24,10860.26
2010-09-27,10812.04
2010-09-28,10858.14
2010-09-29,10835.28
2010-09-30,10788.05
2010-10-01,10829.68
2010-10-04,10751.27
2010-10-05,10944.72
2010-10-06,10967.65
2010-10-07,10948.58
2010-10-08,11006.48
2010-10-11,11010.34
2010-10-12,11020.4
2010-10-13,11096.08
2010-10-14,11094.57
2010-10-15,11062.78
2010-10-18,11143.69
2010-10-19,10978.62
2010-10-20,11107.97
2010-10-21,11146.57
2010-10-22,11132.56
2010-10-25,11164.05
2010-10-26,11169.46
2010-10-27,11126.28
2010-10-28,11113.95
2010-10-29,11118.49
2010-11-01,11124.62
2010-11-02,11188.72
2010-11-03,11215.13
2010-11-04,11434.84
2010-11-05,11444.08
2010-11-08,11406.84
2010-11-09,11346.75
2010-11-10,11357.04
2010-11-11,11283.1
2010-11-12,11192.58
2010-11-15,11201.97
2010-11-16,11023.5
2010-11-17,11007.88
2010-11-18,11181.23
2010-11-19,11203.55
2010-11-22,11178.58
2010-11-23,11036.37
2010-11-24,11187.28
2010-11-26,11092.0
2010-11-29,11052.49
2010-11-30,11006.02
2010-12-01,11255.78
2010-12-02,11362.41
2010-12-03,11382.09
2010-12-06,11362.19
2010-12-07,11359.16
2010-12-08,11372.48
2010-12-09,11370.06
2010-12-10,11410.32
2010-12-13,11428.56
2010-12-14,11476.54
2010-12-15,11457.47
2010-12-16,11499.25
2010-12-17,11491.91
2010-12-20,11478.13
2010-12-21,11533.16
2010-12-22,11559.49
2010-12-23,11573.49
2010-12-27,11555.03
2010-12-28,11575.54
2010-12-29,11585.38
2010-12-30,11569.71
2010-12-31,11577.51
2011-01-03,11670.75
2011-01-04,11691.18
2011-01-05,11722.89
2011-01-06,11697.31
2011-01-07,11674.76
2011-01-10,11637.45
2011-01-11,11671.88
2011-01-12,11755.44
2011-01-13,11731.9
2011-01-14,11787.38
2011-01-18,11837.93
2011-01-19,11825.29
2011-01-20,11822.8
2011-01-21,11871.84
2011-01-24,11980.52
2011-01-25,11977.19
2011-01-26,11985.44
2011-01-27,11989.83
2011-01-28,11823.7
2011-01-31,11891.93
2011-02-01,12040.16
2011-02-02,12041.97
2011-02-03,12062.26
2011-02-04,12092.15
2011-02-07,12161.63
2011-02-08,12233.15
2011-02-09,12239.89
2011-02-10,12229.29
2011-02-11,12273.26
2011-02-14,12268.19
2011-02-15,12226.64
2011-02-16,12288.17
2011-02-17,12318.14
2011-02-18,12391.25
2011-02-22,12212.79
2011-02-23,12105.78
2011-02-24,12068.5
2011-02-25,12130.45
2011-02-28,12226.34
2011-03-01,12058.02
2011-03-02,12066.8
2011-03-03,12258.2
2011-03-04,12169.88
2011-03-07,12090.03
2011-03-08,12214.38
2011-03-09,12213.09
2011-03-10,11984.61
2011-03-11,12044.4
2011-03-14,11993.16
2011-03-15,11855.42
2011-03-16,11613.3
2011-03-17,11774.59
2011-03-18,11858.52
2011-03-21,12036.53
2011-03-22,12018.63
2011-03-23,12086.02
2011-03-24,12170.56
2011-03-25,12220.59
2011-03-28,12197.88
2011-03-29,12279.01
2011-03-30,12350.61
2011-03-31,12319.73
2011-04-01,12376.72
2011-04-04,12400.03
2011-04-05,12393.9
2011-04-06,12426.75
2011-04-07,12409.49
2011-04-08,12380.05
2011-04-11,12381.11
2011-04-12,12263.58
2011-04-13,12270.99
2011-04-14,12285.15
2011-04-15,12341.83
2011-04-18,12201.59
2011-04-19,12266.75
2011-04-20,12453.54
2011-04-21,12505.99
2011-04-25,12479.88
2011-04-26,12595.37
2011-04-27,12690.96
2011-04-28,12763.31
2011-04-29,12810.54
2011-05-02,12807.36
2011-05-03,12807.51
2011-05-04,12723.58
2011-05-05,12584.17
2011-05-06,12638.74
2011-05-09,12684.68
2011-05-10,12760.36
2011-05-11,12630.03
2011-05-12,12695.92
2011-05-13,12595.75
2011-05-16,12548.37
2011-05-17,12479.58
2011-05-18,12560.18
2011-05-19,12605.32
2011-05-20,12512.04
2011-05-23,12381.26
2011-05-24,12356.21
2011-05-25,12394.66
2011-05-26,12402.76
2011-05-27,12441.58
2011-05-31,12569.79
2011-06-01,12290.14
2011-06-02,12248.55
2011-06-03,12151.26
2011-06-06,12089.96
2011-06-07,12070.81
2011-06-08,12048.94
2011-06-09,12124.36
2011-06-10,11951.91
2011-06-13,11952.97
2011-06-14,12076.11
2011-06-15,11897.27
2011-06-16,11961.52
2011-06-17,12004.36
2011-06-20,12080.38
2011-06-21,12190.01
2011-06-22,12109.67
2011-06-23,12050.0
2011-06-24,11934.58
2011-06-27,12043.56
2011-06-28,12188.69
2011-06-29,12261.42
2011-06-30,12414.34
2011-07-01,12582.77
2011-07-05,12569.87
2011-07-06,12626.02
2011-07-07,12719.49
2011-07-08,12657.2
2011-07-11,12505.76
2011-07-12,12446.88
2011-07-13,12491.61
2011-07-14,12437.12
2011-07-15,12479.73
2011-07-18,12385.16
2011-07-19,12587.42
2011-07-20,12571.91
2011-07-21,12724.41
2011-07-22,12681.16
2011-07-25,12592.8
2011-07-26,12501.3
2011-07-27,12302.55
2011-07-28,12240.11
2011-07-29,12143.24
2011-08-01,12132.49
2011-08-02,11866.62
2011-08-03,11896.44
2011-08-04,11383.68
2011-08-05,11444.61
2011-08-08,10809.85
2011-08-09,11239.77
2011-08-10,10719.94
2011-08-11,11143.31
2011-08-12,11269.02
2011-08-15,11482.9
2011-08-16,11405.93
2011-08-17,11410.21
2011-08-18,10990.58
2011-08-19,10817.65
2011-08-22,10854.65
2011-08-23,11176.76
2011-08-24,11320.71
2011-08-25,11149.82
2011-08-26,11284.54
2011-08-29,11539.25
2011-08-30,11559.95
2011-08-31,11613.53
2011-09-01,11493.57
2011-09-02,11240.26
2011-09-06,11139.3
2011-09-07,11414.86
2011-09-08,11295.81
2011-09-09,10992.13
2011-09-12,11061.12
2011-09-13,11105.85
2011-09-14,11246.73
2011-09-15,11433.18
2011-09-16,11509.09
2011-09-19,11401.01
2011-09-20,11408.66
2011-09-21,11124.84
2011-09-22,10733.83
2011-09-23,10771.48
2011-09-26,11043.86
2011-09-27,11190.69
2011-09-28,11010.9
2011-09-29,11153.98
2011-09-30,10913.38
2011-10-03,10655.3
2011-10-04,10808.71
2011-10-05,10939.95
2011-10-06,11123.33
2011-10-07,11103.12
2011-10-10,11433.18
2011-10-11,11416.3
2011-10-12,11518.85
2011-10-13,11478.13
2011-10-14,11644.49
2011-10-17,11397.0
2011-10-18,11577.05
2011-10-19,11504.62
2011-10-20,11541.78
2011-10-21,11808.79
2011-10-24,11913.62
2011-10-25,11706.62
2011-10-26,11869.04
2011-10-27,12208.55
2011-10-28,12231.11
2011-10-31,11955.01
2011-11-01,11657.96
2011-11-02,11836.04
2011-11-03,12044.47
2011-11-04,11983.24
2011-11-07,12068.39
2011-11-08,12170.18
2011-11-09,11780.94
2011-11-10,11893.79
2011-11-11,12153.68
2011-11-14,12078.98
2011-11-15,12096.16
2011-11-16,11905.59
2011-11-17,11770.73
2011-11-18,11796.16
2011-11-21,11547.31
2011-11-22,11493.72
2011-11-23,11257.55
2011-11-25,11231.78
2011-11-28,11523.01
2011-11-29,11555.63
2011-11-30,12045.68
2011-12-01,12020.03
2011-12-02,12019.42
2011-12-05,12097.83
2011-12-06,12150.13
2011-12-07,12196.37
2011-12-08,11997.7
2011-12-09,12184.26
2011-12-12,12021.39
2011-12-13,11954.94
2011-12-14,11823.48
2011-12-15,11868.81
2011-12-16,11866.39
2011-12-19,11766.26
2011-12-20,12103.58
2011-12-21,12107.74
2011-12-22,12169.65
2011-12-23,12294.0
2011-12-27,12291.35
2011-12-28,12151.41
2011-12-29,12287.04
2011-12-30,12217.56
2012-01-03,12397.38
2012-01-04,12418.42
2012-01-05,12415.7
2012-01-06,12359.92
2012-01-09,12392.69
2012-01-10,12462.47
2012-01-11,12449.45
2012-01-12,12471.02
2012-01-13,12422.06
2012-01-17,12482.07
2012-01-18,12578.95
2012-01-19,12623.98
2012-01-20,12720.48
2012-01-23,12708.82
2012-01-24,12675.75
2012-01-25,12756.96
2012-01-26,12734.63
2012-01-27,12660.46
2012-01-30,12653.72
2012-01-31,12632.91
2012-02-01,12716.46
2012-02-02,12705.41
2012-02-03,12862.23
2012-02-06,12845.13
2012-02-07,12878.2
2012-02-08,12883.95
2012-02-09,12890.46
2012-02-10,12801.23
2012-02-13,12874.04
2012-02-14,12878.28
2012-02-15,12780.95
2012-02-16,12904.08
2012-02-17,12949.87
2012-02-21,12965.69
2012-02-22,12938.67
2012-02-23,12984.69
2012-02-24,12982.95
2012-02-27,12981.51
2012-02-28,13005.12
2012-02-29,12952.07
2012-03-01,12980.3
2012-03-02,12977.57
2012-03-05,12962.81
2012-03-06,12759.15
2012-03-07,12837.33
2012-03-08,12907.94
2012-03-09,12922.02
2012-03-12,12959.71
2012-03-13,13177.68
2012-03-14,13194.1
2012-03-15,13252.76
2012-03-16,13232.62
2012-03-19,13239.13
2012-03-20,13170.19
2012-03-21,13124.62
2012-03-22,13046.14
2012-03-23,13080.73
2012-03-26,13241.63
2012-03-27,13197.73
2012-03-28,13126.21
2012-03-29,13145.82
2012-03-30,13212.04
2012-04-02,13264.49
2012-04-03,13199.55
2012-04-04,13074.75
2012-04-05,13060.14
2012-04-09,12929.59
2012-04-10,12715.93
2012-04-11,12805.39
2012-04-12,12986.58
2012-04-13,12849.59
2012-04-16,12921.41
2012-04-17,13115.54
2012-04-18,13032.75
2012-04-19,12964.1
2012-04-20,13029.26
2012-04-23,12927.17
2012-04-24,13001.56
2012-04-25,13090.72
2012-04-26,13204.62
2012-04-27,13228.31
2012-04-30,13213.63
2012-05-01,13279.32
2012-05-02,13268.57
2012-05-03,13206.59
2012-05-04,13038.27
2012-05-07,13008.53
2012-05-08,12932.09
2012-05-09,12835.06
2012-05-10,12855.04
2012-05-11,12820.6
2012-05-14,12695.35
2012-05-15,12632.0
2012-05-16,12598.55
2012-05-17,12442.49
2012-05-18,12369.38
2012-05-21,12504.48
2012-05-22,12502.81
2012-05-23,12496.15
2012-05-24,12529.75
2012-05-25,12454.83
2012-05-29,12580.69
2012-05-30,12419.86
2012-05-31,12393.45
2012-06-01,12118.57
2012-06-04,12101.46
2012-06-05,12127.95
2012-06-06,12414.79
2012-06-07,12460.96
2012-06-08,12554.2
2012-06-11,12411.23
2012-06-12,12573.8
2012-06-13,12496.38
2012-06-14,12651.91
2012-06-15,12767.17
2012-06-18,12741.82
2012-06-19,12837.33
2012-06-20,12824.39
2012-06-21,12573.57
2012-06-22,12640.78
2012-06-25,12502.66
2012-06-26,12534.67
2012-06-27,12627.01
2012-06-28,12602.26
2012-06-29,12880.09
2012-07-02,12871.39
2012-07-03,12943.82
2012-07-05,12896.67
2012-07-06,12772.47
2012-07-09,12736.29
2012-07-10,12653.12
2012-07-11,12604.53
2012-07-12,12573.27
2012-07-13,12777.09
2012-07-16,12727.21
2012-07-17,12805.54
2012-07-18,12908.7
2012-07-19,12943.36
2012-07-20,12822.57
2012-07-23,12721.46
2012-07-24,12617.32
2012-07-25,12676.05
2012-07-26,12887.93
2012-07-27,13075.66
2012-07-30,13073.01
2012-07-31,13008.68
2012-08-01,12971.06
2012-08-02,12878.88
2012-08-03,13096.17
2012-08-06,13117.51
2012-08-07,13168.6
2012-08-08,13175.64
2012-08-09,13165.19
2012-08-10,13207.95
2012-08-13,13169.43
2012-08-14,13172.14
2012-08-15,13164.78
2012-08-16,13250.11
2012-08-17,13275.2
2012-08-20,13271.64
2012-08-21,13203.58
2012-08-22,13172.76
2012-08-23,13057.46
2012-08-24,13157.97
2012-08-27,13124.67
2012-08-28,13102.99
2012-08-29,13107.48
2012-08-30,13000.71
2012-08-31,13090.84
2012-09-04,13035.94
2012-09-05,13047.48
2012-09-06,13292.0
2012-09-07,13306.64
2012-09-10,13254.29
2012-09-11,13323.36
2012-09-12,13333.35
2012-09-13,13539.86
2012-09-14,13593.37
2012-09-17,13553.1
2012-09-18,13564.64
2012-09-19,13577.96
2012-09-20,13596.93
2012-09-21,13579.47
2012-09-24,13558.92
2012-09-25,13457.55
2012-09-26,13413.51
2012-09-27,13485.97
2012-09-28,13437.13
2012-10-01,13515.11
2012-10-02,13482.36
2012-10-03,13494.61
2012-10-04,13575.36
2012-10-05,13610.15
2012-10-08,13583.65
2012-10-09,13473.53
2012-10-10,13344.97
2012-10-11,13326.39
2012-10-12,13328.85
2012-10-15,13424.23
2012-10-16,13551.78
2012-10-17,13557.0
2012-10-18,13548.94
2012-10-19,13343.51
2012-10-22,13345.89
2012-10-23,13102.53
2012-10-24,13077.34
2012-10-25,13103.68
2012-10-26,13107.21
2012-10-31,13096.46
2012-11-01,13232.62
2012-11-02,13093.16
2012-11-05,13112.44
2012-11-06,13245.68
2012-11-07,12932.73
2012-11-08,12811.32
2012-11-09,12815.39
2012-11-12,12815.08
2012-11-13,12756.18
2012-11-14,12570.95
2012-11-15,12542.38
2012-11-16,12588.31
2012-11-19,12795.96
2012-11-20,12788.51
2012-11-21,12836.89
2012-11-23,13009.68
2012-11-26,12967.37
2012-11-27,12878.13
2012-11-28,12985.11
2012-11-29,13021.82
2012-11-30,13025.58
2012-12-03,12965.6
2012-12-04,12951.78
2012-12-05,13034.49
2012-12-06,13074.04
2012-12-07,13155.13
2012-12-10,13169.88
2012-12-11,13248.44
2012-12-12,13245.45
2012-12-13,13170.72
2012-12-14,13135.01
2012-12-17,13235.39
2012-12-18,13350.96
2012-12-19,13251.97
2012-12-20,13311.72
2012-12-21,13190.84
2012-12-24,13139.08
2012-12-26,13114.59
2012-12-27,13096.31
2012-12-28,12938.11
2012-12-31,13104.14
2013-01-02,13412.55
2013-01-03,13391.36
2013-01-04,13435.21
2013-01-07,13384.29
2013-01-08,13328.85
2013-01-09,13390.51
2013-01-10,13471.22
2013-01-11,13488.43
2013-01-14,13507.32
2013-01-15,13534.89
2013-01-16,13511.23
2013-01-17,13596.02
2013-01-18,13649.7
2013-01-22,13712.21
2013-01-23,13779.33
2013-01-24,13825.33
2013-01-25,13895.98
2013-01-28,13881.93
2013-01-29,13954.42
2013-01-30,13910.42
2013-01-31,13860.58
2013-02-01,14009.79
2013-02-04,13880.08
2013-02-05,13979.3
2013-02-06,13986.52
2013-02-07,13944.05
2013-02-08,13992.97
2013-02-11,13971.24
2013-02-12,14018.7
2013-02-13,13982.91
2013-02-14,13973.39
2013-02-15,13981.76
2013-02-19,14035.67
2013-02-20,13927.54
2013-02-21,13880.62
2013-02-22,14000.57
2013-02-25,13784.17
2013-02-26,13900.13
2013-02-27,14075.37
2013-02-28,14054.49
2013-03-01,14089.66
2013-03-04,14127.82
2013-03-05,14253.77
2013-03-06,14296.24
2013-03-07,14329.49
2013-03-08,14397.07
2013-03-11,14447.29
2013-03-12,14450.06
2013-03-13,14455.28
2013-03-14,14539.14
2013-03-15,14514.11
2013-03-18,14452.06
2013-03-19,14455.82
2013-03-20,14511.73
2013-03-21,14421.49
2013-03-22,14512.03
2013-03-25,14447.75
2013-03-26,14559.65
2013-03-27,14526.16
2013-03-28,14578.54
2013-04-01,14572.85
2013-04-02,14662.01
2013-04-03,14550.35
2013-04-04,14606.11
2013-04-05,14565.25
2013-04-08,14613.48
2013-04-09,14673.46
2013-04-10,14802.24
2013-04-11,14865.14
2013-04-12,14865.06
2013-04-15,14599.2
2013-04-16,14756.78
2013-04-17,14618.59
2013-04-18,14537.14
2013-04-19,14547.51
2013-04-22,14567.17
2013-04-23,14719.46
2013-04-24,14676.3
2013-04-25,14700.8
2013-04-26,14712.55
2013-04-29,14818.75
2013-04-30,14839.8
2013-05-01,14700.95
2013-05-02,14831.58
2013-05-03,14973.96
2013-05-06,14968.89
2013-05-07,15056.2
2013-05-08,15105.12
2013-05-09,15082.62
2013-05-10,15118.49
2013-05-13,15091.68
2013-05-14,15215.25
2013-05-15,15275.69
2013-05-16,15233.22
2013-05-17,15354.4
2013-05-20,15335.28
2013-05-21,15387.58
2013-05-22,15307.17
2013-05-23,15294.5
2013-05-24,15303.1
2013-05-28,15409.39
2013-05-29,15302.8
2013-05-30,15324.53
2013-05-31,15115.57
2013-06-03,15254.03
2013-06-04,15177.54
2013-06-05,14960.59
2013-06-06,15040.62
2013-06-07,15248.12
2013-06-10,15238.59
2013-06-11,15122.02
2013-06-12,14995.23
2013-06-13,15176.08
2013-06-14,15070.18
2013-06-17,15179.85
2013-06-18,15318.23
2013-06-19,15112.19
2013-06-20,14758.32
2013-06-21,14799.4
2013-06-24,14659.56
2013-06-25,14760.31
2013-06-26,14910.14
2013-06-27,15024.49
2013-06-28,14909.6
2013-07-01,14974.96
2013-07-02,14932.41
2013-07-03,14988.55
2013-07-05,15135.84
2013-07-08,15224.69
2013-07-09,15300.34
2013-07-10,15291.66
2013-07-11,15460.92
2013-07-12,15464.3
2013-07-15,15484.26
2013-07-16,15451.85
2013-07-17,15470.52
2013-07-18,15548.54
2013-07-19,15543.74
2013-07-22,15545.55
2013-07-23,15567.74
2013-07-24,15542.24
2013-07-25,15555.61
2013-07-26,15558.83
2013-07-29,15521.97
2013-07-30,15520.59
2013-07-31,15499.54
2013-08-01,15628.02
2013-08-02,15658.36
2013-08-05,15612.13
2013-08-06,15518.74
2013-08-07,15470.67
2013-08-08,15498.32
2013-08-09,15425.51
2013-08-12,15419.68
2013-08-13,15451.01
2013-08-14,15337.66
2013-08-15,15112.19
2013-08-16,15081.47
2013-08-19,15010.74
2013-08-20,15002.99
2013-08-21,14897.55
2013-08-22,14963.74
2013-08-23,15010.51
2013-08-26,14946.46
2013-08-27,14776.13
2013-08-28,14824.51
2013-08-29,14840.95
2013-08-30,14810.31
2013-09-03,14833.96
2013-09-04,14930.87
2013-09-05,14937.48
2013-09-06,14922.5
2013-09-09,15063.12
2013-09-10,15191.06
2013-09-11,15326.6
2013-09-12,15300.64
2013-09-13,15376.06
2013-09-16,15494.78
2013-09-17,15529.73
2013-09-18,15676.94
2013-09-19,15636.55
2013-09-20,15451.09
2013-09-23,15401.38
2013-09-24,15334.59
2013-09-25,15273.26
2013-09-26,15328.3
2013-09-27,15258.24
2013-09-30,15129.67
2013-10-01,15191.7
2013-10-02,15133.14
2013-10-03,14996.48
2013-10-04,15072.58
2013-10-07,14936.24
2013-10-08,14776.53
2013-10-09,14802.98
2013-10-10,15126.07
2013-10-11,15237.11
2013-10-14,15301.26
2013-10-15,15168.01
2013-10-16,15373.83
2013-10-17,15371.65
2013-10-18,15399.65
2013-10-21,15392.2
2013-10-22,15467.66
2013-10-23,15413.33
2013-10-24,15509.21
2013-10-25,15570.28
2013-10-28,15568.93
2013-10-29,15680.35
2013-10-30,15618.76
2013-10-31,15545.75
2013-11-01,15615.55
2013-11-04,15639.12
2013-11-05,15618.22
2013-11-06,15746.88
2013-11-07,15593.98
2013-11-08,15761.78
2013-11-11,15783.1
2013-11-12,15750.67
2013-11-13,15821.63
2013-11-14,15876.22
2013-11-15,15961.7
2013-11-18,15976.02
2013-11-19,15967.03
2013-11-20,15900.82
2013-11-21,16009.99
2013-11-22,16064.77
2013-11-25,16072.54
2013-11-26,16072.8
2013-11-27,16097.33
2013-11-29,16086.41
2013-12-02,16008.77
2013-12-03,15914.62
2013-12-04,15889.77
2013-12-05,15821.51
2013-12-06,16020.2
2013-12-09,16025.53
2013-12-10,15973.13
2013-12-11,15843.53
2013-12-12,15739.43
2013-12-13,15755.36
2013-12-16,15884.57
2013-12-17,15875.26
2013-12-18,16167.97
2013-12-19,16179.08
2013-12-20,16221.14
2013-12-23,16294.61
2013-12-24,16357.55
2013-12-26,16479.88
2013-12-27,16478.41
2013-12-30,16504.29
2013-12-31,16576.66
2014-01-02,16441.35
2014-01-03,16469.99
2014-01-06,16425.1
2014-01-07,16530.94
2014-01-08,16462.74
2014-01-09,16444.76
2014-01-10,16437.05
2014-01-13,16257.94
2014-01-14,16373.86
2014-01-15,16481.94
2014-01-16,16417.01
2014-01-17,16458.56
2014-01-21,16414.44
2014-01-22,16373.34
2014-01-23,16197.35
2014-01-24,15879.11
2014-01-27,15837.88
2014-01-28,15928.56
2014-01-29,15738.79
2014-01-30,15848.61
2014-01-31,15698.85
2014-02-03,15372.8
2014-02-04,15445.24
2014-02-05,15440.23
2014-02-06,15628.53
2014-02-07,15794.08
2014-02-10,15801.79
2014-02-11,15994.77
2014-02-12,15963.94
2014-02-13,16027.59
2014-02-14,16154.39
2014-02-18,16130.4
2014-02-19,16040.56
2014-02-20,16133.23
2014-02-21,16103.3
2014-02-24,16207.14
2014-02-25,16179.66
2014-02-26,16198.41
2014-02-27,16272.65
2014-02-28,16321.71
2014-03-03,16168.03
2014-03-04,16395.88
2014-03-05,16360.18
2014-03-06,16421.89
2014-03-07,16452.72
2014-03-10,16418.68
2014-03-11,16351.25
2014-03-12,16340.08
2014-03-13,16108.89
2014-03-14,16065.67
2014-03-17,16247.22
2014-03-18,16336.19
2014-03-19,16222.17
2014-03-20,16331.05
2014-03-21,16302.77
2014-03-24,16276.69
2014-03-25,16367.88
2014-03-26,16268.99
2014-03-27,16264.23
2014-03-28,16323.06
2014-03-31,16457.66
2014-04-01,16532.61
2014-04-02,16573.0
2014-04-03,16572.55
2014-04-04,16420.81
2014-04-07,16245.87
2014-04-08,16256.14
2014-04-09,16437.18
2014-04-10,16170.22
2014-04-11,16052.12
2014-04-14,16173.24
2014-04-15,16262.56
2014-04-16,16424.85
2014-04-17,16408.54
2014-04-21,16449.25
2014-04-22,16514.37
2014-04-23,16501.65
2014-04-24,16501.65
2014-04-25,16371.9
2014-04-28,16448.74
2014-04-29,16535.37
2014-04-30,16580.84
2014-05-01,16558.87
2014-05-02,16509.1
2014-05-05,16530.55
2014-05-06,16401.02
2014-05-07,16518.54
2014-05-08,16550.97
2014-05-09,16586.01
2014-05-12,16695.47
2014-05-13,16715.44
2014-05-14,16613.97
2014-05-15,16446.81
2014-05-16,16484.09
2014-05-19,16511.86
2014-05-20,16374.31
2014-05-21,16533.06
2014-05-22,16543.08
2014-05-23,16606.27
2014-05-27,16675.5
2014-05-28,16633.18
2014-05-29,16698.74
2014-05-30,16705.45
2014-06-02,16743.63
2014-06-03,16722.34
2014-06-04,16737.53
2014-06-05,16836.11
2014-06-06,16908.13
2014-06-09,16943.1
2014-06-10,16945.92
2014-06-11,16843.88
2014-06-12,16734.19
2014-06-13,16738.72
2014-06-16,16781.01
2014-06-17,16808.49
2014-06-18,16906.62
2014-06-19,16921.46
2014-06-20,16947.08
2014-06-23,16937.26
2014-06-24,16818.13
2014-06-25,16867.51
2014-06-26,16846.13
2014-06-27,16843.21
2014-06-30,16826.6
2014-07-01,16956.07
2014-07-02,16976.24
2014-07-03,17068.26
2014-07-07,17024.21
2014-07-08,16906.62
2014-07-09,16985.61
2014-07-10,16915.07
2014-07-11,16943.31
2014-07-14,17055.42
2014-07-15,17060.68
2014-07-16,17138.2
2014-07-17,16976.81
2014-07-18,17089.17
2014-07-21,17051.73
2014-07-22,17113.54
2014-07-23,17086.63
2014-07-24,17083.8
2014-07-25,16947.31
2014-07-28,16982.59
2014-07-29,16912.11
2014-07-30,16880.36
2014-07-31,16563.3
2014-08-01,16511.58
2014-08-04,16569.28
2014-08-05,16429.47
2014-08-06,16443.34
2014-08-07,16368.27
2014-08-08,16553.93
2014-08-11,16569.98
2014-08-12,16560.54
2014-08-13,16651.8
2014-08-14,16713.58
2014-08-15,16662.91
2014-08-18,16838.74
2014-08-19,16919.59
2014-08-20,16979.13
2014-08-21,17039.49
2014-08-22,17001.22
2014-08-25,17076.87
2014-08-26,17106.7
2014-08-27,17122.01
2014-08-28,17079.57
2014-08-29,17098.45
2014-09-02,17067.56
2014-09-03,17078.28
2014-09-04,17069.58
2014-09-05,17124.71
2014-09-08,17111.42
2014-09-09,17013.87
2014-09-10,17068.71
2014-09-11,17049.0
2014-09-12,16987.51
2014-09-15,17031.14
2014-09-16,17131.97
2014-09-17,17156.85
2014-09-18,17265.99
2014-09-19,17279.74
2014-09-22,17172.68
2014-09-23,17055.87
2014-09-24,17210.06
2014-09-25,16945.8
2014-09-26,17113.15
2014-09-29,17071.22
2014-09-30,17042.9
2014-10-01,16804.71
2014-10-02,16801.05
2014-10-03,17009.69
2014-10-06,16991.91
2014-10-07,16719.39
2014-10-08,16994.22
2014-10-09,16659.25
2014-10-10,16544.1
2014-10-13,16321.07
2014-10-14,16315.19
2014-10-15,16141.74
2014-10-16,16117.24
2014-10-17,16380.41
2014-10-20,16399.67
2014-10-21,16614.81
2014-10-22,16461.32
2014-10-23,16677.9
2014-10-24,16805.41
2014-10-27,16817.94
2014-10-28,17005.75
2014-10-29,16974.31
2014-10-30,17195.42
2014-10-31,17390.52
2014-11-03,17366.24
2014-11-04,17383.84
2014-11-05,17484.53
2014-11-06,17554.47
2014-11-07,17573.93
2014-11-10,17613.74
2014-11-11,17614.9
2014-11-12,17612.2
2014-11-13,17652.79
2014-11-14,17634.74
2014-11-17,17647.75
2014-11-18,17687.82
2014-11-19,17685.73
2014-11-20,17719.0
2014-11-21,17810.06
2014-11-24,17817.9
2014-11-25,17814.94
2014-11-26,17827.75
2014-11-28,17828.24
2014-12-01,17776.8
2014-12-02,17879.55
2014-12-03,17912.62
2014-12-04,17900.1
2014-12-05,17958.79
2014-12-08,17852.48
2014-12-09,17801.2
2014-12-10,17533.15
2014-12-11,17596.34
2014-12-12,17280.83
2014-12-15,17180.84
2014-12-16,17068.87
2014-12-17,17356.87
2014-12-18,17778.15
2014-12-19,17804.8
2014-12-22,17959.44
2014-12-23,18024.17
2014-12-24,18030.21
2014-12-26,18053.71
2014-12-29,18038.23
2014-12-30,17983.07
2014-12-31,17823.07
2015-01-02,17832.99
2015-01-05,17501.65
2015-01-06,17371.64
2015-01-07,17584.52
2015-01-08,17907.87
2015-01-09,17737.37
2015-01-12,17640.84
2015-01-13,17613.68
2015-01-14,17427.09
2015-01-15,17320.71
2015-01-16,17511.57
2015-01-20,17515.23
2015-01-21,17554.28
2015-01-22,17813.98
2015-01-23,17672.6
2015-01-26,17678.7
2015-01-27,17387.21
2015-01-28,17191.37
2015-01-29,17416.85
2015-01-30,17164.95
2015-02-02,17361.04
2015-02-03,17666.4
2015-02-04,17673.02
2015-02-05,17884.88
2015-02-06,17824.29
2015-02-09,17729.21
2015-02-10,17868.76
2015-02-11,17862.14
2015-02-12,17972.38
2015-02-13,18019.35
2015-02-17,18047.58
2015-02-18,18029.85
2015-02-19,17985.77
2015-02-20,18140.44
2015-02-23,18116.84
2015-02-24,18209.19
2015-02-25,18224.57
2015-02-26,18214.42
2015-02-27,18132.7
2015-03-02,18288.63
2015-03-03,18203.37
2015-03-04,18096.9
2015-03-05,18135.72
2015-03-06,17856.78
2015-03-09,17995.72
2015-03-10,17662.94
2015-03-11,17635.39
2015-03-12,17895.22
2015-03-13,17749.31
2015-03-16,17977.42
2015-03-17,17849.08
2015-03-18,18076.19
2015-03-19,17959.03
2015-03-20,18127.65
2015-03-23,18116.04
2015-03-24,18011.14
2015-03-25,17718.54
2015-03-26,17678.23
2015-03-27,17712.66
2015-03-30,17976.31
2015-03-31,17776.12
2015-04-01,17698.18
2015-04-02,17763.24
2015-04-06,17880.85
2015-04-07,17875.42
2015-04-08,17902.51
2015-04-09,17958.73
2015-04-10,18057.65
2015-04-13,17977.04
2015-04-14,18036.7
2015-04-15,18112.61
2015-04-16,18105.77
2015-04-17,17826.3
2015-04-20,18034.93
2015-04-21,17949.59
2015-04-22,18038.27
2015-04-23,18058.69
2015-04-24,18080.14
2015-04-27,18037.97
2015-04-28,18110.14
2015-04-29,18035.53
2015-04-30,17840.52
2015-05-01,18024.06
2015-05-04,18070.4
2015-05-05,17928.2
2015-05-06,17841.98
2015-05-07,17924.06
2015-05-08,18191.11
2015-05-11,18105.17
2015-05-12,18068.23
2015-05-13,18060.49
2015-05-14,18252.24
2015-05-15,18272.56
2015-05-18,18298.88
2015-05-19,18312.39
2015-05-20,18285.4
2015-05-21,18285.74
2015-05-22,18232.02
2015-05-26,18041.54
2015-05-27,18162.99
2015-05-28,18126.12
2015-05-29,18010.68
2015-06-01,18040.37
2015-06-02,18011.94
2015-06-03,18076.27
2015-06-04,17905.58
2015-06-05,17849.46
2015-06-08,17766.55
2015-06-09,17764.04
2015-06-10,18000.4
2015-06-11,18039.37
2015-06-12,17898.84
2015-06-15,17791.17
2015-06-16,17904.48
2015-06-17,17935.74
2015-06-18,18115.84
2015-06-19,18015.95
2015-06-22,18119.78
2015-06-23,18144.07
2015-06-24,17966.07
2015-06-25,17890.36
2015-06-26,17946.68
2015-06-29,17596.35
2015-06-30,17619.51
2015-07-01,17757.91
2015-07-02,17730.11
2015-07-06,17683.58
2015-07-07,17776.91
2015-07-08,17515.42
2015-07-09,17548.62
2015-07-10,17760.41
2015-07-13,17977.68
2015-07-14,18053.58
2015-07-15,18050.17
2015-07-16,18120.25
2015-07-17,18086.45
2015-07-20,18100.41
2015-07-21,17919.29
2015-07-22,17851.04
2015-07-23,17731.92
2015-07-24,17568.53
2015-07-27,17440.59
2015-07-28,17630.27
2015-07-29,17751.39
2015-07-30,17745.98
2015-07-31,17689.86
2015-08-03,17598.2
2015-08-04,17550.69
2015-08-05,17540.47
2015-08-06,17419.75
2015-08-07,17373.38
2015-08-10,17615.17
2015-08-11,17402.84
2015-08-12,17402.51
2015-08-13,17408.25
2015-08-14,17477.4
2015-08-17,17545.18
2015-08-18,17511.34
2015-08-19,17348.73
2015-08-20,16990.69
2015-08-21,16459.75
2015-08-24,15871.35
2015-08-25,15666.44
2015-08-26,16285.51
2015-08-27,16654.77
2015-08-28,16643.01
2015-08-31,16528.03
2015-09-01,16058.35
2015-09-02,16351.38
2015-09-03,16374.76
2015-09-04,16102.38
2015-09-08,16492.68
2015-09-09,16253.57
2015-09-10,16330.4
2015-09-11,16433.09
2015-09-14,16370.96
2015-09-15,16599.85
2015-09-16,16739.95
2015-09-17,16674.74
2015-09-18,16384.58
2015-09-21,16510.19
2015-09-22,16330.47
2015-09-23,16279.89
2015-09-24,16201.32
2015-09-25,16314.67
2015-09-28,16001.89
2015-09-29,16049.13
2015-09-30,16284.7
2015-10-01,16272.01
2015-10-02,16472.37
2015-10-05,16776.43
2015-10-06,16790.19
2015-10-07,16912.29
2015-10-08,17050.75
2015-10-09,17084.49
2015-10-12,17131.86
2015-10-13,17081.89
2015-10-14,16924.75
2015-10-15,17141.75
2015-10-16,17215.97
2015-10-19,17230.54
2015-10-20,17217.11
2015-10-21,17168.61
2015-10-22,17489.16
2015-10-23,17646.7
2015-10-26,17623.05
2015-10-27,17581.43
2015-10-28,17779.52
2015-10-29,17755.8
2015-10-30,17663.54
2015-11-02,17828.76
2015-11-03,17918.15
2015-11-04,17867.58
2015-11-05,17863.43
2015-11-06,17910.33
2015-11-09,17730.48
2015-11-10,17758.21
2015-11-11,17702.22
2015-11-12,17448.07
2015-11-13,17245.24
2015-11-16,17483.01
2015-11-17,17489.5
2015-11-18,17737.16
2015-11-19,17732.75
2015-11-20,17823.81
2015-11-23,17792.68
2015-11-24,17812.19
2015-11-25,17813.39
2015-11-27,17798.49
2015-11-30,17719.92
2015-12-01,17888.35
2015-12-02,17729.68
2015-12-03,17477.67
2015-12-04,17847.63
2015-12-07,17730.51
2015-12-08,17568.0
2015-12-09,17492.3
2015-12-10,17574.75
2015-12-11,17265.21
2015-12-14,17368.5
2015-12-15,17524.91
2015-12-16,17749.09
2015-12-17,17495.84
2015-12-18,17128.55
2015-12-21,17251.62
2015-12-22,17417.27
2015-12-23,17602.61
2015-12-24,17552.17
2015-12-28,17528.27
2015-12-29,17720.98
2015-12-30,17603.87
2015-12-31,17425.03
2016-01-04,17148.94
2016-01-05,17158.66
2016-01-06,16906.51
2016-01-07,16514.1
2016-01-08,16346.45
2016-01-11,16398.57
2016-01-12,16516.22
2016-01-13,16151.41
2016-01-14,16379.05
2016-01-15,15988.08
2016-01-19,16016.02
2016-01-20,15766.74
2016-01-21,15882.68
2016-01-22,16093.51
2016-01-25,15885.22
2016-01-26,16167.23
2016-01-27,15944.46
2016-01-28,16069.64
2016-01-29,16466.3
2016-02-01,16449.18
2016-02-02,16153.54
2016-02-03,16336.66
2016-02-04,16416.58
2016-02-05,16204.97
2016-02-08,16027.05
2016-02-09,16014.38
2016-02-10,15914.74
2016-02-11,15660.18
2016-02-12,15973.84
2016-02-16,16196.41
2016-02-17,16453.83
2016-02-18,16413.43
2016-02-19,16391.99
2016-02-22,16620.66
2016-02-23,16431.78
2016-02-24,16484.99
2016-02-25,16697.29
2016-02-26,16639.97
2016-02-29,16516.5
2016-03-01,16865.08
2016-03-02,16899.32
2016-03-03,16943.9
2016-03-04,17006.77
2016-03-07,17073.95
2016-03-08,16964.1
2016-03-09,17000.36
2016-03-10,16995.13
2016-03-11,17213.31
2016-03-14,17229.13
2016-03-15,17251.53
2016-03-16,17325.76
2016-03-17,17481.49
2016-03-18,17602.3
2016-03-21,17623.87
2016-03-22,17582.57
2016-03-23,17502.59
2016-03-24,17515.73
2016-03-28,17535.39
2016-03-29,17633.11
2016-03-30,17716.66
2016-03-31,17685.09
2016-04-01,17792.75
2016-04-04,17737.0
2016-04-05,17603.32
2016-04-06,17716.05
2016-04-07,17541.96
2016-04-08,17576.96
2016-04-11,17556.41
2016-04-12,17721.25
2016-04-13,17908.28
2016-04-14,17926.43
2016-04-15,17897.46
2016-04-18,18004.16
2016-04-19,18053.6
2016-04-20,18096.27
2016-04-21,17982.52
2016-04-22,18003.75
2016-04-25,17977.24
2016-04-26,17990.32
2016-04-27,18041.55
2016-04-28,17830.76
2016-04-29,17773.64
2016-05-02,17891.16
2016-05-03,17750.91
2016-05-04,17651.26
2016-05-05,17660.71
2016-05-06,17740.63
2016-05-09,17705.91
2016-05-10,17928.35
2016-05-11,17711.12
2016-05-12,17720.5
2016-05-13,17535.32
2016-05-16,17710.71
2016-05-17,17529.98
2016-05-18,17526.62
2016-05-19,17435.4
2016-05-20,17500.94
2016-05-23,17492.93
2016-05-24,17706.05
2016-05-25,17851.51
2016-05-26,17828.29
2016-05-27,17873.22
2016-05-31,17787.2
2016-06-01,17789.67
2016-06-02,17838.56
2016-06-03,17807.06
2016-06-06,17920.33
2016-06-07,17938.28
2016-06-08,18005.05
2016-06-09,17985.19
2016-06-10,17865.34
2016-06-13,17732.48
2016-06-14,17674.82
2016-06-15,17640.17
2016-06-16,17733.1
2016-06-17,17675.16
2016-06-20,17804.87
2016-06-21,17829.73
2016-06-22,17780.83
2016-06-23,18011.07
2016-06-24,17400.75
2016-06-27,17140.24
2016-06-28,17409.72
2016-06-29,17694.68
2016-06-30,17929.99
2016-07-01,17949.37
2016-07-05,17840.62
2016-07-06,17918.62
2016-07-07,17895.88
2016-07-08,18146.74
2016-07-11,18226.93
2016-07-12,18347.67
2016-07-13,18372.12
2016-07-14,18506.41
2016-07-15,18516.55
2016-07-18,18533.05
2016-07-19,18559.01
2016-07-20,18595.03
2016-07-21,18517.23
2016-07-22,18570.85
2016-07-25,18493.06
2016-07-26,18473.75
2016-07-27,18472.17
2016-07-28,18456.35
2016-07-29,18432.24
2016-08-01,18404.51
2016-08-02,18313.77
2016-08-03,18355.0
2016-08-04,18352.05
2016-08-05,18543.53
2016-08-08,18529.29
2016-08-09,18533.05
2016-08-10,18495.66
2016-08-11,18613.52
2016-08-12,18576.47
2016-08-15,18636.05
2016-08-16,18552.02
2016-08-17,18573.94
2016-08-18,18597.7
2016-08-19,18552.57
2016-08-22,18529.42
2016-08-23,18547.3
2016-08-24,18481.48
2016-08-25,18448.41
2016-08-26,18395.4
2016-08-29,18502.99
2016-08-30,18454.3
2016-08-31,18400.88
2016-09-01,18419.3
2016-09-02,18491.96
2016-09-06,18538.12
2016-09-07,18526.14
2016-09-08,18479.91
2016-09-09,18085.45
2016-09-12,18325.07
2016-09-13,18066.75
2016-09-14,18034.77
2016-09-15,18212.48
2016-09-16,18123.8
2016-09-19,18120.17
2016-09-20,18129.96
2016-09-21,18293.7
2016-09-22,18392.46
2016-09-23,18261.45
2016-09-26,18094.83
2016-09-27,18228.3
2016-09-28,18339.24
2016-09-29,18143.45
2016-09-30,18308.15
2016-10-03,18253.85
2016-10-04,18168.45
2016-10-05,18281.03
2016-10-06,18268.5
2016-10-07,18240.49
2016-10-10,18329.04
2016-10-11,18128.66
2016-10-12,18144.2
2016-10-13,18098.94
2016-10-14,18138.38
2016-10-17,18086.4
2016-10-18,18161.94
2016-10-19,18202.62
2016-10-20,18162.35
2016-10-21,18145.71
2016-10-24,18223.03
2016-10-25,18169.27
2016-10-26,18199.33
2016-10-27,18169.68
2016-10-28,18161.19
2016-10-31,18142.42
2016-11-01,18037.1
2016-11-02,17959.64
2016-11-03,17930.67
2016-11-04,17888.28
2016-11-07,18259.6
2016-11-08,18332.74
2016-11-09,18589.69
2016-11-10,18807.88
2016-11-11,18847.66
2016-11-14,18868.69
2016-11-15,18923.06
2016-11-16,18868.14
2016-11-17,18903.82
2016-11-18,18867.93
2016-11-21,18956.69
2016-11-22,19023.87
2016-11-23,19083.18
2016-11-25,19152.14
2016-11-28,19097.9
2016-11-29,19121.6
2016-11-30,19123.58
2016-12-01,19191.93
2016-12-02,19170.42
2016-12-05,19216.24
2016-12-06,19251.78
2016-12-07,19549.62
2016-12-08,19614.81
2016-12-09,19756.85
2016-12-12,19796.43
2016-12-13,19911.21
2016-12-14,19792.53
2016-12-15,19852.24
2016-12-16,19843.41
2016-12-19,19883.06
2016-12-20,19974.62
2016-12-21,19941.96
2016-12-22,19918.88
2016-12-23,19933.81
2016-12-27,19945.04
2016-12-28,19833.68
2016-12-29,19819.78
2016-12-30,19762.6
2017-01-03,19881.76
2017-01-04,19942.16
2017-01-05,19899.29
2017-01-06,19963.8
2017-01-09,19887.38
2017-01-10,19855.53
2017-01-11,19954.28
2017-01-12,19891.0
2017-01-13,19885.73
2017-01-17,19826.77
2017-01-18,19804.72
2017-01-19,19732.4
2017-01-20,19827.25
2017-01-23,19799.85
2017-01-24,19912.71
2017-01-25,20068.51
2017-01-26,20100.91
2017-01-27,20093.78
2017-01-30,19971.13
2017-01-31,19864.09
2017-02-01,19890.94
2017-02-02,19884.91
2017-02-03,20071.46
2017-02-06,20052.42
2017-02-07,20090.29
2017-02-08,20054.34
2017-02-09,20172.4
2017-02-10,20269.37
2017-02-13,20412.2
2017-02-14,20504.41
2017-02-15,20611.86
2017-02-16,20619.77
2017-02-17,20624.05
2017-02-21,20743.0
2017-02-22,20775.6
2017-02-23,20810.32
2017-02-24,20821.76
2017-02-27,20837.44
2017-02-28,20812.24
2017-03-01,21115.55
2017-03-02,21002.97
2017-03-03,21005.71
2017-03-06,20954.34
2017-03-07,20924.76
2017-03-08,20855.73
2017-03-09,20858.19
2017-03-10,20902.98
2017-03-13,20881.48
2017-03-14,20837.37
2017-03-15,20950.1
2017-03-16,20934.55
2017-03-17,20914.62
2017-03-20,20905.86
2017-03-21,20668.01
2017-03-22,20661.3
2017-03-23,20656.58
2017-03-24,20596.72
2017-03-27,20550.98
2017-03-28,20701.5
2017-03-29,20659.32
2017-03-30,20728.49
2017-03-31,20663.22
2017-04-03,20650.21
2017-04-04,20689.24
2017-04-05,20648.15
2017-04-06,20662.95
2017-04-07,20656.1
2017-04-10,20658.02
2017-04-11,20651.3
2017-04-12,20591.86
2017-04-13,20453.25
2017-04-17,20636.92
2017-04-18,20523.28
2017-04-19,20404.49
2017-04-20,20578.71
2017-04-21,20547.76
2017-04-24,20763.89
2017-04-25,20996.12
2017-04-26,20975.09
2017-04-27,20981.33
2017-04-28,20940.51
2017-05-01,20913.46
2017-05-02,20949.89
2017-05-03,20957.9
2017-05-04,20951.47
2017-05-05,21006.94
2017-05-08,21012.28
2017-05-09,20975.78
2017-05-10,20943.11
2017-05-11,20919.42
2017-05-12,20896.61
2017-05-15,20981.94
2017-05-16,20979.75
2017-05-17,20606.93
2017-05-18,20663.02
2017-05-19,20804.84
2017-05-22,20894.83
2017-05-23,20937.91
2017-05-24,21012.42
2017-05-25,21082.95
2017-05-26,21080.28
2017-05-30,21029.47
2017-05-31,21008.65
2017-06-01,21144.18
2017-06-02,21206.29
2017-06-05,21184.04
2017-06-06,21136.23
2017-06-07,21173.69
2017-06-08,21182.53
2017-06-09,21271.97
2017-06-12,21235.67
2017-06-13,21328.47
2017-06-14,21374.56
2017-06-15,21359.9
2017-06-16,21384.28
2017-06-19,21528.99
2017-06-20,21467.14
2017-06-21,21410.03
2017-06-22,21397.29
2017-06-23,21394.76
2017-06-26,21409.55
2017-06-27,21310.66
2017-06-28,21454.61
2017-06-29,21287.03
2017-06-30,21349.63
2017-07-03,21479.27
2017-07-05,21478.17
2017-07-06,21320.04
2017-07-07,21414.34
2017-07-10,21408.52
2017-07-11,21409.07
2017-07-12,21532.14
2017-07-13,21553.09
2017-07-14,21637.74
2017-07-17,21629.72
2017-07-18,21574.73
2017-07-19,21640.75
2017-07-20,21611.78
2017-07-21,21580.07
2017-07-24,21513.17
2017-07-25,21613.43
2017-07-26,21711.01
2017-07-27,21796.55
2017-07-28,21830.31
2017-07-31,21891.12
2017-08-01,21963.92
2017-08-02,22016.24
2017-08-03,22026.1
2017-08-04,22092.81
2017-08-07,22118.42
2017-08-08,22085.34
2017-08-09,22048.7
2017-08-10,21844.01
2017-08-11,21858.32
2017-08-14,21993.71
2017-08-15,21998.99
2017-08-16,22024.87
2017-08-17,21750.73
2017-08-18,21674.51
2017-08-21,21703.75
2017-08-22,21899.89
2017-08-23,21812.09
2017-08-24,21783.4
2017-08-25,21813.67
2017-08-28,21808.4
2017-08-29,21865.37
2017-08-30,21892.43
2017-08-31,21948.1
2017-09-01,21987.56
2017-09-05,21753.31
2017-09-06,21807.64
2017-09-07,21784.78
2017-09-08,21797.79
2017-09-11,22057.37
2017-09-12,22118.86
2017-09-13,22158.18
2017-09-14,22203.48
2017-09-15,22268.34
2017-09-18,22331.35
2017-09-19,22370.8
2017-09-20,22412.59
2017-09-21,22359.23
2017-09-22,22349.59
2017-09-25,22296.09
2017-09-26,22284.32
2017-09-27,22340.71
2017-09-28,22381.2
2017-09-29,22405.09
2017-10-02,22557.6
2017-10-03,22641.67
2017-10-04,22661.64
2017-10-05,22775.39
2017-10-06,22773.67
2017-10-09,22761.07
2017-10-10,22830.68
2017-10-11,22872.89
2017-10-12,22841.01
2017-10-13,22871.72
2017-10-16,22956.96
2017-10-17,22997.44
2017-10-18,23157.6
2017-10-19,23163.04
2017-10-20,23328.63
2017-10-23,23273.96
2017-10-24,23441.76
2017-10-25,23329.46
2017-10-26,23400.86
2017-10-27,23434.19
2017-10-30,23348.74
2017-10-31,23377.24
2017-11-01,23435.01
2017-11-02,23516.26
2017-11-03,23539.19
2017-11-06,23548.42
2017-11-07,23557.23
2017-11-08,23563.36
2017-11-09,23461.94
2017-11-10,23422.21
2017-11-13,23439.7
2017-11-14,23409.47
2017-11-15,23271.28
2017-11-16,23458.36
2017-11-17,23358.24
2017-11-20,23430.33
2017-11-21,23590.83
2017-11-22,23526.18
2017-11-24,23557.99
2017-11-27,23580.78
2017-11-28,23836.71
2017-11-29,23940.68
2017-11-30,24272.35
2017-12-01,24231.59
2017-12-04,24290.05
2017-12-05,24180.64
2017-12-06,24140.91
2017-12-07,24211.48
2017-12-08,24329.16
2017-12-11,24386.03
2017-12-12,24504.8
2017-12-13,24585.43
2017-12-14,24508.66
2017-12-15,24651.74
2017-12-18,24792.2
2017-12-19,24754.75
2017-12-20,24726.65
2017-12-21,24782.29
2017-12-22,24754.06
2017-12-26,24746.21
2017-12-27,24774.3
2017-12-28,24837.51
2017-12-29,24719.22
2018-01-02,24824.01
2018-01-03,24922.68
2018-01-04,25075.13
2018-01-05,25295.87
2018-01-08,25283.0
2018-01-09,25385.8
2018-01-10,25369.13
2018-01-11,25574.73
2018-01-12,25803.19
2018-01-16,25792.86
2018-01-17,26115.65
2018-01-18,26017.81
2018-01-19,26071.72
2018-01-22,26214.6
2018-01-23,26210.81
2018-01-24,26252.12
2018-01-25,26392.79
2018-01-26,26616.71
2018-01-29,26439.48
2018-01-30,26076.89
2018-01-31,26149.39
2018-02-01,26186.71
2018-02-02,25520.96
2018-02-05,24345.75
2018-02-06,24912.77
2018-02-07,24893.35
2018-02-08,23860.46
2018-02-09,24190.9
2018-02-12,24601.27
2018-02-13,24640.45
2018-02-14,24893.49
2018-02-15,25200.37
2018-02-16,25219.38
2018-02-20,24964.75
2018-02-21,24797.78
2018-02-22,24962.48
2018-02-23,25309.99
2018-02-26,25709.27
2018-02-27,25410.03
2018-02-28,25029.2
2018-03-01,24608.98
2018-03-02,24538.06
2018-03-05,24874.76
2018-03-06,24884.12
2018-03-07,24801.36
2018-03-08,24895.21
2018-03-09,25335.74
2018-03-12,25178.61
2018-03-13,25007.03
2018-03-14,24758.12
2018-03-15,24873.66
2018-03-16,24946.51
2018-03-19,24610.91
2018-03-20,24727.27
2018-03-21,24682.31
2018-03-22,23957.89
2018-03-23,23533.2
2018-03-26,24202.6
2018-03-27,23857.71
2018-03-28,23848.42
2018-03-29,24103.11
2018-04-02,23644.19
2018-04-03,24033.36
2018-04-04,24264.3
2018-04-05,24505.22
2018-04-06,23932.76
2018-04-09,23979.1
2018-04-10,24408.0
2018-04-11,24189.45
2018-04-12,24483.05
2018-04-13,24360.14
2018-04-16,24573.04
2018-04-17,24786.63
2018-04-18,24748.07
2018-04-19,24664.89
2018-04-20,24462.94
2018-04-23,24448.69
2018-04-24,24024.13
2018-04-25,24083.83
2018-04-26,24322.34
2018-04-27,24311.19
2018-04-30,24163.15
2018-05-01,24099.05
2018-05-02,23924.98
2018-05-03,23930.15
2018-05-04,24262.51
2018-05-07,24357.32
2018-05-08,24360.21
2018-05-09,24542.54
2018-05-10,24739.53
2018-05-11,24831.17
2018-05-14,24899.41
2018-05-15,24706.41
2018-05-16,24768.93
2018-05-17,24713.98
2018-05-18,24715.09
2018-05-21,25013.29
2018-05-22,24834.41
2018-05-23,24886.81
2018-05-24,24811.76
2018-05-25,24753.09
2018-05-29,24361.45
2018-05-30,24667.78
2018-05-31,24415.84
2018-06-01,24635.21
2018-06-04,24813.69
2018-06-05,24799.98
2018-06-06,25146.39
2018-06-07,25241.41
2018-06-08,25316.53
2018-06-11,25322.31
2018-06-12,25320.73
2018-06-13,25201.2
2018-06-14,25175.31
2018-06-15,25090.48
2018-06-18,24987.47
2018-06-19,24700.21
2018-06-20,24657.8
2018-06-21,24461.7
2018-06-22,24580.89
2018-06-25,24252.8
2018-06-26,24283.11
2018-06-27,24117.59
2018-06-28,24216.05
2018-06-29,24271.41
2018-07-02,24307.18
2018-07-03,24174.82
2018-07-05,24356.74
2018-07-06,24456.48
2018-07-09,24776.59
2018-07-10,24919.66
2018-07-11,24700.45
2018-07-12,24924.89
2018-07-13,25019.41
2018-07-16,25064.36
2018-07-17,25119.89
2018-07-18,25199.29
2018-07-19,25064.5
2018-07-20,25058.12
2018-07-23,25044.29
2018-07-24,25241.94
2018-07-25,25414.1
2018-07-26,25527.07
2018-07-27,25451.06
2018-07-30,25306.83
2018-07-31,25415.19
2018-08-01,25333.82
2018-08-02,25326.16
2018-08-03,25462.58
2018-08-06,25502.18
2018-08-07,25628.91
2018-08-08,25583.75
2018-08-09,25509.23
2018-08-10,25313.14
2018-08-13,25187.7
2018-08-14,25299.92
2018-08-15,25162.41
2018-08-16,25558.73
2018-08-17,25669.32
2018-08-20,25758.69
2018-08-21,25822.29
2018-08-22,25733.6
2018-08-23,25656.98
2018-08-24,25790.35
2018-08-27,26049.64
2018-08-28,26064.02
2018-08-29,26124.57
2018-08-30,25986.92
2018-08-31,25964.82
2018-09-04,25952.48
2018-09-05,25974.99
2018-09-06,25995.87
2018-09-07,25916.54
2018-09-10,25857.07
2018-09-11,25971.06
2018-09-12,25998.92
2018-09-13,26145.99
2018-09-14,26154.67
2018-09-17,26062.12
2018-09-18,26246.96
2018-09-19,26405.76
2018-09-20,26656.98
2018-09-21,26743.5
2018-09-24,26562.05
2018-09-25,26492.21
2018-09-26,26385.28
2018-09-27,26439.93
2018-09-28,26458.31
2018-10-01,26651.21
2018-10-02,26773.94
2018-10-03,26828.39
2018-10-04,26627.48
2018-10-05,26447.05
2018-10-08,26486.78
2018-10-09,26430.57
2018-10-10,25598.74
2018-10-11,25052.83
2018-10-12,25339.99
2018-10-15,25250.55
2018-10-16,25798.42
2018-10-17,25706.68
2018-10-18,25379.45
2018-10-19,25444.34
2018-10-22,25317.41
2018-10-23,25191.43
2018-10-24,24583.42
2018-10-25,24984.55
2018-10-26,24688.31
2018-10-29,24442.92
2018-10-30,24874.64
2018-10-31,25115.76
2018-11-01,25380.74
2018-11-02,25270.83
2018-11-05,25461.7
2018-11-06,25635.01
2018-11-07,26180.3
2018-11-08,26191.22
2018-11-09,25989.3
2018-11-12,25387.18
2018-11-13,25286.49
2018-11-14,25080.5
2018-11-15,25289.27
2018-11-16,25413.22
2018-11-19,25017.44
2018-11-20,24465.64
2018-11-21,24464.69
2018-11-23,24285.95
2018-11-26,24640.24
2018-11-27,24748.73
2018-11-28,25366.43
2018-11-29,25338.84
2018-11-30,25538.46
2018-12-03,25826.43
2018-12-04,25027.07
2018-12-06,24947.67
2018-12-07,24388.95
2018-12-10,24423.26
2018-12-11,24370.24
2018-12-12,24527.27
2018-12-13,24597.38
2018-12-14,24100.51
2018-12-17,23592.98
2018-12-18,23675.64
2018-12-19,23323.66
2018-12-20,22859.6
2018-12-21,22445.37
2018-12-24,21792.2
2018-12-26,22878.45
2018-12-27,23138.82
2018-12-28,23062.4
2018-12-31,23327.46
2019-01-02,23346.24
2019-01-03,22686.22
2019-01-04,23433.16
2019-01-07,23531.35
2019-01-08,23787.45
2019-01-09,23879.12
2019-01-10,24001.92
2019-01-11,23995.95
2019-01-14,23909.84
2019-01-15,24065.59
2019-01-16,24207.16
2019-01-17,24370.1
2019-01-18,24706.35
2019-01-22,24404.48
2019-01-23,24575.62
2019-01-24,24553.24
2019-01-25,24737.2
2019-01-28,24528.22
2019-01-29,24579.96
2019-01-30,25014.86
2019-01-31,24999.67
2019-02-01,25063.89
2019-02-04,25239.37
2019-02-05,25411.52
2019-02-06,25390.3
2019-02-07,25169.53
2019-02-08,25106.33
2019-02-11,25053.11
2019-02-12,25425.76
2019-02-13,25543.27
2019-02-14,25439.39
2019-02-15,25883.25
2019-02-19,25891.32
2019-02-20,25954.44
2019-02-21,25850.63
2019-02-22,26031.81
2019-02-25,26091.95
2019-02-26,26057.98
2019-02-27,25985.16
2019-02-28,25916.0
2019-03-01,26026.32
2019-03-04,25819.65
2019-03-05,25806.63
2019-03-06,25673.46
2019-03-07,25473.23
2019-03-08,25450.24
2019-03-11,25650.88
2019-03-12,25554.66
2019-03-13,25702.89
2019-03-14,25709.94
2019-03-15,25848.87
2019-03-18,25914.1
2019-03-19,25887.38
2019-03-20,25745.67
2019-03-21,25962.51
2019-03-22,25502.32
2019-03-25,25516.83
2019-03-26,25657.73
2019-03-27,25625.59
2019-03-28,25717.46
2019-03-29,25928.68
2019-04-01,26258.42
2019-04-02,26179.13
2019-04-03,26218.13
2019-04-04,26384.63
2019-04-05,26424.99
2019-04-08,26341.02
2019-04-09,26150.58
2019-04-10,26157.16
2019-04-11,26143.05
2019-04-12,26412.3
2019-04-15,26384.77
2019-04-16,26452.66
2019-04-17,26449.54
2019-04-18,26559.54
2019-04-22,26511.05
2019-04-23,26656.39
2019-04-24,26597.05
2019-04-25,26462.08
2019-04-26,26543.33
2019-04-29,26554.39
2019-04-30,26592.91
2019-05-01,26430.14
2019-05-02,26307.79
2019-05-03,26504.95
2019-05-06,26438.48
2019-05-07,25965.09
2019-05-08,25967.33
2019-05-09,25828.36
2019-05-10,25942.37
2019-05-13,25324.99
2019-05-14,25532.05
2019-05-15,25648.02
2019-05-16,25862.68
2019-05-17,25764.0
2019-05-20,25679.9
2019-05-21,25877.33
2019-05-22,25776.61
2019-05-23,25490.47
2019-05-24,25585.69
2019-05-28,25347.77
2019-05-29,25126.41
2019-05-30,25169.88
2019-05-31,24815.04
2019-06-03,24819.78
2019-06-04,25332.18
2019-06-05,25539.57
2019-06-06,25720.66
2019-06-07,25983.94
2019-06-10,26062.68
2019-06-11,26048.51
2019-06-12,26004.83
2019-06-13,26106.77
2019-06-14,26089.61
2019-06-17,26112.53
2019-06-18,26465.54
2019-06-19,26504.0
2019-06-20,26753.17
2019-06-21,26719.13
2019-06-24,26727.54
2019-06-25,26548.22
2019-06-26,26536.82
2019-06-27,26526.58
2019-06-28,26599.96
2019-07-01,26717.43
2019-07-02,26786.68
2019-07-03,26966.0
2019-07-05,26922.12
2019-07-08,26806.14
2019-07-09,26783.49
2019-07-10,26860.2
2019-07-11,27088.08
2019-07-12,27332.03
2019-07-15,27359.16
2019-07-16,27335.63
2019-07-17,27219.85
2019-07-18,27222.97
2019-07-19,27154.2
2019-07-22,27171.9
2019-07-23,27349.19
2019-07-24,27269.97
2019-07-25,27140.98
2019-07-26,27192.45
2019-07-29,27221.35
2019-07-30,27198.02
2019-07-31,26864.27
2019-08-01,26583.42
2019-08-02,26485.01
2019-08-05,25717.74
2019-08-06,26029.52
2019-08-07,26007.07
2019-08-08,26378.19
2019-08-09,26287.44
2019-08-12,25907.37
2019-08-13,26279.91
2019-08-14,25479.42
2019-08-15,25579.39
2019-08-16,25886.01
2019-08-19,26135.79
2019-08-20,25962.44
2019-08-21,26202.73
2019-08-22,26252.24
2019-08-23,25628.9
2019-08-26,25898.83
2019-08-27,25777.9
2019-08-28,26036.1
2019-08-29,26362.25
2019-08-30,26403.28
2019-09-03,26118.02
2019-09-04,26355.47
2019-09-05,26728.15
2019-09-06,26797.46
2019-09-09,26835.51
2019-09-10,26909.43
2019-09-11,27137.04
2019-09-12,27182.45
2019-09-13,27219.52
2019-09-16,27076.82
2019-09-17,27110.8
2019-09-18,27147.08
2019-09-19,27094.79
2019-09-20,26935.07
2019-09-23,26949.99
2019-09-24,26807.77
2019-09-25,26970.71
2019-09-26,26891.12
2019-09-27,26820.25
2019-09-30,26916.83
2019-10-01,26573.04
2019-10-02,26078.62
2019-10-03,26201.04
2019-10-04,26573.72
2019-10-07,26478.02
2019-10-08,26164.04
2019-10-09,26346.01
2019-10-10,26496.67
2019-10-11,26816.59
2019-10-14,26787.36
2019-10-15,27024.8
2019-10-16,27001.98
2019-10-17,27025.88
2019-10-18,26770.2
2019-10-21,26827.64
2019-10-22,26788.1
2019-10-23,26833.95
2019-10-24,26805.53
2019-10-25,26958.06
2019-10-28,27090.72
2019-10-29,27071.42
2019-10-30,27186.69
2019-10-31,27046.23
2019-11-01,27347.36
2019-11-04,27462.11
2019-11-05,27492.63
2019-11-06,27492.56
2019-11-07,27674.8
2019-11-08,27681.24
2019-11-11,27691.49
2019-11-12,27691.49
2019-11-13,27783.59
2019-11-14,27781.96
2019-11-15,28004.89
2019-11-18,28036.22
2019-11-19,27934.02
2019-11-20,27821.09
2019-11-21,27766.29
2019-11-22,27875.62
2019-11-25,28066.47
2019-11-26,28121.68
2019-11-27,28164.0
2019-11-29,28051.41
2019-12-02,27783.04
2019-12-03,27502.81
2019-12-04,27649.78
2019-12-05,27677.79
2019-12-06,28015.06
2019-12-09,27909.6
2019-12-10,27881.72
2019-12-11,27911.3
2019-12-12,28132.05
2019-12-13,28135.38
2019-12-16,28235.89
2019-12-17,28267.16
2019-12-18,28239.28
2019-12-19,28376.96
2019-12-20,28455.09
2019-12-23,28551.53
2019-12-24,28515.45
2019-12-26,28621.39
2019-12-27,28645.26
2019-12-30,28462.14
2019-12-31,28538.44
2020-01-02,28868.8
2020-01-03,28634.88
2020-01-06,28703.38
2020-01-07,28583.68
2020-01-08,28745.09
2020-01-09,28956.9
2020-01-10,28823.77
2020-01-13,28907.05
2020-01-14,28939.67
2020-01-15,29030.22
2020-01-16,29297.64
2020-01-17,29348.1
2020-01-21,29196.04
2020-01-22,29186.27
2020-01-23,29160.09
2020-01-24,28989.73
2020-01-27,28535.8
2020-01-28,28722.85
2020-01-29,28734.45
2020-01-30,28859.44
2020-01-31,28256.03
2020-02-03,28399.81
2020-02-04,28807.63
2020-02-05,29290.85
2020-02-06,29379.77
2020-02-07,29102.51
2020-02-10,29276.82
2020-02-11,29276.34
2020-02-12,29551.42
2020-02-13,29423.31
2020-02-14,29398.08
2020-02-18,29232.19
2020-02-19,29348.03
2020-02-20,29219.98
2020-02-21,28992.41
2020-02-24,27960.8
2020-02-25,27081.36
2020-02-26,26957.59
2020-02-27,25766.64
2020-02-28,25409.36
2020-03-02,26703.32
2020-03-03,25917.41
2020-03-04,27090.86
2020-03-05,26121.28
2020-03-06,25864.78
2020-03-09,23851.02
2020-03-10,25018.16
2020-03-11,23553.22
2020-03-12,21200.62
2020-03-13,23185.62
2020-03-16,20188.52
2020-03-17,21237.38
2020-03-18,19898.92
2020-03-19,20087.19
2020-03-20,19173.98
2020-03-23,18591.93
2020-03-24,20704.91
2020-03-25,21200.55
2020-03-26,22552.17
2020-03-27,21636.78
2020-03-30,22327.48
2020-03-31,21917.16
2020-04-01,20943.51
2020-04-02,21413.44
2020-04-03,21052.53
2020-04-06,22679.99
2020-04-07,22653.86
2020-04-08,23433.57
2020-04-09,23719.37
2020-04-13,23390.77
2020-04-14,23949.76
2020-04-15,23504.35
2020-04-16,23537.68
2020-04-17,24242.49
2020-04-20,23650.44
2020-04-21,23018.88
2020-04-22,23475.82
2020-04-23,23515.26
2020-04-24,23775.27
2020-04-27,24133.78
2020-04-28,24101.55
2020-04-29,24633.86
2020-04-30,24345.72
2020-05-01,23723.69
2020-05-04,23749.76
2020-05-05,23883.09
2020-05-06,23664.64
2020-05-07,23875.89
2020-05-08,24331.32
2020-05-11,24221.99
2020-05-12,23764.78
2020-05-13,23247.97
2020-05-14,23625.34
2020-05-15,23685.42
2020-05-18,24597.37
2020-05-19,24206.86
2020-05-20,24575.9
2020-05-21,24474.12
2020-05-22,24465.16
2020-05-26,24995.11
2020-05-27,25548.27
2020-05-28,25400.64
2020-05-29,25383.11
2020-06-01,25475.02
2020-06-02,25742.65
2020-06-03,26269.89
2020-06-04,26281.82
2020-06-05,27110.98
2020-06-08,27572.44
2020-06-09,27272.3
2020-06-10,26989.99
2020-06-11,25128.17
2020-06-12,25605.54
2020-06-15,25763.16
2020-06-16,26289.98
2020-06-17,26119.61
2020-06-18,26080.1
2020-06-19,25871.46
2020-06-22,26024.96
2020-06-23,26156.1
2020-06-24,25445.94
2020-06-25,25745.6
2020-06-26,25015.55
2020-06-29,25595.8
2020-06-30,25812.88
2020-07-01,25734.97
2020-07-02,25827.36
2020-07-06,26287.03
2020-07-07,25890.18
2020-07-08,26067.28
2020-07-09,25706.09
2020-07-10,26075.3
2020-07-13,26085.8
2020-07-14,26642.59
2020-07-15,26870.1
2020-07-16,26734.71
2020-07-17,26671.95
2020-07-20,26680.87
2020-07-21,26840.4
2020-07-22,27005.84
2020-07-23,26652.33
2020-07-24,26469.89
2020-07-27,26584.77
2020-07-28,26379.28
2020-07-29,26539.57
2020-07-30,26313.65
2020-07-31,26428.32
2020-08-03,26664.4
2020-08-04,26828.47
2020-08-05,27201.52
2020-08-06,27386.98
2020-08-07,27433.48
2020-08-10,27791.44
2020-08-11,27686.91
2020-08-12,27976.84
2020-08-13,27896.72
2020-08-14,27931.02
2020-08-17,27844.91
2020-08-18,27778.07
2020-08-19,27692.88
2020-08-20,27739.73
2020-08-21,27930.33
2020-08-24,28308.46
2020-08-25,28248.44
2020-08-26,28331.92
2020-08-27,28492.27
2020-08-28,28653.87
2020-08-31,28430.05
2020-09-01,28645.66
2020-09-02,29100.5
2020-09-03,28292.73
2020-09-04,28133.31
2020-09-08,27500.89
2020-09-09,27940.47
2020-09-10,27534.58
2020-09-11,27665.64
2020-09-14,27993.33
2020-09-15,27995.6
2020-09-16,28032.38
2020-09-17,27901.98
2020-09-18,27657.42
2020-09-21,27147.7
2020-09-22,27288.18
2020-09-23,26763.13
2020-09-24,26815.44
2020-09-25,27173.96
2020-09-28,27584.06
2020-09-29,27452.66
2020-09-30,27781.7
2020-10-01,27816.9
2020-10-02,27682.81
2020-10-05,28148.64
2020-10-06,27772.76
2020-10-07,28303.46
2020-10-08,28425.51
2020-10-09,28586.9
2020-10-12,28837.52
2020-10-13,28679.81
2020-10-14,28514.0
2020-10-15,28494.2
2020-10-16,28606.31
2020-10-19,28195.42
2020-10-20,28308.79
2020-10-21,28210.82
2020-10-22,28363.66
2020-10-23,28335.57
2020-10-26,27685.38
2020-10-27,27463.19
2020-10-28,26519.95
2020-10-29,26659.11
2020-10-30,26501.6
2020-11-02,26925.05
2020-11-03,27480.03
2020-11-04,27847.66
2020-11-05,28390.18
2020-11-06,28323.4
2020-11-09,29157.97
2020-11-10,29420.92
2020-11-11,29397.63
2020-11-12,29080.17
2020-11-13,29479.81
2020-11-16,29950.44
2020-11-17,29783.35
2020-11-18,29438.42
2020-11-19,29483.23
2020-11-20,29263.48
2020-11-23,29591.27
2020-11-24,30046.24
2020-11-25,29872.47
2020-11-27,29910.37
2020-11-30,29638.64
2020-12-01,29823.92
2020-12-02,29883.79
2020-12-03,29969.52
2020-12-04,30218.26
2020-12-07,30069.79
2020-12-08,30173.88
2020-12-09,30068.81
2020-12-10,29999.26
2020-12-11,30046.37
2020-12-14,29861.55
2020-12-15,30199.31
2020-12-16,30154.54
2020-12-17,30303.37
2020-12-18,30179.05
2020-12-21,30216.45
2020-12-22,30015.51
2020-12-23,30129.83
2020-12-24,30199.87
2020-12-28,30403.97
2020-12-29,30335.67
2020-12-30,30409.56
2020-12-31,30606.48
2021-01-04,30223.89
2021-01-05,30391.6
2021-01-06,30829.4
2021-01-07,31041.13
2021-01-08,31097.97
2021-01-11,31008.69
2021-01-12,31068.69
2021-01-13,31060.47
2021-01-14,30991.52
2021-01-15,30814.26
2021-01-19,30930.52
2021-01-20,31188.38
2021-01-21,31176.01
2021-01-22,30996.98
2021-01-25,30960.0
2021-01-26,30937.04
2021-01-27,30303.17
2021-01-28,30603.36
2021-01-29,29982.62
2021-02-01,30211.91
2021-02-02,30687.48
2021-02-03,30723.6
2021-02-04,31055.86
2021-02-05,31148.24
2021-02-08,31385.76
2021-02-09,31375.83
2021-02-10,31437.8
2021-02-11,31430.7
2021-02-12,31458.4
2021-02-16,31522.75
2021-02-17,31613.02
2021-02-18,31493.34
2021-02-19,31494.32
2021-02-22,31521.69
2021-02-23,31537.35
2021-02-24,31961.86
2021-02-25,31402.01
2021-02-26,30932.37
2021-03-01,31535.51
2021-03-02,31391.52
2021-03-03,31270.09
2021-03-04,30924.14
2021-03-05,31496.3
2021-03-08,31802.44
2021-03-09,31832.74
2021-03-10,32297.02
2021-03-11,32485.59
2021-03-12,32778.64
2021-03-15,32953.46
2021-03-16,32825.95
2021-03-17,33015.37
2021-03-18,32862.3
2021-03-19,32627.97
2021-03-22,32731.2
2021-03-23,32423.15
2021-03-24,32420.06
2021-03-25,32619.48
2021-03-26,33072.88
2021-03-29,33171.37
2021-03-30,33066.96
2021-03-31,32981.55
2021-04-01,33153.21
2021-04-05,33527.19
2021-04-06,33430.24
2021-04-07,33446.26
2021-04-08,33503.57
2021-04-09,33800.6
2021-04-12,33745.4
2021-04-13,33677.27
2021-04-14,33730.89
2021-04-15,34035.99
2021-04-16,34200.67
2021-04-19,34077.63
2021-04-20,33821.3
2021-04-21,34137.31
2021-04-22,33815.9
2021-04-23,34043.49
2021-04-26,33981.57
2021-04-27,33984.93
2021-04-28,33820.38
2021-04-29,34060.36
2021-04-30,33874.85
2021-05-03,34113.23
2021-05-04,34133.03
2021-05-05,34230.34
2021-05-06,34548.53
2021-05-07,34777.76
2021-05-10,34742.82
2021-05-11,34269.16
2021-05-12,33587.66
2021-05-13,34021.45
2021-05-14,34382.13
2021-05-17,34327.79
2021-05-18,34060.66
2021-05-19,33896.04
2021-05-20,34084.15
2021-05-21,34207.84
2021-05-24,34393.98
2021-05-25,34312.46
2021-05-26,34323.05
2021-05-27,34464.64
2021-05-28,34529.45
2021-06-01,34575.31
2021-06-02,34600.38
2021-06-03,34577.04
2021-06-04,34756.39
2021-06-07,34630.24
2021-06-08,34599.82
2021-06-09,34447.14
2021-06-10,34466.24
2021-06-11,34479.6
2021-06-14,34393.75
2021-06-15,34299.33
2021-06-16,34033.67
2021-06-17,33823.45
2021-06-18,33290.08
2021-06-21,33876.97
2021-06-22,33945.58
2021-06-23,33874.24
2021-06-24,34196.82
2021-06-25,34433.84
2021-06-28,34283.27
2021-06-29,34292.29
2021-06-30,34502.51
2021-07-01,34633.53
2021-07-02,34786.35
2021-07-06,34577.37
2021-07-07,34681.79
2021-07-08,34421.93
2021-07-09,34870.16
2021-07-12,34996.18
2021-07-13,34888.79
2021-07-14,34933.23
2021-07-15,34987.02
2021-07-16,34687.85
2021-07-19,33962.04
2021-07-20,34511.99
2021-07-21,34798.0
2021-07-22,34823.35
2021-07-23,35061.55
2021-07-26,35144.31
2021-07-27,35058.52
2021-07-28,34930.93
2021-07-29,35084.53
2021-07-30,34935.47
2021-08-02,34838.16
2021-08-03,35116.4
2021-08-04,34792.67
2021-08-05,35064.25
2021-08-06,35208.51
2021-08-09,35101.85
2021-08-10,35264.67
2021-08-11,35484.97
2021-08-12,35499.85
2021-08-13,35515.38
2021-08-16,35625.4
2021-08-17,35343.28
2021-08-18,34960.69
2021-08-19,34894.12
2021-08-20,35120.08
2021-08-23,35335.71
2021-08-24,35366.26
2021-08-25,35405.5
2021-08-26,35213.12
2021-08-27,35455.8
2021-08-30,35399.84
2021-08-31,35360.73
2021-09-01,35312.53
2021-09-02,35443.82
2021-09-03,35369.09
2021-09-07,35100.0
2021-09-08,35031.07
2021-09-09,34879.38
2021-09-10,34607.72
2021-09-13,34869.63
2021-09-14,34577.57
2021-09-15,34814.39
2021-09-16,34751.32
2021-09-17,34584.88
2021-09-20,33970.47
2021-09-21,33919.84
2021-09-22,34258.32
2021-09-23,34764.82
2021-09-24,34798.0
2021-09-27,34869.37
2021-09-28,34299.99
2021-09-29,34390.72
2021-09-30,33843.92
2021-10-01,34326.46
2021-10-04,34002.92
2021-10-05,34314.67
2021-10-06,34416.99
2021-10-07,34754.94
2021-10-08,34746.25
2021-10-11,34496.06
2021-10-12,34378.34
2021-10-13,34377.81
2021-10-14,34912.56
2021-10-15,35294.76
2021-10-18,35258.61
2021-10-19,35457.31
2021-10-20,35609.34
2021-10-21,35603.08
2021-10-22,35677.02
2021-10-25,35741.15
2021-10-26,35756.88
2021-10-27,35490.69
2021-10-28,35730.48
2021-10-29,35819.56
2021-11-01,35913.84
2021-11-02,36052.63
2021-11-03,36157.58
2021-11-04,36124.23
2021-11-05,36327.95
2021-11-08,36432.22
2021-11-09,36319.98
2021-11-10,36079.94
2021-11-11,35921.23
2021-11-12,36100.31
2021-11-15,36087.45
2021-11-16,36142.22
2021-11-17,35931.05
2021-11-18,35870.95
2021-11-19,35601.98
2021-11-22,35619.25
2021-11-23,35813.8
2021-11-24,35804.38
2021-11-26,34899.34
2021-11-29,35135.94
2021-11-30,34483.72
2021-12-01,34022.04
2021-12-02,34639.79
2021-12-03,34580.08
2021-12-06,35227.03
2021-12-07,35719.43
2021-12-08,35754.75
2021-12-09,35754.69
2021-12-10,35970.99
2021-12-13,35650.95
2021-12-14,35544.18
2021-12-15,35927.43
2021-12-16,35897.64
2021-12-17,35365.44
2021-12-20,34932.16
2021-12-21,35492.7
2021-12-22,35753.89
2021-12-23,35950.56
2021-12-27,36302.38
2021-12-28,36398.21
2021-12-29,36488.63
2021-12-30,36398.08
2021-12-31,36338.3
2022-01-03,36585.06
2022-01-04,36799.65
2022-01-05,36407.11
2022-01-06,36236.47
2022-01-07,36231.66
2022-01-10,36068.87
2022-01-11,36252.02
2022-01-12,36290.32
2022-01-13,36113.62
2022-01-14,35911.81
2022-01-18,35368.47
2022-01-19,35028.65
2022-01-20,34715.39
2022-01-21,34265.37
2022-01-24,34364.5
2022-01-25,34297.73
2022-01-26,34168.09
2022-01-27,34160.78
2022-01-28,34725.47
2022-01-31,35131.86
2022-02-01,35405.24
2022-02-02,35629.33
2022-02-03,35111.16
2022-02-04,35089.74
2022-02-07,35091.13
2022-02-08,35462.78
2022-02-09,35768.06
2022-02-10,35241.59
2022-02-11,34738.06
2022-02-14,34566.17
2022-02-15,34988.84
2022-02-16,34934.27
2022-02-17,34312.03
2022-02-18,34079.18
2022-02-22,33596.61
2022-02-23,33131.76
2022-02-24,33223.83
2022-02-25,34058.75
2022-02-28,33892.6
2022-03-01,33294.95
2022-03-02,33891.35
2022-03-03,33794.66
2022-03-04,33614.8
2022-03-07,32817.38
2022-03-08,32632.64
2022-03-09,33286.25
2022-03-10,33174.07
2022-03-11,32944.19
2022-03-14,32945.24
2022-03-15,33544.34
2022-03-16,34063.1
2022-03-17,34480.76
2022-03-18,34754.93
2022-03-21,34552.99
2022-03-22,34807.46
2022-03-23,34358.5
2022-03-24,34707.94
2022-03-25,34861.24
2022-03-28,34955.89
2022-03-29,35294.19
2022-03-30,35228.81
2022-03-31,34678.35
2022-04-01,34818.27
2022-04-04,34921.88
2022-04-05,34641.18
2022-04-06,34496.51
2022-04-07,34583.57
2022-04-08,34721.12
2022-04-11,34308.08
2022-04-12,34220.36
2022-04-13,34564.59
2022-04-14,34451.23
2022-04-18,34411.69
2022-04-19,34911.2
2022-04-20,35160.79
2022-04-21,34792.76
2022-04-22,33811.4
2022-04-25,34049.46
2022-04-26,33240.18
2022-04-27,33301.93
2022-04-28,33916.39
2022-04-29,32977.21
2022-05-02,33061.5
2022-05-03,33128.79
2022-05-04,34061.06
2022-05-05,32997.97
2022-05-06,32899.37
2022-05-09,32245.7
2022-05-10,32160.74
2022-05-11,31834.11
2022-05-12,31730.3
2022-05-13,32196.66
2022-05-16,32223.42
2022-05-17,32654.59
2022-05-18,31490.07
2022-05-19,31253.13
2022-05-20,31261.9
2022-05-23,31880.24
2022-05-24,31928.62
2022-05-25,32120.28
2022-05-26,32637.19
2022-05-27,33212.96
2022-05-31,32990.12
2022-06-01,32813.23
2022-06-02,33248.28
2022-06-03,32899.7
2022-06-06,32915.78
2022-06-07,33180.14
2022-06-08,32910.9
2022-06-09,32272.79
2022-06-10,31392.79
2022-06-13,30516.74
2022-06-14,30364.83
2022-06-15,30668.53
2022-06-16,29927.07
2022-06-17,29888.78
2022-06-21,30530.25
2022-06-22,30483.13
2022-06-23,30677.36
2022-06-24,31500.68
2022-06-27,31438.26
2022-06-28,30946.99
2022-06-29,31029.31
2022-06-30,30775.43
2022-07-01,31097.26
2022-07-05,30967.82
2022-07-06,31037.68
2022-07-07,31384.55
2022-07-08,31338.15
2022-07-11,31173.84
2022-07-12,30981.33
2022-07-13,30772.79
2022-07-14,30630.17
2022-07-15,31288.26
2022-07-18,31072.61
2022-07-19,31827.05
2022-07-20,31874.84
2022-07-21,32036.9
2022-07-22,31899.29
2022-07-25,31990.04
2022-07-26,31761.54
2022-07-27,32197.59
2022-07-28,32529.63
2022-07-29,32845.13
2022-08-01,32798.4
2022-08-02,32396.17
2022-08-03,32812.5
2022-08-04,32726.82
2022-08-05,32803.47
2022-08-08,32832.54
2022-08-09,32774.41
2022-08-10,33309.51
2022-08-11,33336.67
2022-08-12,33761.05
2022-08-15,33912.44
2022-08-16,34152.01
2022-08-17,33980.32
2022-08-18,33999.04
2022-08-19,33706.74
2022-08-22,33063.61
2022-08-23,32909.59
2022-08-24,32969.23
2022-08-25,33291.78
2022-08-26,32283.4
2022-08-29,32098.99
2022-08-30,31790.87
2022-08-31,31510.43
2022-09-01,31656.42
2022-09-02,31318.44
2022-09-06,31145.3
2022-09-07,31581.28
2022-09-08,31774.52
2022-09-09,32151.71
2022-09-12,32381.34
2022-09-13,31104.97
2022-09-14,31135.09
2022-09-15,30961.82
2022-09-16,30822.42
2022-09-19,31019.68
2022-09-20,30706.23
2022-09-21,30183.78
2022-09-22,30076.68
2022-09-23,29590.41
2022-09-26,29260.81
2022-09-27,29134.99
2022-09-28,29683.74
2022-09-29,29225.61
2022-09-30,28725.51
2022-10-03,29490.89
2022-10-04,30316.32
2022-10-05,30273.87
2022-10-06,29926.94
2022-10-07,29296.79
2022-10-10,29202.88
2022-10-11,29239.19
2022-10-12,29210.85
2022-10-13,30038.72
2022-10-14,29634.83
2022-10-17,30185.82
2022-10-18,30523.8
2022-10-19,30423.81
2022-10-20,30333.59
2022-10-21,31082.56
2022-10-24,31499.62
2022-10-25,31836.74
2022-10-26,31839.11
2022-10-27,32033.28
2022-10-28,32861.8
2022-10-31,32732.95
2022-11-01,32653.2
2022-11-02,32147.76
2022-11-03,32001.25
2022-11-04,32403.22
2022-11-07,32827.0
2022-11-08,33160.83
2022-11-09,32513.94
2022-11-10,33715.37
2022-11-11,33747.86
2022-11-14,33536.7
2022-11-15,33592.92
2022-11-16,33553.83
2022-11-17,33546.32
2022-11-18,33745.69
2022-11-21,33700.28
2022-11-22,34098.1
2022-11-23,34194.06
2022-11-25,34347.03
2022-11-28,33849.46
2022-11-29,33852.53
2022-11-30,34589.77
2022-12-01,34395.01
2022-12-02,34429.88
2022-12-05,33947.1
2022-12-06,33596.34
2022-12-07,33597.92
2022-12-08,33781.48
2022-12-09,33476.46
2022-12-12,34005.04
2022-12-13,34108.64
2022-12-14,33966.35
2022-12-15,33202.22
2022-12-16,32920.46
2022-12-19,32757.54
2022-12-20,32849.74
2022-12-21,33376.48
2022-12-22,33027.49
2022-12-23,33203.93
2022-12-27,33241.56
2022-12-28,32875.71
2022-12-29,33220.8
2022-12-30,33147.25
2023-01-03,33136.37
2023-01-04,33269.77
2023-01-05,32930.08
2023-01-06,33630.61
2023-01-09,33517.65
2023-01-10,33704.1
2023-01-11,33973.01
2023-01-12,34189.97
2023-01-13,34302.61
2023-01-17,33910.85
2023-01-18,33296.96
2023-01-19,33044.56
2023-01-20,33375.49
2023-01-23,33629.56
2023-01-24,33733.96
2023-01-25,33743.84
2023-01-26,33949.41
2023-01-27,33978.08
2023-01-30,33717.09
2023-01-31,34086.04
2023-02-01,34092.96
2023-02-02,34053.94
2023-02-03,33926.01
2023-02-06,33891.02
2023-02-07,34156.69
2023-02-08,33949.01
2023-02-09,33699.88
2023-02-10,33869.27
2023-02-13,34245.93
2023-02-14,34089.27
2023-02-15,34128.05
2023-02-16,33696.85
2023-02-17,33826.69
2023-02-21,33129.59
2023-02-22,33045.09
2023-02-23,33153.91
2023-02-24,32816.92
2023-02-27,32889.09
2023-02-28,32656.7
2023-03-01,32661.84
2023-03-02,33003.57
2023-03-03,33390.97
2023-03-06,33431.44
2023-03-07,32856.46
2023-03-08,32798.4
2023-03-09,32254.86
2023-03-10,31909.64
2023-03-13,31819.14
2023-03-14,32155.4
2023-03-15,31874.57
2023-03-16,32246.55
2023-03-17,31861.98
2023-03-20,32244.58
2023-03-21,32560.6
2023-03-22,32030.11
2023-03-23,32105.25
2023-03-24,32237.53
2023-03-27,32432.08
2023-03-28,32394.25
2023-03-29,32717.6
2023-03-30,32859.03
2023-03-31,33274.15
2023-04-03,33601.15
2023-04-04,33402.38
2023-04-05,33482.72
2023-04-06,33485.29
2023-04-10,33586.52
2023-04-11,33684.79
2023-04-12,33646.5
2023-04-13,34029.69
2023-04-14,33886.47
2023-04-17,33987.18
2023-04-18,33976.63
2023-04-19,33897.01
2023-04-20,33786.62
2023-04-21,33808.96
2023-04-24,33875.4
2023-04-25,33530.83
2023-04-26,33301.87
2023-04-27,33826.16
2023-04-28,34098.16
2023-05-01,34051.7
2023-05-02,33684.53
2023-05-03,33414.24
2023-05-04,33127.74
2023-05-05,33674.38
2023-05-08,33618.69
2023-05-09,33561.81
2023-05-10,33531.33
2023-05-11,33309.51
2023-05-12,33300.62
2023-05-15,33348.6
2023-05-16,33012.14
2023-05-17,33420.77
2023-05-18,33535.91
2023-05-19,33426.63
2023-05-22,33286.58
2023-05-23,33055.51
2023-05-24,32799.92
2023-05-25,32764.65
2023-05-26,33093.34
2023-05-30,33042.78
2023-05-31,32908.27
2023-06-01,33061.57
2023-06-02,33762.76
2023-06-05,33562.86
2023-06-06,33573.28
2023-06-07,33665.02
2023-06-08,33833.61
2023-06-09,33876.78
2023-06-12,34066.33
2023-06-13,34212.12
2023-06-14,33979.33
2023-06-15,34408.06
2023-06-16,34299.12
2023-06-20,34053.87
2023-06-21,33951.52
2023-06-22,33946.71
2023-06-23,33727.43
2023-06-26,33714.71
2023-06-27,33926.74
2023-06-28,33852.66
2023-06-29,34122.42
2023-06-30,34407.6
2023-07-03,34418.47
2023-07-05,34288.64
2023-07-06,33922.26
2023-07-07,33734.88
2023-07-10,33944.4
2023-07-11,34261.42
2023-07-12,34347.43
2023-07-13,34395.14
2023-07-14,34509.03
2023-07-17,34585.35
2023-07-18,34951.93
2023-07-19,35061.21
2023-07-20,35225.18
2023-07-21,35227.69
2023-07-24,35411.24
2023-07-25,35438.07
2023-07-26,35520.12
2023-07-27,35282.72
2023-07-28,35459.29
2023-07-31,35559.53
2023-08-01,35630.68
2023-08-02,35282.52
2023-08-03,35215.89
2023-08-04,35065.62
2023-08-07,35473.13
2023-08-08,35314.49
2023-08-09,35123.36
2023-08-10,35176.15
2023-08-11,35281.4
2023-08-14,35307.63
2023-08-15,34946.39
2023-08-16,34765.74
2023-08-17,34474.83
2023-08-18,34500.66
2023-08-21,34463.69
2023-08-22,34288.83
2023-08-23,34472.98
2023-08-24,34099.42
2023-08-25,34346.9
2023-08-28,34559.98
2023-08-29,34852.67
2023-08-30,34890.24
2023-08-31,34721.91
2023-09-01,34837.71
2023-09-05,34641.97
2023-09-06,34443.19
2023-09-07,34500.73
2023-09-08,34576.59
2023-09-11,34663.72
2023-09-12,34645.99
2023-09-13,34575.53
2023-09-14,34907.11
2023-09-15,34618.24
2023-09-18,34624.3
2023-09-19,34517.73
2023-09-20,34440.88
2023-09-21,34070.42
2023-09-22,33963.84
2023-09-25,34006.88
2023-09-26,33618.88
2023-09-27,33550.27
2023-09-28,33666.34
2023-09-29,33507.5
2023-10-02,33433.35
2023-10-03,33002.38
2023-10-04,33129.55
2023-10-05,33119.57
2023-10-06,33407.58
2023-10-09,33604.65
2023-10-10,33739.3
2023-10-11,33804.87
2023-10-12,33631.14
2023-10-13,33670.29
2023-10-16,33984.54
2023-10-17,33997.65
2023-10-18,33665.08
2023-10-19,33414.17
2023-10-20,33127.28
2023-10-23,32936.41
2023-10-24,33141.38
2023-10-25,33035.93
2023-10-26,32784.3
2023-10-27,32417.59
2023-10-30,32928.96
2023-10-31,33052.87
2023-11-01,33274.58
2023-11-02,33839.08
2023-11-03,34061.32
2023-11-06,34095.86
2023-11-07,34152.6
2023-11-08,34112.27
2023-11-09,33891.94
2023-11-10,34283.1
2023-11-13,34337.87
2023-11-14,34827.7
2023-11-15,34991.21
2023-11-16,34945.47
2023-11-17,34947.28
2023-11-20,35151.04
2023-11-21,35088.29
2023-11-22,35273.03
2023-11-24,35390.15
2023-11-27,35333.47
2023-11-28,35416.98
2023-11-29,35430.42
2023-11-30,35950.89
2023-12-01,36245.5
2023-12-04,36204.44
2023-12-05,36124.56
2023-12-06,36054.43
2023-12-07,36117.38
2023-12-08,36247.87
2023-12-11,36404.93
2023-12-12,36577.94
2023-12-13,37090.24
2023-12-14,37248.35
2023-12-15,37305.16
2023-12-18,37306.02
2023-12-19,37557.92
2023-12-20,37082.0
2023-12-21,37404.35
2023-12-22,37385.97
2023-12-26,37545.33
2023-12-27,37656.52
2023-12-28,37710.1
2023-12-29,37689.54
2024-01-02,37715.04
2024-01-03,37430.19
2024-01-04,37440.34
2024-01-05,37466.11
2024-01-08,37683.01
2024-01-09,37525.16
2024-01-10,37695.73
2024-01-11,37711.02
2024-01-12,37592.98
2024-01-16,37361.12
2024-01-17,37266.67
2024-01-18,37468.61
2024-01-19,37863.8
2024-01-22,38001.81
2024-01-23,37905.45
2024-01-24,37806.39
2024-01-25,38049.13
2024-01-26,38109.43
2024-01-29,38333.45
2024-01-30,38467.31
2024-01-31,38150.3
2024-02-01,38519.84
2024-02-02,38654.42
2024-02-05,38380.12
2024-02-06,38521.36
2024-02-07,38677.36
2024-02-08,38726.33
2024-02-09,38671.69
2024-02-12,38797.38
2024-02-13,38272.75
2024-02-14,38424.27
2024-02-15,38773.12
2024-02-16,38627.99
2024-02-20,38563.8
2024-02-21,38612.24
2024-02-22,39069.11
2024-02-23,39131.53
2024-02-26,39069.23
2024-02-27,38972.41
2024-02-28,38949.02
2024-02-29,38996.39
2024-03-01,39087.38
2024-03-04,38989.83
2024-03-05,38585.19
2024-03-06,38661.05
2024-03-07,38791.35
2024-03-08,38722.69
2024-03-11,38769.66
2024-03-12,39005.49
2024-03-13,39043.32
2024-03-14,38905.66
2024-03-15,38714.77
2024-03-18,38790.43
2024-03-19,39110.76
2024-03-20,39512.13
2024-03-21,39781.37
2024-03-22,39475.9
2024-03-25,39313.64
2024-03-26,39282.33
2024-03-27,39760.08
2024-03-28,39807.37
2024-04-01,39566.85
2024-04-02,39170.24
2024-04-03,39127.14
2024-04-04,38596.98
2024-04-05,38904.04
2024-04-08,38892.8
2024-04-09,38883.67
2024-04-10,38461.51
2024-04-11,38459.08
2024-04-12,37983.24
2024-04-15,37735.11
2024-04-16,37798.97
2024-04-17,37753.31
2024-04-18,37775.38
2024-04-19,37986.4
2024-04-22,38239.98
2024-04-23,38503.69
2024-04-24,38460.92
2024-04-25,38085.8
2024-04-26,38239.66
2024-04-29,38386.09
2024-04-30,37815.92
2024-05-01,37903.29
2024-05-02,38225.66
2024-05-03,38675.68
2024-05-06,38852.27
2024-05-07,38884.26
2024-05-08,39056.39
2024-05-09,39387.76
2024-05-10,39512.84
2024-05-13,39431.51
2024-05-14,39558.11
2024-05-15,39908.0
2024-05-16,39869.38
2024-05-17,40003.59
2024-05-20,39806.77
2024-05-21,39872.99
2024-05-22,39671.04
2024-05-23,39065.26
2024-05-24,39069.59
2024-05-28,38852.86
2024-05-29,38441.54
2024-05-30,38111.48
2024-05-31,38686.32
2024-06-03,38571.03
2024-06-04,38711.29
2024-06-05,38807.33
2024-06-06,38886.17
2024-06-07,38798.99
2024-06-10,38868.04
2024-06-11,38747.42
2024-06-12,38712.21
2024-06-13,38647.1
2024-06-14,38589.16
2024-06-17,38778.1
2024-06-18,38834.86
2024-06-20,39134.76
2024-06-21,39150.33
2024-06-24,39411.21
2024-06-25,39112.16
2024-06-26,39127.8
2024-06-27,39164.06
2024-06-28,39118.86
2024-07-01,39169.52
2024-07-02,39331.85
2024-07-03,39308.0
2024-07-05,39375.87
2024-07-08,39344.79
2024-07-09,39291.97
2024-07-10,39721.36
2024-07-11,39753.75
2024-07-12,40000.9
2024-07-15,40211.72
2024-07-16,40954.48
2024-07-17,41198.08
2024-07-18,40665.02
2024-07-19,40287.53
2024-07-22,40415.44
2024-07-23,40358.09
2024-07-24,39853.87
2024-07-25,39935.07
2024-07-26,40589.34
2024-07-29,40539.93
2024-07-30,40743.33
2024-07-31,40842.79
2024-08-01,40347.97
2024-08-02,39737.26
2024-08-05,38703.27
2024-08-06,38997.66
2024-08-07,38763.45
2024-08-08,39446.49
2024-08-09,39497.54
2024-08-12,39357.01
2024-08-13,39765.64
2024-08-14,40008.39
2024-08-15,40563.06
2024-08-16,40659.76
2024-08-19,40896.53
2024-08-20,40834.97
2024-08-21,40890.49
2024-08-22,40712.78
2024-08-23,41175.08
2024-08-26,41240.52
2024-08-27,41250.5
2024-08-28,41091.42
2024-08-29,41335.05
2024-08-30,41563.08
2024-09-03,40936.93
2024-09-04,40974.97
2024-09-05,40755.75
2024-09-06,40345.41
2024-09-09,40829.59
2024-09-10,40736.96
2024-09-11,40861.71
2024-09-12,41096.77
2024-09-13,41393.78
2024-09-16,41622.08
2024-09-17,41606.18
2024-09-18,41503.1
2024-09-19,42025.19
2024-09-20,42063.36
2024-09-23,42124.65
2024-09-24,42208.22
2024-09-25,41914.75
2024-09-26,42175.11
2024-09-27,42313.0
2024-09-30,42330.15
2024-10-01,42156.97
2024-10-02,42196.52
2024-10-03,42011.59
2024-10-04,42352.75
2024-10-07,41954.24
2024-10-08,42080.37
2024-10-09,42512.0
2024-10-10,42454.12
2024-10-11,42863.86
2024-10-14,43065.22
2024-10-15,42740.42
2024-10-16,43077.7
2024-10-17,43239.05
2024-10-18,43275.91
2024-10-21,42931.6
2024-10-22,42924.89
2024-10-23,42514.95
2024-10-24,42374.36
2024-10-25,42114.4
2024-10-28,42387.57
2024-10-29,42233.05
2024-10-30,42141.54
2024-10-31,41763.46
2024-11-01,42052.19
2024-11-04,41794.6
2024-11-05,42221.88
2024-11-06,43729.93
2024-11-07,43729.34
2024-11-08,43988.99
2024-11-11,44293.13
2024-11-12,43910.98
2024-11-13,43958.19
2024-11-14,43750.86
2024-11-15,43444.99
2024-11-18,43389.6
2024-11-19,43268.94
2024-11-20,43408.47
2024-11-21,43870.35
2024-11-22,44296.51
2024-11-25,44736.57
2024-11-26,44860.31
2024-11-27,44722.06
2024-11-29,44910.65
2024-12-02,44782.0
2024-12-03,44705.53
2024-12-04,45014.04
2024-12-05,44765.71
2024-12-06,44642.52
2024-12-09,44401.93
2024-12-10,44247.83
2024-12-11,44148.56
2024-12-12,43914.12
2024-12-13,43828.06
2024-12-16,43717.48
2024-12-17,43449.9
2024-12-18,42326.87
2024-12-19,42342.24
2024-12-20,42840.26
2024-12-23,42906.95
2024-12-24,43297.03
2024-12-26,43325.8
2024-12-27,42992.21
2024-12-30,42573.73
2024-12-31,42544.22
2025-01-02,42392.27
2025-01-03,42732.13
2025-01-06,42706.56
2025-01-07,42528.36
2025-01-08,42635.2
2025-01-10,41938.45
2025-01-13,42297.12
2025-01-14,42518.28
2025-01-15,43221.55
2025-01-16,43153.13
2025-01-17,43487.83
2025-01-21,44025.81
2025-01-22,44156.73
2025-01-23,44565.07
2025-01-24,44424.25
2025-01-27,44713.58
2025-01-28,44850.35
2025-01-29,44713.52
2025-01-30,44882.13
2025-01-31,44544.66
2025-02-03,44421.91
2025-02-04,44556.04
2025-02-05,44873.28
2025-02-06,44747.63
2025-02-07,44303.4
2025-02-10,44470.41
2025-02-11,44593.65
2025-02-12,44368.56
2025-02-13,44711.43
2025-02-14,44546.08
2025-02-18,44556.34
2025-02-19,44627.59
2025-02-20,44176.65
2025-02-21,43428.02
2025-02-24,43461.21
2025-02-25,43621.16
2025-02-26,43433.12
2025-02-27,43239.5
2025-02-28,43840.91
2025-03-03,43191.24
2025-03-04,42520.99
2025-03-05,43006.59
2025-03-06,42579.08
2025-03-07,42801.72
2025-03-10,41911.71
2025-03-11,41433.48
2025-03-12,41350.93
2025-03-13,40813.57
2025-03-14,41488.19
2025-03-17,41841.63
2025-03-18,41581.31
2025-03-19,41964.63
2025-03-20,41953.32
2025-03-21,41985.35
2025-03-24,42583.32
2025-03-25,42587.5
2025-03-26,42454.79
2025-03-27,42299.7
2025-03-28,41583.9
2025-03-31,42001.76
2025-04-01,41989.96
2025-04-02,42225.32
2025-04-03,40545.93
2025-04-04,38314.86
2025-04-07,37965.6
2025-04-08,37645.59
2025-04-09,40608.45
2025-04-10,39593.66
2025-04-11,40212.71
2025-04-14,40524.79
2025-04-15,40368.96
2025-04-16,39669.39
2025-04-17,39142.23
2025-04-21,38170.41
2025-04-22,39186.98
2025-04-23,39606.57
2025-04-24,40093.4
2025-04-25,40113.5
2025-04-28,40227.59
2025-04-29,40527.62
2025-04-30,40669.36
2025-05-01,40752.96
2025-05-02,41317.43
2025-05-05,41218.83
2025-05-06,40829.0
2025-05-07,41113.97
2025-05-08,41368.45
2025-05-09,41249.38
2025-05-12,42410.1
2025-05-13,42140.43
2025-05-14,42051.06
2025-05-15,42322.75
2025-05-16,42654.74
2025-05-19,42792.07
2025-05-20,42677.24
2025-05-21,41860.44
2025-05-22,41859.09
2025-05-23,41603.07
2025-05-27,42343.65
2025-05-28,42098.7
2025-05-29,42215.73
2025-05-30,42270.07
2025-06-02,42305.48
2025-06-03,42519.64
2025-06-04,42427.74
2025-06-05,42319.74
2025-06-06,42762.87
2025-06-09,42761.76
2025-06-10,42866.87
2025-06-11,42865.77
2025-06-12,42967.62
2025-06-13,42197.79
2025-06-16,42515.09
2025-06-17,42215.8
2025-06-18,42171.66
2025-06-20,42206.82
2025-06-23,42581.78
2025-06-24,43089.02
2025-06-25,42982.43
2025-06-26,43386.84
2025-06-27,43819.27
2025-06-30,44094.77
2025-07-01,44494.94
2025-07-02,44484.42
2025-07-03,44828.53
2025-07-07,44406.36
2025-07-08,44240.76
2025-07-09,44458.3
2025-07-10,44650.64
2025-07-11,44371.51
2025-07-14,44459.65
2025-07-15,44023.29
2025-07-16,44254.78
2025-07-17,44484.49
2025-07-18,44342.19
2025-07-21,44323.07
2025-07-22,44502.44
2025-07-23,45010.29
2025-07-24,44693.91
2025-07-25,44901.92
2025-07-28,44837.56
2025-07-29,44632.99
2025-07-30,44461.28
2025-07-31,44130.98
2025-08-01,43588.58
2025-08-04,44173.64
2025-08-05,44111.74
2025-08-06,44193.12
2025-08-07,43968.64
2025-08-08,44175.61
2025-08-11,43975.09
2025-08-12,44458.61
2025-08-13,44922.27
2025-08-14,44911.26
2025-08-15,44946.12
2025-08-18,44911.82
2025-08-19,44922.27
2025-08-20,44938.31
2025-08-21,44785.5
2025-08-22,45631.74
2025-08-25,45282.47
2025-08-26,45418.07
2025-08-27,45565.23
2025-08-28,45636.9
2025-08-29,45544.88
2025-09-02,45295.81
2025-09-03,45271.23
2025-09-04,45621.29
2025-09-05,45400.86
2025-09-08,45514.95
2025-09-09,45711.34
2025-09-10,45490.92
2025-09-11,46108.0
2025-09-12,45834.22
2025-09-15,45883.45
2025-09-16,45757.9
2025-09-17,46018.32
2025-09-18,46142.42
2025-09-19,46315.27
2025-09-22,46381.54
2025-09-23,46292.78
2025-09-24,46121.28
2025-09-25,45947.32
2025-09-26,46247.29
2025-09-29,46316.07
2025-09-30,46397.89
2025-10-01,46441.1
2025-10-02,46519.72
2025-10-03,46758.28
2025-10-06,46694.97
2025-10-07,46602.98
2025-10-08,46601.78
2025-10-09,46358.42
2025-10-10,45479.6
2025-10-13,46067.58
2025-10-14,46270.46
2025-10-15,46253.31
2025-10-16,45952.24
2025-10-17,46190.61
2025-10-20,46706.58
2025-10-21,46924.74
2025-10-22,46590.41
2025-10-23,46734.61
2025-10-24,47207.12
2025-10-27,47544.59
2025-10-28,47706.37
2025-10-29,47632.0
2025-10-30,47522.12
2025-10-31,47562.87
2025-11-03,47336.68
2025-11-04,47085.24
2025-11-05,47311.0
2025-11-06,46912.3
2025-11-07,46987.1
2025-11-10,47368.63
2025-11-11,47927.96
2025-11-12,48254.82
2025-11-13,47457.22
2025-11-14,47147.48
2025-11-17,46590.24
2025-11-18,46091.74
2025-11-19,46138.77
2025-11-20,45752.26
2025-11-21,46245.41
2025-11-24,46448.27
2025-11-25,47112.45
2025-11-26,47427.12
2025-11-28,47716.42
2025-12-01,47289.33
2025-12-02,47474.46
2025-12-03,47882.9
2025-12-04,47850.94
2025-12-05,47954.99
2025-12-08,47739.32
2025-12-09,47560.29
2025-12-10,48057.75
2025-12-11,48704.01
2025-12-12,48458.05
2025-12-15,48416.56
2025-12-16,48114.26
2025-12-17,47885.97
2025-12-18,47951.85
2025-12-19,48134.89
2025-12-22,48362.68
2025-12-23,48442.41
2025-12-24,48731.16
2025-12-26,48710.97
2025-12-29,48461.93
2025-12-30,48367.06
2025-12-31,48063.29
2026-01-02,48382.39
2026-01-05,48977.18
2026-01-06,49462.08
2026-01-07,48996.08
2026-01-08,49266.11
2026-01-09,49504.07
2026-01-12,49590.2
2026-01-13,49191.99
2026-01-14,49149.63
2026-01-15,49442.44
2026-01-16,49359.33
2026-01-20,48488.59
2026-01-21,49077.23
2026-01-22,49384.01
2026-01-23,49098.71
2026-01-26,49412.4
2026-01-27,49003.41
2026-01-28,49015.6
2026-01-29,49071.56
2026-01-30,48892.47
2026-02-02,49407.66
2026-02-03,49240.99
2026-02-04,49501.3
2026-02-05,48908.72
2026-02-06,50115.67
2026-02-09,50135.87
2026-02-10,50188.14
2026-02-11,50121.4
2026-02-12,49451.98
2026-02-13,49500.93
2026-02-17,49533.19
2026-02-18,49662.66
2026-02-19,49395.16
2026-02-20,49625.97
2026-02-23,48804.06
2026-02-24,49174.5
2026-02-25,49482.15
2026-02-26,49499.2
2026-02-27,48977.92
2026-03-02,48904.78
2026-03-03,48501.27
2026-03-04,48739.41
2026-03-05,47954.74
2026-03-06,47501.55
2026-03-09,47740.8
2026-03-10,47706.51
2026-03-11,47417.27
2026-03-12,46677.85
2026-03-13,46558.47
2026-03-16,46946.41
2026-03-17,46993.26
2026-03-18,46225.15
2026-03-19,46021.43
2026-03-20,45577.47
2026-03-23,46208.47
2026-03-24,46124.06
2026-03-25,46429.49
2026-03-26,45960.11
2026-03-27,45166.64
2026-03-30,45216.14
2026-03-31,46341.51
2026-04-01,46565.74
2026-04-02,46504.67
2026-04-06,46669.88
2026-04-07,46584.46
2026-04-08,47909.92
2026-04-09,48185.8
2026-04-10,47916.57
2026-04-13,48218.25
2026-04-14,48535.99
2026-04-15,48463.72
2026-04-16,48578.72
2026-04-17,49447.43
2026-04-20,49442.56
2026-04-21,49149.38
2026-04-22,49490.0
2026-04-23,49310.3
2026-04-24,49230.7
2026-04-27,49167.8
2026-04-28,49141.9
2026-04-29,48861.8
2026-04-30,49652.1
2026-05-01,49499.3
2026-05-04,48941.9
2026-05-05,49298.3
2026-05-06,49910.6
2026-05-07,49597.0
2026-05-08,49609.2
