Date,Close
1970-01-05,35.4
1970-01-06,35.25
1970-01-07,35.2
1970-01-08,35.15
1970-01-09,35.1
1970-01-12,35.15
1970-01-13,35.15
1970-01-14,35.1
1970-01-15,35.0
1970-01-16,34.95
1970-01-19,34.95
1970-01-20,35.05
1970-01-21,35.05
1970-01-22,35.2
1970-01-23,35.2
1970-01-26,35.15
1970-01-27,35.25
1970-01-28,35.2
1970-01-29,35.2
1970-01-30,35.2
1970-02-02,35.2
1970-02-03,35.2
1970-02-04,35.2
1970-02-05,35.2
1970-02-06,35.2
1970-02-09,35.2
1970-02-10,35.25
1970-02-11,35.2
1970-02-12,35.2
1970-02-13,35.2
1970-02-16,35.2
1970-02-17,35.2
1970-02-18,35.15
1970-02-19,35.2
1970-02-20,35.2
1970-02-24,35.2
1970-02-25,35.2
1970-02-26,35.2
1970-02-27,35.2
1970-03-02,35.2
1970-03-03,35.2
1970-03-04,35.15
1970-03-05,35.2
1970-03-06,35.15
1970-03-09,35.15
1970-03-10,35.15
1970-03-11,35.2
1970-03-12,35.2
1970-03-13,35.25
1970-03-16,35.25
1970-03-17,35.25
1970-03-18,35.35
1970-03-19,35.4
1970-03-20,35.35
1970-03-23,35.35
1970-03-24,35.4
1970-03-25,35.5
1970-03-26,35.45
1970-03-30,35.45
1970-03-31,35.5
1970-04-01,35.55
1970-04-02,35.55
1970-04-03,35.55
1970-04-06,35.45
1970-04-07,35.5
1970-04-08,35.6
1970-04-09,35.6
1970-04-10,35.6
1970-04-13,35.65
1970-04-14,35.9
1970-04-15,35.85
1970-04-16,36.0
1970-04-17,36.0
1970-04-20,36.05
1970-04-21,36.15
1970-04-22,36.2
1970-04-23,36.1
1970-04-24,36.05
1970-04-27,35.95
1970-04-28,36.1
1970-04-29,36.1
1970-04-30,36.1
1970-05-01,36.1
1970-05-04,36.15
1970-05-05,36.45
1970-05-06,36.45
1970-05-07,36.45
1970-05-08,36.4
1970-05-11,36.35
1970-05-12,36.25
1970-05-13,36.15
1970-05-14,36.15
1970-05-15,36.2
1970-05-18,36.2
1970-05-19,36.2
1970-05-20,36.2
1970-05-21,36.15
1970-05-22,36.1
1970-05-25,36.1
1970-05-26,36.05
1970-05-27,36.0
1970-05-28,35.85
1970-06-01,35.6
1970-06-02,35.45
1970-06-03,35.35
1970-06-04,35.4
1970-06-05,35.45
1970-06-08,35.75
1970-06-09,35.75
1970-06-10,35.8
1970-06-11,35.9
1970-06-12,35.85
1970-06-15,35.75
1970-06-16,35.6
1970-06-17,35.65
1970-06-18,35.65
1970-06-19,35.6
1970-06-22,35.65
1970-06-23,35.65
1970-06-24,35.8
1970-06-25,35.7
1970-06-26,35.65
1970-06-29,35.75
1970-06-30,35.75
1970-07-01,35.75
1970-07-02,35.7
1970-07-06,35.6
1970-07-07,35.55
1970-07-08,35.55
1970-07-09,35.5
1970-07-10,35.55
1970-07-13,35.55
1970-07-14,35.55
1970-07-15,35.5
1970-07-16,35.5
1970-07-17,35.55
1970-07-20,35.55
1970-07-21,35.5
1970-07-22,35.5
1970-07-23,35.5
1970-07-24,35.55
1970-07-27,35.55
1970-07-28,35.55
1970-07-29,35.5
1970-07-30,35.55
1970-07-31,35.55
1970-08-03,35.55
1970-08-04,35.55
1970-08-05,35.55
1970-08-06,35.55
1970-08-07,35.55
1970-08-10,35.5
1970-08-11,35.5
1970-08-12,35.5
1970-08-13,35.5
1970-08-14,35.5
1970-08-17,35.5
1970-08-18,35.5
1970-08-19,35.5
1970-08-20,35.5
1970-08-21,35.65
1970-08-24,35.7
1970-08-25,35.85
1970-08-26,35.95
1970-08-27,36.0
1970-08-28,36.05
1970-08-31,36.1
1970-09-01,36.15
1970-09-02,36.35
1970-09-03,36.55
1970-09-04,36.5
1970-09-08,36.35
1970-09-09,36.5
1970-09-10,36.45
1970-09-11,36.6
1970-09-14,36.55
1970-09-15,36.45
1970-09-16,36.3
1970-09-17,36.45
1970-09-18,36.4
1970-09-21,36.5
1970-09-22,36.55
1970-09-23,36.45
1970-09-24,36.5
1970-09-25,36.4
1970-09-28,36.45
1970-09-29,36.45
1970-09-30,36.65
1970-10-01,36.6
1970-10-02,36.6
1970-10-05,37.0
1970-10-06,37.1
1970-10-07,36.95
1970-10-08,37.0
1970-10-09,37.2
1970-10-12,37.45
1970-10-13,37.65
1970-10-14,37.5
1970-10-15,37.8
1970-10-16,37.75
1970-10-19,37.85
1970-10-20,38.15
1970-10-21,38.2
1970-10-22,38.25
1970-10-23,38.7
1970-10-26,39.2
1970-10-27,39.3
1970-10-28,38.95
1970-10-29,38.45
1970-10-30,37.55
1970-11-02,37.9
1970-11-04,37.45
1970-11-05,37.05
1970-11-06,37.4
1970-11-09,37.65
1970-11-10,37.65
1970-11-11,37.5
1970-11-12,37.65
1970-11-13,37.95
1970-11-16,37.95
1970-11-17,37.95
1970-11-18,37.75
1970-11-19,37.7
1970-11-20,37.9
1970-11-23,37.75
1970-11-24,37.9
1970-11-25,37.95
1970-11-30,37.8
1970-12-01,37.75
1970-12-02,37.85
1970-12-03,37.85
1970-12-04,37.85
1970-12-07,37.7
1970-12-08,37.65
1970-12-09,37.4
1970-12-10,37.45
1970-12-11,37.45
1970-12-14,37.6
1970-12-15,37.9
1970-12-16,37.85
1970-12-17,37.9
1970-12-18,37.9
1970-12-21,37.9
1970-12-22,37.95
1970-12-23,37.6
1970-12-24,37.65
1970-12-28,37.65
1970-12-29,37.65
1970-12-30,37.7
1970-12-31,37.65
1971-01-04,37.75
1971-01-05,37.8
1971-01-06,37.7
1971-01-07,37.7
1971-01-08,37.75
1971-01-11,38.0
1971-01-12,38.25
1971-01-13,38.3
1971-01-14,38.25
1971-01-15,38.4
1971-01-18,38.35
1971-01-19,38.2
1971-01-20,38.4
1971-01-21,38.35
1971-01-22,38.25
1971-01-25,38.35
1971-01-26,38.45
1971-01-27,38.3
1971-01-28,38.35
1971-01-29,38.35
1971-02-01,38.45
1971-02-02,38.8
1971-02-03,39.2
1971-02-04,38.75
1971-02-05,38.75
1971-02-08,38.95
1971-02-09,39.15
1971-02-10,39.15
1971-02-11,39.25
1971-02-12,39.15
1971-02-16,39.25
1971-02-17,39.15
1971-02-18,39.15
1971-02-19,39.05
1971-02-22,39.05
1971-02-23,39.1
1971-02-24,39.05
1971-02-25,39.1
1971-02-26,39.1
1971-03-01,39.0
1971-03-02,39.0
1971-03-03,39.1
1971-03-04,39.05
1971-03-05,39.05
1971-03-08,39.1
1971-03-09,39.1
1971-03-10,39.15
1971-03-11,39.3
1971-03-12,39.3
1971-03-15,39.3
1971-03-16,39.2
1971-03-17,39.15
1971-03-18,39.3
1971-03-19,39.2
1971-03-22,39.2
1971-03-23,39.25
1971-03-24,39.2
1971-03-25,39.2
1971-03-26,39.2
1971-03-29,39.05
1971-03-30,39.1
1971-03-31,39.15
1971-04-01,39.2
1971-04-02,39.15
1971-04-05,39.15
1971-04-06,39.15
1971-04-07,39.2
1971-04-08,39.25
1971-04-12,39.25
1971-04-13,39.25
1971-04-14,39.2
1971-04-15,39.2
1971-04-16,39.25
1971-04-19,39.25
1971-04-20,39.2
1971-04-21,39.2
1971-04-22,39.45
1971-04-23,39.3
1971-04-26,39.2
1971-04-27,39.2
1971-04-28,39.45
1971-04-29,39.7
1971-04-30,39.95
1971-05-03,39.7
1971-05-04,39.95
1971-05-05,40.4
1971-05-06,40.65
1971-05-07,40.1
1971-05-10,40.1
1971-05-11,40.5
1971-05-12,40.75
1971-05-13,41.15
1971-05-14,41.55
1971-05-17,41.05
1971-05-18,41.2
1971-05-19,40.95
1971-05-20,41.45
1971-05-21,41.25
1971-05-24,41.1
1971-05-25,41.3
1971-05-26,41.15
1971-05-27,41.1
1971-05-28,41.15
1971-06-01,41.15
1971-06-02,40.9
1971-06-03,40.9
1971-06-04,40.9
1971-06-07,40.75
1971-06-08,40.75
1971-06-09,40.2
1971-06-10,40.05
1971-06-11,39.9
1971-06-14,39.85
1971-06-15,39.9
1971-06-16,40.3
1971-06-17,40.15
1971-06-18,40.2
1971-06-21,40.25
1971-06-22,40.4
1971-06-23,40.6
1971-06-24,40.65
1971-06-25,40.4
1971-06-28,40.25
1971-06-29,40.2
1971-06-30,40.4
1971-07-01,40.55
1971-07-02,40.65
1971-07-06,40.6
1971-07-07,40.55
1971-07-08,40.55
1971-07-09,40.5
1971-07-12,40.65
1971-07-13,40.6
1971-07-14,40.6
1971-07-15,40.7
1971-07-16,41.0
1971-07-19,41.3
1971-07-20,41.2
1971-07-21,41.45
1971-07-22,42.05
1971-07-23,42.0
1971-07-26,42.05
1971-07-27,42.25
1971-07-28,42.4
1971-07-29,42.6
1971-07-30,42.7
1971-08-02,42.65
1971-08-03,42.6
1971-08-04,42.9
1971-08-05,43.15
1971-08-06,42.9
1971-08-09,44.25
1971-08-10,43.55
1971-08-11,43.25
1971-08-12,43.6
1971-08-13,43.35
1971-08-17,43.55
1971-08-18,43.65
1971-08-19,43.7
1971-08-20,43.65
1971-08-23,43.65
1971-08-24,43.55
1971-08-25,43.1
1971-08-26,42.3
1971-08-27,41.4
1971-08-30,41.75
1971-08-31,41.0
1971-09-01,41.45
1971-09-02,41.65
1971-09-03,42.05
1971-09-07,41.9
1971-09-08,41.75
1971-09-09,42.1
1971-09-10,42.0
1971-09-13,41.95
1971-09-14,42.15
1971-09-15,42.3
1971-09-16,42.6
1971-09-17,42.4
1971-09-20,42.65
1971-09-21,42.65
1971-09-22,42.5
1971-09-23,42.55
1971-09-24,42.8
1971-09-27,42.9
1971-09-28,43.45
1971-09-29,42.85
1971-09-30,42.9
1971-10-01,42.7
1971-10-04,42.9
1971-10-05,42.7
1971-10-06,42.75
1971-10-07,42.85
1971-10-08,42.75
1971-10-12,42.8
1971-10-13,43.0
1971-10-14,42.9
1971-10-15,42.85
1971-10-18,42.85
1971-10-19,42.8
1971-10-20,42.75
1971-10-21,42.75
1971-10-22,42.8
1971-10-25,42.8
1971-10-26,42.8
1971-10-27,42.8
1971-10-28,42.75
1971-10-29,42.65
1971-11-01,42.45
1971-11-03,42.5
1971-11-04,42.5
1971-11-05,42.65
1971-11-08,42.7
1971-11-09,42.85
1971-11-10,42.95
1971-11-11,42.55
1971-11-12,43.0
1971-11-15,43.15
1971-11-16,43.1
1971-11-17,43.15
1971-11-18,43.45
1971-11-19,43.4
1971-11-22,43.55
1971-11-23,43.55
1971-11-24,43.75
1971-11-29,43.95
1971-11-30,43.95
1971-12-01,43.85
1971-12-02,44.05
1971-12-03,44.1
1971-12-06,44.2
1971-12-07,44.1
1971-12-08,43.75
1971-12-09,43.95
1971-12-10,44.0
1971-12-13,43.95
1971-12-14,43.95
1971-12-15,43.9
1971-12-16,43.5
1971-12-17,43.05
1971-12-20,43.05
1971-12-21,43.4
1971-12-22,43.65
1971-12-23,43.7
1971-12-27,43.7
1971-12-28,43.7
1971-12-29,43.85
1971-12-30,43.85
1972-01-03,44.3
1972-01-04,44.7
1972-01-05,44.85
1972-01-06,45.55
1972-01-07,46.15
1972-01-10,46.05
1972-01-11,45.55
1972-01-12,45.6
1972-01-13,45.75
1972-01-14,46.25
1972-01-17,46.5
1972-01-18,46.15
1972-01-19,46.2
1972-01-20,46.2
1972-01-21,46.2
1972-01-24,46.3
1972-01-25,46.45
1972-01-26,46.5
1972-01-27,46.85
1972-01-28,47.6
1972-01-31,47.45
1972-02-01,48.4
1972-02-02,49.5
1972-02-03,48.3
1972-02-04,47.3
1972-02-07,47.9
1972-02-08,48.4
1972-02-09,48.4
1972-02-10,48.75
1972-02-11,48.55
1972-02-14,48.15
1972-02-15,48.25
1972-02-16,48.55
1972-02-17,48.65
1972-02-18,48.7
1972-02-22,48.95
1972-02-23,48.95
1972-02-24,49.15
1972-02-25,48.8
1972-02-28,48.75
1972-02-29,48.5
1972-03-01,48.35
1972-03-02,48.55
1972-03-03,48.35
1972-03-06,48.55
1972-03-07,48.6
1972-03-08,48.4
1972-03-09,48.7
1972-03-10,48.65
1972-03-13,48.75
1972-03-14,48.7
1972-03-15,48.65
1972-03-16,48.7
1972-03-17,48.67
1972-03-20,48.7
1972-03-21,48.7
1972-03-22,48.65
1972-03-23,48.65
1972-03-24,48.65
1972-03-27,48.6
1972-03-28,48.6
1972-03-29,48.7
1972-03-30,48.65
1972-04-03,48.65
1972-04-04,48.7
1972-04-05,48.7
1972-04-06,48.6
1972-04-07,48.65
1972-04-10,48.7
1972-04-11,48.8
1972-04-12,49.2
1972-04-13,49.25
1972-04-14,49.65
1972-04-17,49.7
1972-04-18,49.75
1972-04-19,49.7
1972-04-20,49.65
1972-04-21,49.6
1972-04-24,49.65
1972-04-25,49.55
1972-04-26,49.55
1972-04-27,49.75
1972-04-28,49.9
1972-05-01,50.65
1972-05-02,50.65
1972-05-03,50.7
1972-05-04,50.65
1972-05-05,51.3
1972-05-08,52.25
1972-05-09,54.0
1972-05-10,53.4
1972-05-11,53.3
1972-05-12,53.2
1972-05-15,53.4
1972-05-16,54.9
1972-05-17,54.6
1972-05-18,57.15
1972-05-19,57.35
1972-05-22,57.65
1972-05-23,57.75
1972-05-24,57.35
1972-05-25,57.3
1972-05-26,58.25
1972-05-30,58.85
1972-05-31,59.75
1972-06-01,59.5
1972-06-02,59.7
1972-06-05,59.8
1972-06-06,61.8
1972-06-07,65.15
1972-06-08,64.8
1972-06-09,62.8
1972-06-12,61.5
1972-06-13,61.9
1972-06-14,61.7
1972-06-15,61.3
1972-06-16,61.8
1972-06-19,61.5
1972-06-20,61.45
1972-06-21,61.55
1972-06-22,62.0
1972-06-23,63.35
1972-06-26,63.7
1972-06-27,63.1
1972-06-28,64.3
1972-06-29,64.8
1972-06-30,64.95
1972-07-03,65.8
1972-07-05,66.25
1972-07-06,66.25
1972-07-07,65.55
1972-07-10,65.9
1972-07-11,65.5
1972-07-12,65.35
1972-07-13,65.15
1972-07-14,65.25
1972-07-17,65.8
1972-07-18,65.75
1972-07-19,65.75
1972-07-20,65.6
1972-07-21,65.3
1972-07-24,65.5
1972-07-25,65.8
1972-07-26,66.0
1972-07-27,66.55
1972-07-28,68.45
1972-07-31,68.6
1972-08-01,69.6
1972-08-02,70.3
1972-08-03,69.3
1972-08-04,68.8
1972-08-07,67.8
1972-08-08,66.4
1972-08-09,65.45
1972-08-10,67.05
1972-08-11,66.0
1972-08-14,66.0
1972-08-15,66.05
1972-08-16,66.8
1972-08-17,66.75
1972-08-18,66.9
1972-08-21,67.1
1972-08-22,67.5
1972-08-23,67.35
1972-08-24,67.65
1972-08-25,67.4
1972-08-28,67.35
1972-08-29,66.95
1972-08-30,67.15
1972-08-31,67.15
1972-09-01,67.15
1972-09-05,67.25
1972-09-06,67.3
1972-09-07,67.4
1972-09-08,67.4
1972-09-11,67.55
1972-09-12,67.15
1972-09-13,67.3
1972-09-14,67.1
1972-09-15,65.75
1972-09-18,61.55
1972-09-19,64.55
1972-09-20,65.3
1972-09-21,65.55
1972-09-22,64.2
1972-09-25,63.8
1972-09-26,64.25
1972-09-27,64.1
1972-09-28,64.7
1972-09-29,64.5
1972-10-02,64.45
1972-10-03,64.4
1972-10-04,65.5
1972-10-05,65.9
1972-10-06,65.8
1972-10-10,65.5
1972-10-11,65.3
1972-10-12,64.95
1972-10-13,65.0
1972-10-16,65.4
1972-10-17,65.25
1972-10-18,65.15
1972-10-19,65.3
1972-10-20,65.3
1972-10-23,65.1
1972-10-24,65.1
1972-10-25,65.0
1972-10-26,64.8
1972-10-27,64.9
1972-10-30,64.85
1972-10-31,64.65
1972-11-01,64.3
1972-11-02,64.3
1972-11-03,64.45
1972-11-06,64.35
1972-11-08,63.95
1972-11-09,63.4
1972-11-10,63.1
1972-11-13,62.9
1972-11-14,62.25
1972-11-15,62.25
1972-11-16,61.7
1972-11-17,60.65
1972-11-20,61.4
1972-11-21,62.85
1972-11-22,62.8
1972-11-27,64.3
1972-11-28,64.05
1972-11-29,63.85
1972-11-30,63.9
1972-12-01,64.4
1972-12-04,63.7
1972-12-05,63.4
1972-12-06,63.4
1972-12-07,63.4
1972-12-08,63.4
1972-12-11,63.2
1972-12-12,63.2
1972-12-13,63.45
1972-12-14,63.7
1972-12-15,64.2
1972-12-18,65.4
1972-12-19,65.7
1972-12-20,64.75
1972-12-21,64.5
1972-12-22,64.5
1972-12-26,64.5
1972-12-27,64.95
1972-12-29,65.2
1973-01-02,65.4
1973-01-03,65.6
1973-01-04,65.2
1973-01-05,65.55
1973-01-08,65.4
1973-01-09,65.45
1973-01-10,65.3
1973-01-11,65.3
1973-01-12,65.4
1973-01-15,65.4
1973-01-16,65.4
1973-01-17,64.95
1973-01-18,64.2
1973-01-19,64.8
1973-01-22,65.5
1973-01-23,65.5
1973-01-24,65.9
1973-01-26,65.8
1973-01-29,65.6
1973-01-30,66.35
1973-01-31,66.3
1973-02-01,66.9
1973-02-02,67.2
1973-02-05,67.9
1973-02-06,69.1
1973-02-07,68.95
1973-02-08,69.3
1973-02-09,68.4
1973-02-12,68.85
1973-02-13,69.2
1973-02-14,72.6
1973-02-15,73.95
1973-02-16,73.6
1973-02-20,76.8
1973-02-21,79.6
1973-02-22,86.8
1973-02-23,85.3
1973-02-26,81.0
1973-02-27,84.0
1973-02-28,85.3
1973-03-01,86.0
1973-03-02,86.3
1973-03-05,84.3
1973-03-06,83.3
1973-03-07,82.8
1973-03-08,84.05
1973-03-09,83.15
1973-03-12,82.8
1973-03-13,80.3
1973-03-14,80.25
1973-03-15,83.05
1973-03-16,83.05
1973-03-19,82.55
1973-03-20,82.55
1973-03-21,81.9
1973-03-22,82.0
1973-03-23,84.8
1973-03-26,90.3
1973-03-27,90.3
1973-03-28,88.8
1973-03-29,89.55
1973-03-30,90.3
1973-04-02,89.55
1973-04-03,90.3
1973-04-04,90.55
1973-04-05,91.2
1973-04-09,91.05
1973-04-10,91.3
1973-04-11,91.55
1973-04-12,91.2
1973-04-13,90.3
1973-04-16,89.6
1973-04-17,90.55
1973-04-18,91.3
1973-04-19,91.05
1973-04-23,91.05
1973-04-24,90.1
1973-04-25,90.45
1973-04-26,90.85
1973-04-27,90.9
1973-04-30,91.0
1973-05-01,91.0
1973-05-02,90.9
1973-05-03,90.6
1973-05-04,90.6
1973-05-07,90.6
1973-05-08,91.7
1973-05-09,93.05
1973-05-10,95.1
1973-05-11,97.0
1973-05-14,102.55
1973-05-15,110.55
1973-05-16,106.8
1973-05-17,104.55
1973-05-18,105.8
1973-05-21,112.3
1973-05-22,110.8
1973-05-23,110.05
1973-05-24,110.3
1973-05-25,106.8
1973-05-29,110.3
1973-05-30,113.55
1973-05-31,115.05
1973-06-01,118.05
1973-06-04,123.8
1973-06-05,126.3
1973-06-06,121.8
1973-06-07,118.8
1973-06-08,117.5
1973-06-11,115.8
1973-06-12,117.55
1973-06-13,115.8
1973-06-14,118.05
1973-06-15,120.3
1973-06-18,122.8
1973-06-19,120.55
1973-06-20,120.3
1973-06-21,120.8
1973-06-22,120.3
1973-06-25,118.8
1973-06-26,123.55
1973-06-27,122.55
1973-06-28,121.8
1973-06-29,123.55
1973-07-02,121.3
1973-07-03,122.3
1973-07-05,123.3
1973-07-06,126.45
1973-07-09,126.3
1973-07-10,123.3
1973-07-11,119.3
1973-07-12,121.3
1973-07-13,120.2
1973-07-16,121.3
1973-07-17,119.8
1973-07-18,114.55
1973-07-19,118.05
1973-07-20,119.05
1973-07-23,120.2
1973-07-24,118.8
1973-07-25,118.8
1973-07-26,119.8
1973-07-27,117.3
1973-07-30,115.8
1973-07-31,115.9
1973-08-01,117.8
1973-08-02,116.4
1973-08-03,116.3
1973-08-06,115.8
1973-08-07,115.2
1973-08-08,114.05
1973-08-09,110.3
1973-08-10,107.05
1973-08-13,102.3
1973-08-14,95.8
1973-08-15,94.3
1973-08-16,103.3
1973-08-17,104.3
1973-08-20,109.8
1973-08-21,106.0
1973-08-22,103.3
1973-08-23,101.3
1973-08-24,101.3
1973-08-27,103.3
1973-08-28,104.3
1973-08-29,107.6
1973-08-30,105.8
1973-08-31,103.8
1973-09-04,105.4
1973-09-05,106.4
1973-09-06,105.8
1973-09-07,105.55
1973-09-10,105.05
1973-09-11,103.5
1973-09-12,102.55
1973-09-13,100.55
1973-09-14,100.6
1973-09-17,104.3
1973-09-18,103.3
1973-09-19,101.7
1973-09-20,103.55
1973-09-21,103.8
1973-09-24,102.3
1973-09-25,102.05
1973-09-26,102.8
1973-09-27,101.55
1973-09-28,100.3
1973-10-01,97.05
1973-10-02,98.05
1973-10-03,99.45
1973-10-04,99.3
1973-10-05,98.8
1973-10-09,99.9
1973-10-10,103.8
1973-10-11,104.05
1973-10-12,102.25
1973-10-15,101.55
1973-10-16,102.85
1973-10-17,103.8
1973-10-18,102.2
1973-10-19,101.3
1973-10-22,99.25
1973-10-23,101.05
1973-10-24,100.05
1973-10-25,100.4
1973-10-26,98.55
1973-10-29,98.55
1973-10-30,97.55
1973-10-31,98.3
1973-11-01,97.3
1973-11-02,98.8
1973-11-05,98.3
1973-11-06,98.3
1973-11-07,97.7
1973-11-08,97.6
1973-11-09,98.8
1973-11-12,97.3
1973-11-13,97.2
1973-11-14,90.3
1973-11-15,91.5
1973-11-16,90.5
1973-11-19,90.3
1973-11-20,90.75
1973-11-21,90.55
1973-11-26,90.55
1973-11-27,92.25
1973-11-28,101.8
1973-11-29,102.5
1973-11-30,101.25
1973-12-03,100.75
1973-12-04,105.75
1973-12-05,105.3
1973-12-06,106.05
1973-12-07,107.55
1973-12-10,105.8
1973-12-11,104.45
1973-12-12,104.3
1973-12-13,103.95
1973-12-14,105.25
1973-12-17,107.0
1973-12-18,109.25
1973-12-19,108.65
1973-12-20,108.25
1973-12-21,107.0
1973-12-26,109.8
1973-12-27,112.05
1973-12-28,112.3
1974-01-02,116.8
1974-01-03,121.55
1974-01-04,118.8
1974-01-07,121.8
1974-01-08,128.28
1974-01-09,124.5
1974-01-10,120.3
1974-01-11,122.3
1974-01-14,125.05
1974-01-15,125.8
1974-01-16,126.55
1974-01-17,128.65
1974-01-18,130.3
1974-01-21,138.55
1974-01-22,137.7
1974-01-23,134.8
1974-01-24,141.3
1974-01-25,141.2
1974-01-28,139.8
1974-01-29,137.8
1974-01-30,135.85
1974-01-31,132.8
1974-02-01,130.8
1974-02-04,133.8
1974-02-05,140.3
1974-02-06,138.3
1974-02-07,139.3
1974-02-08,143.3
1974-02-11,145.3
1974-02-12,146.8
1974-02-13,144.3
1974-02-14,146.3
1974-02-15,149.15
1974-02-19,149.8
1974-02-20,150.3
1974-02-21,157.05
1974-02-22,163.3
1974-02-25,169.8
1974-02-26,175.3
1974-02-27,174.3
1974-02-28,162.8
1974-03-01,167.8
1974-03-04,166.3
1974-03-05,159.3
1974-03-06,160.3
1974-03-07,166.3
1974-03-08,165.3
1974-03-11,165.8
1974-03-12,163.3
1974-03-13,164.8
1974-03-14,164.8
1974-03-15,164.15
1974-03-18,164.3
1974-03-19,169.3
1974-03-20,176.3
1974-03-21,175.3
1974-03-22,177.8
1974-03-25,177.05
1974-03-26,172.55
1974-03-27,174.3
1974-03-28,174.8
1974-03-29,173.3
1974-04-01,174.4
1974-04-02,177.3
1974-04-03,179.8
1974-04-04,176.55
1974-04-05,173.55
1974-04-08,167.3
1974-04-09,170.3
1974-04-10,173.55
1974-04-11,173.8
1974-04-15,174.05
1974-04-16,172.55
1974-04-17,170.2
1974-04-18,170.3
1974-04-19,172.3
1974-04-22,175.05
1974-04-23,175.0
1974-04-24,171.05
1974-04-25,169.3
1974-04-26,169.3
1974-04-29,169.55
1974-04-30,169.55
1974-05-01,169.8
1974-05-02,169.95
1974-05-03,169.3
1974-05-06,166.3
1974-05-07,163.3
1974-05-08,158.05
1974-05-09,166.55
1974-05-10,168.0
1974-05-13,166.8
1974-05-14,166.55
1974-05-15,164.7
1974-05-16,164.3
1974-05-17,165.8
1974-05-20,163.2
1974-05-21,161.3
1974-05-22,163.3
1974-05-23,159.8
1974-05-24,162.0
1974-05-28,154.3
1974-05-29,155.8
1974-05-30,162.3
1974-05-31,157.25
1974-06-03,155.8
1974-06-04,154.75
1974-06-05,162.05
1974-06-06,159.3
1974-06-07,155.8
1974-06-10,157.7
1974-06-11,157.75
1974-06-12,156.8
1974-06-13,157.3
1974-06-14,160.5
1974-06-17,157.8
1974-06-18,155.8
1974-06-19,153.9
1974-06-20,152.05
1974-06-21,154.05
1974-06-24,150.3
1974-06-25,150.05
1974-06-26,146.8
1974-06-27,144.8
1974-06-28,144.55
1974-07-01,143.3
1974-07-02,137.25
1974-07-03,136.75
1974-07-05,134.3
1974-07-08,141.25
1974-07-09,145.75
1974-07-10,139.0
1974-07-11,137.25
1974-07-12,137.25
1974-07-15,139.05
1974-07-16,141.3
1974-07-17,141.05
1974-07-18,144.25
1974-07-19,145.8
1974-07-22,143.3
1974-07-23,144.25
1974-07-24,144.55
1974-07-25,149.3
1974-07-26,149.5
1974-07-29,158.0
1974-07-30,157.3
1974-07-31,156.5
1974-08-01,159.65
1974-08-02,157.0
1974-08-05,154.1
1974-08-06,155.5
1974-08-07,154.8
1974-08-08,152.3
1974-08-09,154.55
1974-08-12,152.55
1974-08-13,151.8
1974-08-14,156.55
1974-08-15,153.3
1974-08-16,155.85
1974-08-19,155.55
1974-08-20,156.3
1974-08-21,155.8
1974-08-22,154.8
1974-08-23,154.3
1974-08-26,154.3
1974-08-27,153.8
1974-08-28,154.65
1974-08-29,155.8
1974-08-30,156.3
1974-09-03,158.05
1974-09-04,157.2
1974-09-05,157.75
1974-09-06,157.3
1974-09-09,155.8
1974-09-10,154.75
1974-09-11,153.2
1974-09-12,154.7
1974-09-13,153.2
1974-09-16,153.05
1974-09-17,148.0
1974-09-18,148.25
1974-09-19,149.8
1974-09-20,146.3
1974-09-23,148.3
1974-09-24,147.8
1974-09-25,147.5
1974-09-26,145.7
1974-09-27,146.25
1974-09-30,151.55
1974-10-01,156.05
1974-10-02,154.3
1974-10-03,155.95
1974-10-04,159.3
1974-10-07,157.8
1974-10-08,155.35
1974-10-09,155.95
1974-10-10,158.5
1974-10-11,157.25
1974-10-15,155.3
1974-10-16,155.25
1974-10-17,155.25
1974-10-18,155.5
1974-10-21,157.3
1974-10-22,158.25
1974-10-23,158.05
1974-10-24,162.25
1974-10-25,163.5
1974-10-28,167.75
1974-10-29,168.5
1974-10-30,168.25
1974-10-31,167.25
1974-11-01,168.05
1974-11-04,169.5
1974-11-05,174.05
1974-11-06,178.25
1974-11-07,177.5
1974-11-08,183.25
1974-11-11,182.25
1974-11-12,180.25
1974-11-13,185.55
1974-11-14,188.5
1974-11-15,187.75
1974-11-18,190.8
1974-11-19,188.0
1974-11-20,180.8
1974-11-21,182.75
1974-11-22,182.5
1974-11-25,184.0
1974-11-26,186.25
1974-11-27,184.55
1974-12-02,186.05
1974-12-03,183.25
1974-12-04,174.5
1974-12-05,178.75
1974-12-06,181.15
1974-12-09,180.75
1974-12-10,178.25
1974-12-11,175.0
1974-12-12,176.0
1974-12-13,180.0
1974-12-16,183.25
1974-12-17,188.75
1974-12-18,187.25
1974-12-19,186.5
1974-12-20,187.75
1974-12-23,193.25
1974-12-26,194.5
1974-12-27,195.25
1974-12-30,195.5
1974-12-31,186.75
1975-01-02,175.25
1975-01-03,174.25
1975-01-06,173.75
1975-01-07,169.75
1975-01-08,180.3
1975-01-09,179.25
1975-01-10,177.5
1975-01-13,180.55
1975-01-14,177.35
1975-01-15,178.5
1975-01-16,176.25
1975-01-17,174.0
1975-01-20,175.25
1975-01-21,176.0
1975-01-22,175.75
1975-01-23,174.25
1975-01-24,177.75
1975-01-27,179.25
1975-01-28,176.75
1975-01-29,178.25
1975-01-30,177.5
1975-01-31,176.05
1975-02-03,176.5
1975-02-04,174.5
1975-02-05,175.25
1975-02-06,173.65
1975-02-07,174.75
1975-02-10,174.25
1975-02-11,174.75
1975-02-12,175.2
1975-02-13,178.85
1975-02-14,184.25
1975-02-18,181.25
1975-02-19,184.5
1975-02-20,184.05
1975-02-21,185.0
1975-02-24,185.5
1975-02-25,185.25
1975-02-26,183.25
1975-02-27,182.5
1975-02-28,182.0
1975-03-03,182.1
1975-03-04,180.0
1975-03-05,178.8
1975-03-06,180.75
1975-03-07,178.25
1975-03-10,176.55
1975-03-11,179.2
1975-03-12,177.75
1975-03-13,179.05
1975-03-14,178.25
1975-03-17,178.0
1975-03-18,178.75
1975-03-19,178.75
1975-03-20,177.5
1975-03-21,176.5
1975-03-24,177.25
1975-03-25,177.05
1975-03-26,177.95
1975-03-27,177.25
1975-03-31,176.0
1975-04-01,177.25
1975-04-02,177.25
1975-04-03,175.6
1975-04-04,173.65
1975-04-07,172.6
1975-04-08,174.1
1975-04-09,173.1
1975-04-10,172.5
1975-04-11,171.9
1975-04-14,167.5
1975-04-15,164.0
1975-04-16,166.5
1975-04-17,167.5
1975-04-18,170.25
1975-04-21,165.6
1975-04-22,165.5
1975-04-23,168.0
1975-04-24,167.2
1975-04-25,166.1
1975-04-28,166.5
1975-04-29,167.05
1975-04-30,167.0
1975-05-01,166.0
1975-05-02,165.5
1975-05-05,163.5
1975-05-06,164.0
1975-05-07,165.25
1975-05-08,166.25
1975-05-09,165.75
1975-05-12,165.4
1975-05-13,165.5
1975-05-14,166.75
1975-05-15,166.0
1975-05-16,165.75
1975-05-19,167.75
1975-05-20,166.9
1975-05-21,168.5
1975-05-22,174.75
1975-05-23,173.4
1975-05-27,172.0
1975-05-28,171.15
1975-05-29,168.4
1975-05-30,167.2
1975-06-02,161.9
1975-06-03,165.25
1975-06-04,165.85
1975-06-05,164.6
1975-06-06,165.25
1975-06-09,165.45
1975-06-10,166.1
1975-06-11,164.95
1975-06-12,165.7
1975-06-13,164.45
1975-06-16,164.1
1975-06-17,164.1
1975-06-18,163.85
1975-06-19,162.95
1975-06-20,162.6
1975-06-23,162.5
1975-06-24,162.5
1975-06-25,164.1
1975-06-26,164.1
1975-06-27,164.6
1975-06-30,166.35
1975-07-01,166.6
1975-07-02,165.1
1975-07-03,164.1
1975-07-07,162.6
1975-07-08,164.1
1975-07-09,165.85
1975-07-10,163.25
1975-07-11,165.35
1975-07-14,166.85
1975-07-15,165.05
1975-07-16,164.2
1975-07-17,164.2
1975-07-18,164.05
1975-07-21,164.45
1975-07-22,165.5
1975-07-23,164.45
1975-07-24,165.05
1975-07-25,166.45
1975-07-28,167.2
1975-07-29,168.6
1975-07-30,167.5
1975-07-31,166.95
1975-08-01,167.0
1975-08-04,166.75
1975-08-05,166.3
1975-08-06,165.1
1975-08-07,165.55
1975-08-08,164.6
1975-08-11,162.15
1975-08-12,163.75
1975-08-13,162.55
1975-08-14,162.0
1975-08-15,162.25
1975-08-18,161.95
1975-08-19,161.6
1975-08-20,162.85
1975-08-21,162.15
1975-08-22,162.2
1975-08-25,162.25
1975-08-26,162.0
1975-08-27,161.65
1975-08-28,162.15
1975-08-29,160.0
1975-09-02,149.4
1975-09-03,150.6
1975-09-04,153.6
1975-09-05,153.4
1975-09-08,152.5
1975-09-09,148.7
1975-09-10,150.15
1975-09-11,147.8
1975-09-12,148.25
1975-09-15,148.4
1975-09-16,147.25
1975-09-17,143.05
1975-09-18,139.65
1975-09-19,135.65
1975-09-22,136.85
1975-09-23,128.9
1975-09-24,133.0
1975-09-25,134.65
1975-09-26,136.45
1975-09-29,139.5
1975-09-30,141.4
1975-10-01,143.75
1975-10-02,144.9
1975-10-03,139.15
1975-10-06,141.0
1975-10-07,142.65
1975-10-08,139.55
1975-10-09,140.15
1975-10-10,142.4
1975-10-14,140.75
1975-10-15,143.0
1975-10-16,143.5
1975-10-17,145.05
1975-10-20,145.0
1975-10-21,146.4
1975-10-22,144.75
1975-10-23,144.4
1975-10-24,143.75
1975-10-27,143.05
1975-10-28,142.85
1975-10-29,143.0
1975-10-30,144.0
1975-10-31,143.05
1975-11-03,143.4
1975-11-04,144.1
1975-11-05,146.0
1975-11-06,146.4
1975-11-07,144.85
1975-11-10,144.3
1975-11-11,144.5
1975-11-12,143.95
1975-11-13,143.95
1975-11-14,142.25
1975-11-17,142.25
1975-11-18,139.5
1975-11-19,142.0
1975-11-20,142.5
1975-11-21,141.45
1975-11-24,140.85
1975-11-25,141.5
1975-11-26,140.7
1975-12-01,138.1
1975-12-02,139.55
1975-12-03,139.7
1975-12-04,139.1
1975-12-05,138.1
1975-12-08,137.35
1975-12-09,137.5
1975-12-10,139.5
1975-12-11,140.45
1975-12-12,138.8
1975-12-15,138.25
1975-12-16,138.9
1975-12-17,139.1
1975-12-18,139.35
1975-12-19,142.5
1975-12-22,140.9
1975-12-23,140.35
1975-12-29,141.85
1975-12-30,140.85
1975-12-31,140.35
1976-01-02,137.8
1976-01-05,138.7
1976-01-06,139.1
1976-01-07,138.6
1976-01-08,136.05
1976-01-09,136.65
1976-01-12,136.9
1976-01-13,132.1
1976-01-14,130.45
1976-01-15,132.6
1976-01-16,130.9
1976-01-19,129.0
1976-01-20,124.7
1976-01-21,125.0
1976-01-22,126.25
1976-01-23,129.1
1976-01-26,125.75
1976-01-27,126.5
1976-01-28,128.35
1976-01-29,128.7
1976-01-30,128.4
1976-02-02,130.5
1976-02-03,131.8
1976-02-04,130.0
1976-02-05,128.85
1976-02-06,130.7
1976-02-09,130.2
1976-02-10,129.75
1976-02-11,130.95
1976-02-12,131.55
1976-02-13,131.2
1976-02-17,130.25
1976-02-18,131.3
1976-02-19,131.1
1976-02-20,131.85
1976-02-23,131.9
1976-02-24,132.6
1976-02-25,133.5
1976-02-26,132.35
1976-02-27,132.55
1976-03-01,132.45
1976-03-02,131.55
1976-03-03,132.5
1976-03-04,132.5
1976-03-05,133.95
1976-03-08,132.9
1976-03-09,133.0
1976-03-10,134.15
1976-03-11,133.9
1976-03-12,133.45
1976-03-15,133.9
1976-03-16,132.75
1976-03-17,133.45
1976-03-18,134.35
1976-03-19,133.85
1976-03-22,134.0
1976-03-23,133.4
1976-03-24,134.0
1976-03-25,133.0
1976-03-26,131.8
1976-03-29,130.1
1976-03-30,128.5
1976-03-31,129.6
1976-04-01,129.2
1976-04-02,129.25
1976-04-05,127.25
1976-04-06,128.3
1976-04-07,128.0
1976-04-08,128.2
1976-04-09,127.7
1976-04-12,127.4
1976-04-13,128.3
1976-04-14,128.0
1976-04-15,127.75
1976-04-19,127.5
1976-04-20,127.85
1976-04-21,127.55
1976-04-22,127.3
1976-04-23,127.7
1976-04-26,128.1
1976-04-27,128.7
1976-04-28,128.0
1976-04-29,127.9
1976-04-30,128.4
1976-05-03,128.35
1976-05-04,127.75
1976-05-05,127.55
1976-05-06,126.9
1976-05-07,128.25
1976-05-10,128.45
1976-05-11,127.85
1976-05-12,128.2
1976-05-13,128.0
1976-05-14,127.9
1976-05-17,127.7
1976-05-18,127.5
1976-05-19,126.8
1976-05-20,125.9
1976-05-21,126.05
1976-05-24,125.25
1976-05-25,124.75
1976-05-26,126.0
1976-05-27,126.45
1976-05-28,125.5
1976-06-01,126.65
1976-06-02,127.15
1976-06-03,127.2
1976-06-04,126.6
1976-06-07,127.35
1976-06-08,127.4
1976-06-09,127.2
1976-06-10,126.65
1976-06-11,125.5
1976-06-14,125.8
1976-06-15,125.95
1976-06-16,125.0
1976-06-17,125.8
1976-06-18,125.85
1976-06-21,125.8
1976-06-22,125.2
1976-06-23,124.7
1976-06-24,124.5
1976-06-25,124.85
1976-06-28,123.9
1976-06-29,123.7
1976-06-30,123.8
1976-07-01,122.9
1976-07-02,123.45
1976-07-06,123.3
1976-07-07,123.3
1976-07-08,123.1
1976-07-09,122.5
1976-07-12,121.85
1976-07-13,122.25
1976-07-14,122.2
1976-07-15,121.4
1976-07-16,117.85
1976-07-19,114.15
1976-07-20,108.0
1976-07-21,113.25
1976-07-22,112.0
1976-07-23,111.0
1976-07-26,113.3
1976-07-27,114.55
1976-07-28,114.4
1976-07-29,112.45
1976-07-30,112.8
1976-08-02,112.2
1976-08-03,111.6
1976-08-04,113.8
1976-08-05,113.0
1976-08-06,113.2
1976-08-09,113.05
1976-08-10,113.7
1976-08-11,113.7
1976-08-12,113.9
1976-08-13,113.55
1976-08-16,113.75
1976-08-17,113.15
1976-08-18,112.5
1976-08-19,108.1
1976-08-20,109.8
1976-08-23,109.35
1976-08-24,106.6
1976-08-25,103.85
1976-08-26,105.35
1976-08-27,104.2
1976-08-30,102.2
1976-08-31,104.35
1976-09-01,105.7
1976-09-02,106.1
1976-09-03,107.75
1976-09-07,111.1
1976-09-08,111.95
1976-09-09,112.35
1976-09-10,115.7
1976-09-13,114.75
1976-09-14,111.6
1976-09-15,111.6
1976-09-16,114.35
1976-09-17,119.5
1976-09-20,115.4
1976-09-21,120.15
1976-09-22,118.0
1976-09-23,117.75
1976-09-24,119.15
1976-09-27,119.15
1976-09-28,116.6
1976-09-29,116.55
1976-09-30,116.25
1976-10-01,116.25
1976-10-04,114.6
1976-10-05,114.7
1976-10-06,115.6
1976-10-07,115.85
1976-10-08,114.0
1976-10-11,114.3
1976-10-12,115.05
1976-10-13,115.0
1976-10-14,115.2
1976-10-15,116.05
1976-10-18,116.5
1976-10-19,115.7
1976-10-20,115.25
1976-10-21,116.35
1976-10-22,115.5
1976-10-25,116.05
1976-10-26,117.45
1976-10-27,118.2
1976-10-28,123.1
1976-10-29,123.15
1976-11-01,122.95
1976-11-03,126.2
1976-11-04,124.35
1976-11-05,127.35
1976-11-08,131.5
1976-11-09,130.55
1976-11-10,136.6
1976-11-11,133.55
1976-11-12,135.6
1976-11-15,139.2
1976-11-16,133.55
1976-11-17,131.25
1976-11-18,128.65
1976-11-19,130.55
1976-11-22,133.9
1976-11-23,133.45
1976-11-24,130.95
1976-11-26,130.9
1976-11-29,130.0
1976-11-30,130.25
1976-12-01,130.5
1976-12-02,131.2
1976-12-03,131.05
1976-12-06,134.0
1976-12-07,134.85
1976-12-08,136.0
1976-12-09,136.75
1976-12-10,137.65
1976-12-13,135.75
1976-12-14,134.95
1976-12-15,134.8
1976-12-16,134.75
1976-12-17,132.25
1976-12-20,132.6
1976-12-21,133.6
1976-12-22,133.6
1976-12-23,132.35
1976-12-27,132.95
1976-12-28,134.6
1976-12-29,134.25
1976-12-30,134.75
1977-01-03,135.6
1977-01-04,135.7
1977-01-05,133.4
1977-01-06,132.6
1977-01-07,132.8
1977-01-10,131.35
1977-01-11,130.1
1977-01-12,130.85
1977-01-13,132.2
1977-01-14,131.8
1977-01-17,131.6
1977-01-18,133.15
1977-01-19,132.7
1977-01-20,133.1
1977-01-21,132.2
1977-01-24,132.3
1977-01-25,133.5
1977-01-26,132.15
1977-01-27,132.3
1977-01-28,131.3
1977-01-31,132.3
1977-02-01,132.9
1977-02-02,132.1
1977-02-03,133.0
1977-02-04,132.45
1977-02-07,134.25
1977-02-08,134.7
1977-02-09,136.1
1977-02-10,135.85
1977-02-11,135.0
1977-02-14,136.45
1977-02-15,135.9
1977-02-16,135.9
1977-02-17,136.75
1977-02-18,136.6
1977-02-22,138.1
1977-02-23,139.15
1977-02-24,141.25
1977-02-25,139.95
1977-02-28,142.75
1977-03-01,141.4
1977-03-02,145.05
1977-03-03,144.7
1977-03-04,145.75
1977-03-07,148.56
1977-03-08,148.25
1977-03-09,145.9
1977-03-10,147.05
1977-03-11,146.3
1977-03-14,146.1
1977-03-15,146.45
1977-03-16,147.5
1977-03-17,148.9
1977-03-18,150.05
1977-03-21,152.0
1977-03-22,150.4
1977-03-23,152.8
1977-03-24,152.75
1977-03-25,153.55
1977-03-28,150.35
1977-03-29,148.4
1977-03-30,149.45
1977-03-31,148.9
1977-04-01,148.3
1977-04-04,150.65
1977-04-05,148.9
1977-04-06,148.6
1977-04-07,148.7
1977-04-11,149.7
1977-04-12,150.05
1977-04-13,152.2
1977-04-14,152.05
1977-04-15,150.65
1977-04-18,151.0
1977-04-19,150.45
1977-04-20,149.5
1977-04-21,148.1
1977-04-22,149.7
1977-04-25,149.0
1977-04-26,147.15
1977-04-27,147.5
1977-04-28,145.6
1977-04-29,147.25
1977-05-02,148.35
1977-05-03,148.25
1977-05-04,148.1
1977-05-05,146.95
1977-05-06,148.25
1977-05-09,147.3
1977-05-10,147.85
1977-05-11,147.7
1977-05-12,147.2
1977-05-13,148.5
1977-05-16,147.65
1977-05-17,147.8
1977-05-18,146.9
1977-05-19,146.85
1977-05-20,147.35
1977-05-23,146.5
1977-05-24,145.15
1977-05-25,144.75
1977-05-26,143.7
1977-05-27,144.4
1977-05-31,143.3
1977-06-01,143.85
1977-06-02,142.3
1977-06-03,141.8
1977-06-06,143.4
1977-06-07,143.3
1977-06-08,142.3
1977-06-09,140.6
1977-06-10,140.25
1977-06-13,138.4
1977-06-14,137.45
1977-06-15,139.25
1977-06-16,139.85
1977-06-17,138.75
1977-06-20,139.85
1977-06-21,141.3
1977-06-22,139.45
1977-06-23,140.5
1977-06-24,140.8
1977-06-27,142.5
1977-06-28,143.0
1977-06-29,142.35
1977-06-30,143.0
1977-07-01,142.55
1977-07-05,141.25
1977-07-06,140.55
1977-07-07,141.45
1977-07-08,142.05
1977-07-11,140.9
1977-07-12,141.8
1977-07-13,142.8
1977-07-15,144.6
1977-07-18,143.8
1977-07-19,145.75
1977-07-20,145.15
1977-07-21,144.0
1977-07-22,144.95
1977-07-25,146.65
1977-07-26,145.65
1977-07-27,146.1
1977-07-28,144.65
1977-07-29,144.35
1977-08-01,144.55
1977-08-02,146.15
1977-08-03,146.35
1977-08-04,147.1
1977-08-05,145.8
1977-08-08,146.15
1977-08-09,146.85
1977-08-10,146.2
1977-08-11,145.7
1977-08-12,145.25
1977-08-15,144.5
1977-08-16,143.65
1977-08-17,144.05
1977-08-18,143.55
1977-08-19,144.5
1977-08-22,144.45
1977-08-23,143.75
1977-08-24,144.6
1977-08-25,144.2
1977-08-26,145.35
1977-08-29,146.5
1977-08-30,146.5
1977-08-31,146.0
1977-09-01,145.75
1977-09-02,146.4
1977-09-06,147.55
1977-09-07,147.9
1977-09-08,147.85
1977-09-09,147.45
1977-09-12,148.65
1977-09-13,147.85
1977-09-14,148.15
1977-09-15,148.25
1977-09-16,148.3
1977-09-19,150.1
1977-09-20,150.25
1977-09-21,151.3
1977-09-22,151.6
1977-09-23,150.9
1977-09-26,153.35
1977-09-27,153.05
1977-09-28,153.85
1977-09-29,153.0
1977-09-30,154.2
1977-10-03,155.7
1977-10-04,155.2
1977-10-05,155.3
1977-10-06,154.25
1977-10-07,154.25
1977-10-10,154.3
1977-10-11,157.2
1977-10-12,158.1
1977-10-13,158.3
1977-10-14,157.8
1977-10-17,160.45
1977-10-18,160.55
1977-10-19,161.85
1977-10-20,160.35
1977-10-21,161.45
1977-10-24,163.6
1977-10-25,163.0
1977-10-26,163.15
1977-10-27,160.4
1977-10-28,161.2
1977-10-31,161.5
1977-11-01,162.75
1977-11-02,161.85
1977-11-03,164.5
1977-11-04,166.15
1977-11-07,166.75
1977-11-08,165.15
1977-11-09,167.75
1977-11-10,167.25
1977-11-11,168.1
1977-11-14,165.2
1977-11-15,163.0
1977-11-16,160.25
1977-11-17,158.9
1977-11-18,161.2
1977-11-21,158.05
1977-11-22,156.5
1977-11-23,159.3
1977-11-25,159.3
1977-11-28,161.95
1977-11-29,159.2
1977-11-30,160.0
1977-12-01,160.65
1977-12-02,159.1
1977-12-05,159.85
1977-12-06,160.2
1977-12-07,161.25
1977-12-08,158.88
1977-12-09,158.8
1977-12-12,157.75
1977-12-13,160.45
1977-12-14,159.2
1977-12-15,160.35
1977-12-16,160.35
1977-12-19,160.1
1977-12-20,159.85
1977-12-21,160.3
1977-12-22,159.4
1977-12-23,162.5
1977-12-27,163.9
1977-12-28,164.8
1977-12-29,166.25
1977-12-30,164.96
1978-01-03,169.2
1978-01-04,172.2
1978-01-05,165.95
1978-01-06,170.15
1978-01-09,170.25
1978-01-10,173.1
1978-01-11,172.15
1978-01-12,173.55
1978-01-13,172.8
1978-01-16,174.9
1978-01-17,173.3
1978-01-18,172.3
1978-01-19,173.45
1978-01-23,175.55
1978-01-24,176.8
1978-01-25,177.85
1978-01-26,176.15
1978-01-27,176.4
1978-01-30,175.2
1978-01-31,176.1
1978-02-01,176.4
1978-02-02,175.2
1978-02-03,175.6
1978-02-06,175.95
1978-02-07,175.55
1978-02-08,174.7
1978-02-09,172.85
1978-02-10,174.6
1978-02-13,177.35
1978-02-14,177.4
1978-02-15,178.95
1978-02-16,179.7
1978-02-17,179.45
1978-02-21,181.45
1978-02-22,181.5
1978-02-23,183.2
1978-02-24,180.75
1978-02-27,181.15
1978-02-28,182.25
1978-03-01,182.85
1978-03-02,184.25
1978-03-03,183.86
1978-03-06,184.75
1978-03-07,186.6
1978-03-08,190.35
1978-03-09,188.65
1978-03-10,186.25
1978-03-13,186.85
1978-03-14,188.05
1978-03-15,186.7
1978-03-16,184.25
1978-03-17,183.2
1978-03-20,181.0
1978-03-21,177.65
1978-03-22,179.35
1978-03-23,179.3
1978-03-27,182.5
1978-03-28,183.8
1978-03-29,181.5
1978-03-30,179.85
1978-03-31,181.6
1978-04-03,183.75
1978-04-04,180.85
1978-04-05,180.85
1978-04-06,181.35
1978-04-07,179.45
1978-04-10,178.7
1978-04-11,179.95
1978-04-12,180.35
1978-04-13,178.95
1978-04-14,178.5
1978-04-17,174.65
1978-04-18,173.85
1978-04-19,175.0
1978-04-20,168.9
1978-04-21,171.15
1978-04-24,168.85
1978-04-25,167.9
1978-04-26,169.25
1978-04-27,169.9
1978-04-28,170.85
1978-05-01,169.55
1978-05-02,169.25
1978-05-03,170.8
1978-05-04,173.55
1978-05-05,173.15
1978-05-08,172.55
1978-05-09,172.7
1978-05-10,174.3
1978-05-11,175.7
1978-05-12,174.7
1978-05-15,175.6
1978-05-16,175.8
1978-05-17,177.85
1978-05-18,178.25
1978-05-19,179.15
1978-05-22,179.55
1978-05-23,180.1
1978-05-24,179.75
1978-05-25,178.95
1978-05-26,179.8
1978-05-30,182.65
1978-05-31,184.15
1978-06-01,183.35
1978-06-02,184.75
1978-06-05,183.4
1978-06-06,181.4
1978-06-07,183.3
1978-06-08,182.95
1978-06-09,181.6
1978-06-12,180.65
1978-06-13,182.35
1978-06-14,183.95
1978-06-15,182.4
1978-06-16,184.85
1978-06-19,184.6
1978-06-20,186.5
1978-06-21,186.6
1978-06-22,185.55
1978-06-23,185.8
1978-06-26,185.5
1978-06-27,184.25
1978-06-28,185.35
1978-06-29,184.3
1978-06-30,183.05
1978-07-03,183.25
1978-07-05,184.45
1978-07-06,183.0
1978-07-07,183.95
1978-07-10,186.05
1978-07-11,185.5
1978-07-12,186.3
1978-07-13,186.7
1978-07-14,186.0
1978-07-17,185.05
1978-07-18,185.1
1978-07-19,185.95
1978-07-20,188.65
1978-07-21,192.0
1978-07-24,195.5
1978-07-25,193.55
1978-07-26,194.55
1978-07-27,194.3
1978-07-28,201.3
1978-07-31,200.5
1978-08-01,205.35
1978-08-02,203.5
1978-08-03,202.45
1978-08-04,201.8
1978-08-07,204.3
1978-08-08,207.2
1978-08-09,207.95
1978-08-10,206.75
1978-08-11,211.15
1978-08-14,213.75
1978-08-15,213.45
1978-08-16,216.0
1978-08-17,209.25
1978-08-18,212.0
1978-08-21,205.1
1978-08-22,207.65
1978-08-23,200.45
1978-08-24,203.25
1978-08-25,198.25
1978-08-28,199.6
1978-08-29,199.95
1978-08-30,205.05
1978-08-31,208.7
1978-09-01,208.25
1978-09-05,209.7
1978-09-06,212.0
1978-09-07,210.75
1978-09-08,206.15
1978-09-11,205.9
1978-09-12,208.25
1978-09-13,209.95
1978-09-14,209.5
1978-09-15,212.5
1978-09-18,210.25
1978-09-19,211.7
1978-09-20,213.85
1978-09-21,215.9
1978-09-22,214.6
1978-09-25,218.65
1978-09-26,218.25
1978-09-27,215.05
1978-09-28,218.15
1978-09-29,217.1
1978-10-02,217.35
1978-10-03,221.65
1978-10-04,223.75
1978-10-05,222.7
1978-10-06,223.35
1978-10-09,225.5
1978-10-10,225.55
1978-10-11,226.6
1978-10-12,225.8
1978-10-13,224.5
1978-10-16,223.65
1978-10-17,228.0
1978-10-18,229.25
1978-10-19,225.65
1978-10-20,227.95
1978-10-23,227.0
1978-10-24,226.05
1978-10-25,231.15
1978-10-26,233.95
1978-10-27,234.75
1978-10-30,242.75
1978-10-31,242.6
1978-11-01,227.75
1978-11-02,221.5
1978-11-03,215.2
1978-11-06,210.25
1978-11-07,216.6
1978-11-08,219.05
1978-11-09,213.95
1978-11-10,206.25
1978-11-13,208.1
1978-11-14,211.25
1978-11-15,204.4
1978-11-16,196.3
1978-11-17,197.95
1978-11-20,199.1
1978-11-21,200.2
1978-11-22,199.25
1978-11-24,211.0
1978-11-27,198.4
1978-11-28,196.4
1978-11-29,195.6
1978-11-30,193.4
1978-12-01,194.6
1978-12-04,199.5
1978-12-05,196.65
1978-12-06,196.5
1978-12-07,198.55
1978-12-08,201.0
1978-12-11,207.0
1978-12-12,202.15
1978-12-13,203.1
1978-12-14,204.25
1978-12-15,205.6
1978-12-18,213.15
1978-12-19,216.3
1978-12-20,216.6
1978-12-21,212.6
1978-12-22,215.0
1978-12-26,214.75
1978-12-27,220.5
1978-12-28,220.65
1978-12-29,226.0
1979-01-02,226.8
1979-01-03,218.85
1979-01-04,223.15
1979-01-05,225.5
1979-01-08,223.35
1979-01-09,224.25
1979-01-10,220.95
1979-01-11,220.65
1979-01-12,217.85
1979-01-15,217.1
1979-01-16,220.9
1979-01-17,227.5
1979-01-18,231.75
1979-01-19,230.55
1979-01-22,235.25
1979-01-23,230.0
1979-01-24,236.1
1979-01-25,233.85
1979-01-26,235.45
1979-01-29,235.2
1979-01-30,233.75
1979-01-31,233.7
1979-02-01,229.6
1979-02-02,230.3
1979-02-05,243.1
1979-02-06,244.5
1979-02-07,251.6
1979-02-08,250.5
1979-02-09,246.75
1979-02-12,244.5
1979-02-13,240.6
1979-02-14,240.9
1979-02-15,248.0
1979-02-16,247.3
1979-02-20,247.0
1979-02-21,251.0
1979-02-22,252.6
1979-02-23,251.0
1979-02-26,248.85
1979-02-27,248.15
1979-02-28,251.55
1979-03-01,249.05
1979-03-02,248.0
1979-03-05,238.4
1979-03-06,240.0
1979-03-07,242.5
1979-03-08,239.45
1979-03-09,241.0
1979-03-12,240.25
1979-03-13,239.35
1979-03-14,239.75
1979-03-15,240.1
1979-03-16,244.25
1979-03-19,242.25
1979-03-20,242.35
1979-03-21,239.9
1979-03-22,243.1
1979-03-23,242.5
1979-03-26,245.25
1979-03-27,244.6
1979-03-28,244.65
1979-03-29,241.5
1979-03-30,240.35
1979-04-02,239.95
1979-04-03,240.0
1979-04-04,240.0
1979-04-05,240.65
1979-04-06,240.0
1979-04-09,240.65
1979-04-10,240.0
1979-04-11,238.6
1979-04-12,234.2
1979-04-16,230.5
1979-04-17,231.9
1979-04-18,233.45
1979-04-19,240.9
1979-04-20,236.4
1979-04-23,237.1
1979-04-24,239.7
1979-04-25,241.8
1979-04-26,242.2
1979-04-27,243.7
1979-04-30,245.55
1979-05-01,247.3
1979-05-02,246.55
1979-05-03,246.5
1979-05-04,248.7
1979-05-07,251.5
1979-05-08,248.95
1979-05-09,248.2
1979-05-10,252.25
1979-05-11,251.5
1979-05-14,251.25
1979-05-15,255.75
1979-05-16,256.5
1979-05-17,257.05
1979-05-18,256.4
1979-05-21,262.25
1979-05-22,265.1
1979-05-23,264.15
1979-05-24,264.0
1979-05-25,270.6
1979-05-29,273.8
1979-05-30,270.25
1979-05-31,274.85
1979-06-01,275.35
1979-06-04,273.15
1979-06-05,275.0
1979-06-06,280.05
1979-06-07,276.05
1979-06-08,280.25
1979-06-11,282.6
1979-06-12,277.75
1979-06-13,276.6
1979-06-14,279.0
1979-06-15,280.0
1979-06-18,278.0
1979-06-19,280.55
1979-06-20,281.6
1979-06-21,282.3
1979-06-22,282.3
1979-06-25,283.45
1979-06-26,281.45
1979-06-27,281.8
1979-06-28,275.9
1979-06-29,277.5
1979-07-02,282.5
1979-07-03,281.35
1979-07-05,288.25
1979-07-06,290.25
1979-07-09,287.85
1979-07-10,290.5
1979-07-11,290.3
1979-07-12,290.75
1979-07-13,287.45
1979-07-16,293.05
1979-07-17,296.3
1979-07-18,302.4
1979-07-19,299.4
1979-07-20,298.75
1979-07-23,304.9
1979-07-24,305.25
1979-07-25,303.35
1979-07-26,305.2
1979-07-27,305.8
1979-07-30,301.65
1979-07-31,296.7
1979-08-01,290.3
1979-08-02,291.5
1979-08-03,286.75
1979-08-06,282.95
1979-08-07,285.1
1979-08-08,289.0
1979-08-09,297.35
1979-08-10,304.0
1979-08-13,299.0
1979-08-14,292.25
1979-08-15,302.1
1979-08-16,298.1
1979-08-17,300.8
1979-08-20,299.0
1979-08-21,300.75
1979-08-22,311.25
1979-08-23,310.05
1979-08-24,314.75
1979-08-27,314.6
1979-08-28,317.0
1979-08-29,315.45
1979-08-30,319.4
1979-08-31,315.35
1979-09-04,325.0
1979-09-05,329.25
1979-09-06,335.5
1979-09-07,329.15
1979-09-10,336.55
1979-09-11,339.75
1979-09-12,337.1
1979-09-13,333.2
1979-09-14,346.05
1979-09-17,351.75
1979-09-18,376.0
1979-09-19,369.25
1979-09-20,380.25
1979-09-21,369.25
1979-09-24,380.65
1979-09-25,376.95
1979-09-26,373.75
1979-09-27,395.5
1979-09-28,397.5
1979-10-01,415.0
1979-10-02,426.25
1979-10-03,402.25
1979-10-04,384.25
1979-10-05,385.25
1979-10-08,386.0
1979-10-09,386.05
1979-10-10,413.25
1979-10-11,401.5
1979-10-12,395.0
1979-10-15,403.2
1979-10-16,394.5
1979-10-17,386.25
1979-10-18,380.5
1979-10-19,393.0
1979-10-22,392.0
1979-10-23,385.0
1979-10-24,395.25
1979-10-25,392.05
1979-10-26,375.25
1979-10-29,374.25
1979-10-30,377.85
1979-10-31,382.25
1979-11-01,378.75
1979-11-02,373.05
1979-11-05,381.25
1979-11-06,384.3
1979-11-07,395.25
1979-11-08,389.75
1979-11-09,389.75
1979-11-12,393.5
1979-11-13,387.45
1979-11-14,390.0
1979-11-15,386.25
1979-11-16,390.6
1979-11-19,390.1
1979-11-20,388.0
1979-11-21,396.4
1979-11-23,396.2
1979-11-26,395.25
1979-11-27,394.0
1979-11-28,411.45
1979-11-29,411.95
1979-11-30,415.9
1979-12-03,429.0
1979-12-04,431.2
1979-12-05,426.65
1979-12-06,434.0
1979-12-07,430.65
1979-12-10,431.4
1979-12-11,445.5
1979-12-12,446.5
1979-12-13,459.06
1979-12-14,457.05
1979-12-17,469.5
1979-12-18,477.75
1979-12-19,488.75
1979-12-20,471.5
1979-12-21,473.1
1979-12-26,499.0
1979-12-27,515.5
1979-12-28,512.0
1979-12-31,512.0
1980-01-02,559.75
1980-01-03,634.25
1980-01-04,588.0
1980-01-07,634.0
1980-01-08,610.0
1980-01-09,607.2
1980-01-10,603.35
1980-01-11,623.0
1980-01-14,660.0
1980-01-15,684.0
1980-01-16,760.0
1980-01-17,750.0
1980-01-18,835.0
1980-01-21,850.0
1980-01-22,737.5
1980-01-23,695.0
1980-01-24,717.0
1980-01-25,668.0
1980-01-28,624.0
1980-01-29,674.25
1980-01-30,691.0
1980-01-31,653.0
1980-02-01,676.5
1980-02-04,669.75
1980-02-05,682.0
1980-02-06,709.0
1980-02-07,699.25
1980-02-08,692.0
1980-02-11,710.5
1980-02-12,694.5
1980-02-13,696.75
1980-02-14,682.0
1980-02-15,667.0
1980-02-19,652.25
1980-02-20,608.0
1980-02-21,665.0
1980-02-22,630.0
1980-02-25,616.5
1980-02-26,642.25
1980-02-27,636.0
1980-02-28,646.0
1980-02-29,637.0
1980-03-03,663.75
1980-03-04,631.25
1980-03-05,643.5
1980-03-06,626.0
1980-03-07,609.0
1980-03-10,585.0
1980-03-11,570.25
1980-03-12,585.7
1980-03-13,556.5
1980-03-14,523.0
1980-03-17,484.0
1980-03-18,481.5
1980-03-19,527.0
1980-03-20,561.0
1980-03-21,525.0
1980-03-24,558.25
1980-03-25,547.25
1980-03-26,508.0
1980-03-27,485.25
1980-03-28,490.0
1980-03-31,495.0
1980-04-01,509.5
1980-04-02,500.5
1980-04-03,485.75
1980-04-07,504.0
1980-04-08,528.0
1980-04-09,554.0
1980-04-10,526.0
1980-04-11,530.5
1980-04-14,529.75
1980-04-15,497.5
1980-04-16,520.0
1980-04-17,513.0
1980-04-18,515.6
1980-04-21,506.0
1980-04-22,502.4
1980-04-23,506.5
1980-04-24,515.7
1980-04-25,551.5
1980-04-28,524.25
1980-04-29,513.75
1980-04-30,518.0
1980-05-01,490.0
1980-05-02,512.5
1980-05-05,515.0
1980-05-06,512.5
1980-05-07,510.0
1980-05-08,515.75
1980-05-09,508.25
1980-05-12,513.25
1980-05-13,512.0
1980-05-14,525.0
1980-05-15,517.0
1980-05-16,516.5
1980-05-19,514.25
1980-05-20,507.75
1980-05-21,513.5
1980-05-22,501.25
1980-05-23,511.25
1980-05-27,514.8
1980-05-28,526.5
1980-05-29,519.6
1980-05-30,535.5
1980-06-02,561.5
1980-06-03,552.5
1980-06-04,571.5
1980-06-05,581.75
1980-06-06,617.9
1980-06-09,623.75
1980-06-10,604.0
1980-06-11,596.0
1980-06-12,590.0
1980-06-13,608.4
1980-06-16,590.0
1980-06-17,591.75
1980-06-18,602.5
1980-06-19,599.0
1980-06-20,602.5
1980-06-23,596.5
1980-06-24,603.0
1980-06-25,622.5
1980-06-26,624.5
1980-06-27,637.5
1980-06-30,653.5
1980-07-01,660.0
1980-07-02,661.5
1980-07-03,663.5
1980-07-07,667.5
1980-07-08,687.5
1980-07-09,671.0
1980-07-10,656.5
1980-07-11,666.7
1980-07-14,650.0
1980-07-15,619.5
1980-07-16,624.75
1980-07-17,627.25
1980-07-18,606.0
1980-07-21,617.5
1980-07-22,613.0
1980-07-23,631.25
1980-07-24,643.0
1980-07-25,651.75
1980-07-28,643.5
1980-07-29,646.75
1980-07-30,629.0
1980-07-31,614.25
1980-08-01,622.0
1980-08-04,630.75
1980-08-05,630.5
1980-08-06,627.75
1980-08-07,629.5
1980-08-08,630.0
1980-08-11,617.0
1980-08-12,605.0
1980-08-13,615.25
1980-08-14,626.0
1980-08-15,624.5
1980-08-18,612.5
1980-08-19,624.0
1980-08-20,634.75
1980-08-21,645.25
1980-08-22,639.2
1980-08-25,634.75
1980-08-26,628.85
1980-08-27,633.85
1980-08-28,635.3
1980-08-29,631.25
1980-09-02,640.0
1980-09-03,636.75
1980-09-04,647.25
1980-09-05,651.0
1980-09-08,672.0
1980-09-09,670.5
1980-09-10,686.5
1980-09-11,674.0
1980-09-12,685.5
1980-09-15,666.5
1980-09-16,668.0
1980-09-17,673.0
1980-09-18,672.25
1980-09-19,674.0
1980-09-22,710.0
1980-09-23,711.0
1980-09-24,710.5
1980-09-25,697.75
1980-09-26,698.25
1980-09-29,679.25
1980-09-30,666.75
1980-10-01,682.0
1980-10-02,665.75
1980-10-03,660.5
1980-10-06,675.8
1980-10-07,678.15
1980-10-08,677.0
1980-10-09,690.0
1980-10-10,685.25
1980-10-13,676.8
1980-10-14,668.5
1980-10-15,678.3
1980-10-16,674.0
1980-10-17,670.5
1980-10-20,657.0
1980-10-21,652.5
1980-10-22,660.0
1980-10-23,634.5
1980-10-24,633.0
1980-10-27,637.25
1980-10-28,631.75
1980-10-29,644.0
1980-10-30,642.8
1980-10-31,629.0
1980-11-03,640.5
1980-11-05,652.0
1980-11-06,632.0
1980-11-07,596.0
1980-11-10,612.8
1980-11-11,598.5
1980-11-12,619.5
1980-11-13,622.0
1980-11-14,612.5
1980-11-17,611.75
1980-11-18,619.0
1980-11-19,629.75
1980-11-20,630.5
1980-11-21,634.75
1980-11-24,631.0
1980-11-25,616.35
1980-11-26,623.0
1980-11-28,626.0
1980-12-01,635.3
1980-12-02,627.0
1980-12-03,627.5
1980-12-04,631.5
1980-12-05,617.0
1980-12-08,617.25
1980-12-09,604.0
1980-12-10,579.0
1980-12-11,558.0
1980-12-12,562.75
1980-12-15,579.3
1980-12-16,561.0
1980-12-17,575.75
1980-12-18,573.5
1980-12-19,575.0
1980-12-22,594.75
1980-12-23,602.5
1980-12-24,601.0
1980-12-29,593.75
1980-12-30,589.25
1980-12-31,586.0
1981-01-02,586.0
1981-01-05,597.5
1981-01-06,599.25
1981-01-07,585.0
1981-01-08,574.75
1981-01-09,577.75
1981-01-12,562.0
1981-01-13,562.75
1981-01-14,556.5
1981-01-15,571.5
1981-01-16,560.75
1981-01-19,566.75
1981-01-20,562.0
1981-01-21,578.0
1981-01-22,564.0
1981-01-23,553.0
1981-01-26,528.5
1981-01-27,524.0
1981-01-28,523.5
1981-01-29,493.75
1981-01-30,506.5
1981-02-02,493.5
1981-02-03,486.25
1981-02-04,505.0
1981-02-05,498.5
1981-02-06,500.5
1981-02-09,512.5
1981-02-10,519.5
1981-02-11,501.0
1981-02-12,490.25
1981-02-13,491.5
1981-02-17,500.75
1981-02-18,505.0
1981-02-19,503.25
1981-02-20,511.5
1981-02-23,501.5
1981-02-24,503.0
1981-02-25,500.5
1981-02-26,492.0
1981-02-27,489.0
1981-03-02,465.5
1981-03-03,471.0
1981-03-04,465.5
1981-03-05,461.5
1981-03-06,467.0
1981-03-09,475.25
1981-03-10,487.25
1981-03-11,476.25
1981-03-12,478.0
1981-03-13,492.0
1981-03-16,499.75
1981-03-17,493.25
1981-03-18,506.0
1981-03-19,510.0
1981-03-20,516.75
1981-03-23,526.0
1981-03-24,536.25
1981-03-25,528.0
1981-03-26,539.5
1981-03-27,538.75
1981-03-30,526.5
1981-03-31,513.75
1981-04-01,514.25
1981-04-02,519.5
1981-04-03,523.0
1981-04-06,533.75
1981-04-07,514.25
1981-04-08,508.5
1981-04-09,503.0
1981-04-10,493.5
1981-04-13,473.75
1981-04-14,483.0
1981-04-15,476.25
1981-04-16,482.5
1981-04-20,477.0
1981-04-21,481.0
1981-04-22,501.0
1981-04-23,488.5
1981-04-24,494.5
1981-04-27,483.0
1981-04-28,482.75
1981-04-29,477.25
1981-04-30,482.75
1981-05-01,487.5
1981-05-04,481.5
1981-05-05,476.25
1981-05-06,482.0
1981-05-07,477.75
1981-05-08,485.75
1981-05-11,493.0
1981-05-12,484.0
1981-05-13,484.25
1981-05-14,476.5
1981-05-15,485.0
1981-05-18,481.75
1981-05-19,481.5
1981-05-20,479.75
1981-05-21,475.0
1981-05-22,472.75
1981-05-26,466.5
1981-05-27,466.75
1981-05-28,479.0
1981-05-29,479.25
1981-06-01,483.25
1981-06-02,474.0
1981-06-03,475.5
1981-06-04,462.5
1981-06-05,460.0
1981-06-08,473.5
1981-06-09,460.5
1981-06-10,465.25
1981-06-11,464.25
1981-06-12,472.0
1981-06-15,471.75
1981-06-16,461.5
1981-06-17,461.75
1981-06-18,459.0
1981-06-19,458.25
1981-06-22,462.0
1981-06-23,466.5
1981-06-24,462.0
1981-06-25,446.5
1981-06-26,442.0
1981-06-29,428.75
1981-06-30,426.0
1981-07-01,422.0
1981-07-02,414.5
1981-07-06,403.75
1981-07-07,405.0
1981-07-08,397.75
1981-07-09,406.25
1981-07-10,416.5
1981-07-13,413.0
1981-07-14,402.25
1981-07-15,412.25
1981-07-16,418.25
1981-07-17,415.0
1981-07-20,412.5
1981-07-21,406.0
1981-07-22,411.5
1981-07-23,407.75
1981-07-24,407.5
1981-07-27,408.75
1981-07-28,401.5
1981-07-29,404.2
1981-07-30,402.25
1981-07-31,406.0
1981-08-03,392.5
1981-08-04,391.25
1981-08-05,392.4
1981-08-06,393.25
1981-08-07,397.25
1981-08-10,393.75
1981-08-11,401.0
1981-08-12,417.5
1981-08-13,407.25
1981-08-14,413.0
1981-08-17,441.5
1981-08-18,420.0
1981-08-19,431.5
1981-08-20,429.0
1981-08-21,429.5
1981-08-24,422.0
1981-08-25,409.75
1981-08-26,414.0
1981-08-27,411.75
1981-08-28,425.0
1981-08-31,427.0
1981-09-01,421.5
1981-09-02,430.0
1981-09-03,436.5
1981-09-04,439.5
1981-09-08,439.0
1981-09-09,436.75
1981-09-10,451.5
1981-09-11,448.25
1981-09-14,451.25
1981-09-15,456.0
1981-09-16,449.0
1981-09-17,459.0
1981-09-18,447.0
1981-09-21,463.5
1981-09-22,462.0
1981-09-23,456.5
1981-09-24,446.25
1981-09-25,450.5
1981-09-28,421.5
1981-09-29,431.75
1981-09-30,428.75
1981-10-01,436.75
1981-10-02,435.0
1981-10-05,441.25
1981-10-06,443.0
1981-10-07,445.5
1981-10-08,443.25
1981-10-09,453.5
1981-10-12,449.5
1981-10-13,443.25
1981-10-14,444.25
1981-10-15,446.65
1981-10-16,443.75
1981-10-19,436.7
1981-10-20,437.3
1981-10-21,429.0
1981-10-22,433.75
1981-10-23,432.5
1981-10-26,426.0
1981-10-27,427.4
1981-10-28,430.8
1981-10-29,424.5
1981-10-30,427.0
1981-11-02,430.0
1981-11-03,428.25
1981-11-04,431.25
1981-11-05,428.5
1981-11-06,428.25
1981-11-09,429.75
1981-11-10,418.5
1981-11-11,412.0
1981-11-12,411.5
1981-11-13,412.5
1981-11-16,404.25
1981-11-17,398.75
1981-11-18,403.75
1981-11-19,401.0
1981-11-20,401.5
1981-11-23,396.75
1981-11-24,399.25
1981-11-25,409.5
1981-11-27,409.5
1981-11-30,414.5
1981-12-01,402.4
1981-12-02,406.75
1981-12-03,416.5
1981-12-04,426.0
1981-12-07,416.75
1981-12-08,415.25
1981-12-09,410.25
1981-12-10,405.5
1981-12-11,409.75
1981-12-14,417.5
1981-12-15,413.25
1981-12-16,416.75
1981-12-17,416.25
1981-12-18,415.75
1981-12-21,410.5
1981-12-22,399.6
1981-12-23,400.4
1981-12-24,398.9
1981-12-28,396.0
1981-12-29,395.0
1981-12-30,397.5
1981-12-31,401.0
1982-01-04,395.0
1982-01-05,403.5
1982-01-06,401.5
1982-01-07,396.5
1982-01-08,400.25
1982-01-11,388.25
1982-01-12,389.0
1982-01-13,380.0
1982-01-14,374.75
1982-01-15,379.25
1982-01-18,373.75
1982-01-19,375.25
1982-01-20,371.5
1982-01-21,376.0
1982-01-22,377.25
1982-01-25,372.0
1982-01-26,376.5
1982-01-27,381.75
1982-01-28,383.5
1982-01-29,387.0
1982-02-01,379.5
1982-02-02,379.15
1982-02-03,378.0
1982-02-04,383.75
1982-02-05,384.25
1982-02-08,379.75
1982-02-09,378.5
1982-02-10,382.15
1982-02-11,380.0
1982-02-12,377.5
1982-02-16,375.25
1982-02-17,374.0
1982-02-18,369.25
1982-02-19,369.25
1982-02-22,364.25
1982-02-23,361.0
1982-02-24,362.75
1982-02-25,366.45
1982-02-26,362.6
1982-03-01,361.25
1982-03-02,361.25
1982-03-03,353.75
1982-03-04,346.5
1982-03-05,342.4
1982-03-08,330.5
1982-03-09,329.25
1982-03-10,333.0
1982-03-11,331.75
1982-03-12,323.25
1982-03-15,312.0
1982-03-16,324.5
1982-03-17,316.0
1982-03-18,320.0
1982-03-19,315.75
1982-03-22,320.8
1982-03-23,329.25
1982-03-24,331.75
1982-03-25,327.75
1982-03-26,322.25
1982-03-29,318.5
1982-03-30,324.25
1982-03-31,320.22
1982-04-01,327.0
1982-04-02,327.75
1982-04-05,337.5
1982-04-06,345.5
1982-04-07,354.0
1982-04-08,351.5
1982-04-12,353.5
1982-04-13,353.5
1982-04-14,366.75
1982-04-15,363.25
1982-04-16,362.75
1982-04-19,357.0
1982-04-20,343.0
1982-04-21,346.75
1982-04-22,345.0
1982-04-23,352.25
1982-04-26,357.0
1982-04-27,351.75
1982-04-28,354.5
1982-04-29,348.75
1982-04-30,361.25
1982-05-03,345.5
1982-05-04,341.75
1982-05-05,338.4
1982-05-06,334.5
1982-05-07,334.75
1982-05-10,329.0
1982-05-11,332.25
1982-05-12,331.5
1982-05-13,331.0
1982-05-14,333.25
1982-05-17,338.5
1982-05-18,338.0
1982-05-19,342.0
1982-05-20,342.5
1982-05-21,338.5
1982-05-24,329.0
1982-05-25,327.9
1982-05-26,330.25
1982-05-27,324.25
1982-05-28,325.25
1982-06-01,318.75
1982-06-02,318.5
1982-06-03,320.35
1982-06-04,318.75
1982-06-07,325.25
1982-06-08,328.75
1982-06-09,326.0
1982-06-10,326.75
1982-06-11,325.25
1982-06-14,320.75
1982-06-15,315.0
1982-06-16,317.0
1982-06-17,309.0
1982-06-18,308.75
1982-06-21,296.75
1982-06-22,304.0
1982-06-23,304.0
1982-06-24,310.25
1982-06-25,305.5
1982-06-28,303.75
1982-06-29,309.0
1982-06-30,317.5
1982-07-01,310.25
1982-07-02,312.75
1982-07-06,311.0
1982-07-07,306.75
1982-07-08,313.5
1982-07-09,313.5
1982-07-12,343.0
1982-07-13,352.5
1982-07-14,352.75
1982-07-15,350.25
1982-07-16,347.0
1982-07-19,347.5
1982-07-20,347.75
1982-07-21,366.5
1982-07-22,353.0
1982-07-23,363.25
1982-07-26,352.25
1982-07-27,351.25
1982-07-28,347.0
1982-07-29,342.5
1982-07-30,342.9
1982-08-02,351.35
1982-08-03,349.25
1982-08-04,346.25
1982-08-05,346.5
1982-08-06,344.75
1982-08-09,336.0
1982-08-10,338.25
1982-08-11,333.5
1982-08-12,334.75
1982-08-13,338.0
1982-08-16,341.75
1982-08-17,337.75
1982-08-18,357.75
1982-08-19,356.65
1982-08-20,386.5
1982-08-23,394.5
1982-08-24,407.75
1982-08-25,401.0
1982-08-26,417.0
1982-08-27,418.0
1982-08-30,402.2
1982-08-31,411.5
1982-09-01,405.25
1982-09-02,409.75
1982-09-03,455.0
1982-09-07,481.0
1982-09-08,458.0
1982-09-09,466.0
1982-09-10,453.0
1982-09-13,439.0
1982-09-14,454.25
1982-09-15,443.25
1982-09-16,448.5
1982-09-17,441.5
1982-09-20,424.25
1982-09-21,426.5
1982-09-22,443.75
1982-09-23,435.85
1982-09-24,431.0
1982-09-27,413.75
1982-09-28,410.5
1982-09-29,409.75
1982-09-30,397.0
1982-10-01,402.0
1982-10-04,387.5
1982-10-05,390.25
1982-10-06,404.0
1982-10-07,418.5
1982-10-08,433.0
1982-10-11,430.0
1982-10-12,441.25
1982-10-13,428.75
1982-10-14,448.0
1982-10-15,432.5
1982-10-18,428.25
1982-10-19,441.5
1982-10-20,422.0
1982-10-21,432.5
1982-10-22,428.0
1982-10-25,418.6
1982-10-26,419.25
1982-10-27,417.75
1982-10-28,418.25
1982-10-29,423.25
1982-11-01,427.25
1982-11-02,431.0
1982-11-03,427.5
1982-11-04,424.75
1982-11-05,417.5
1982-11-08,407.25
1982-11-09,409.25
1982-11-10,411.0
1982-11-11,401.25
1982-11-12,398.0
1982-11-15,403.25
1982-11-16,407.5
1982-11-17,412.5
1982-11-18,408.5
1982-11-19,417.6
1982-11-22,410.5
1982-11-23,406.0
1982-11-24,409.25
1982-11-26,406.0
1982-11-29,434.0
1982-11-30,436.0
1982-12-01,440.25
1982-12-02,446.25
1982-12-03,441.25
1982-12-06,445.25
1982-12-07,454.5
1982-12-08,445.0
1982-12-09,437.5
1982-12-10,435.75
1982-12-13,438.75
1982-12-14,449.4
1982-12-15,437.5
1982-12-16,440.25
1982-12-17,437.0
1982-12-20,440.25
1982-12-21,442.25
1982-12-22,447.25
1982-12-23,445.75
1982-12-27,457.0
1982-12-28,455.5
1982-12-29,460.5
1982-12-30,456.9
1983-01-03,452.0
1983-01-04,449.5
1983-01-05,454.0
1983-01-06,454.5
1983-01-07,465.0
1983-01-10,474.0
1983-01-11,484.5
1983-01-12,480.5
1983-01-13,488.25
1983-01-14,483.25
1983-01-17,498.5
1983-01-18,485.0
1983-01-19,495.5
1983-01-20,487.5
1983-01-21,485.0
1983-01-24,476.0
1983-01-25,488.75
1983-01-26,486.5
1983-01-27,496.5
1983-01-28,493.75
1983-01-31,499.5
1983-02-01,508.5
1983-02-02,498.25
1983-02-03,503.5
1983-02-04,498.5
1983-02-07,490.25
1983-02-08,497.25
1983-02-09,490.5
1983-02-10,496.0
1983-02-11,504.5
1983-02-14,500.5
1983-02-15,509.25
1983-02-16,508.5
1983-02-17,504.75
1983-02-18,503.5
1983-02-22,485.5
1983-02-23,470.25
1983-02-24,475.0
1983-02-25,464.75
1983-02-28,408.5
1983-03-01,414.0
1983-03-02,430.0
1983-03-03,429.5
1983-03-04,412.5
1983-03-07,420.75
1983-03-08,417.5
1983-03-09,426.0
1983-03-10,434.75
1983-03-11,420.5
1983-03-14,428.5
1983-03-15,434.5
1983-03-16,419.0
1983-03-17,416.5
1983-03-18,421.75
1983-03-21,414.5
1983-03-22,421.25
1983-03-23,410.0
1983-03-24,415.0
1983-03-25,411.75
1983-03-28,408.75
1983-03-29,412.75
1983-03-30,418.0
1983-03-31,414.75
1983-04-04,417.0
1983-04-05,426.75
1983-04-06,428.5
1983-04-07,425.75
1983-04-08,421.25
1983-04-11,426.75
1983-04-12,432.75
1983-04-13,429.25
1983-04-14,435.5
1983-04-15,436.5
1983-04-18,443.0
1983-04-19,439.5
1983-04-20,433.75
1983-04-21,439.5
1983-04-22,437.0
1983-04-25,441.5
1983-04-26,435.5
1983-04-27,434.25
1983-04-28,428.5
1983-04-29,429.25
1983-05-02,428.5
1983-05-03,433.5
1983-05-04,432.75
1983-05-05,433.75
1983-05-06,431.25
1983-05-09,434.0
1983-05-10,443.75
1983-05-11,443.0
1983-05-12,439.75
1983-05-13,441.25
1983-05-16,436.25
1983-05-17,440.75
1983-05-18,442.75
1983-05-19,442.6
1983-05-20,438.75
1983-05-23,432.75
1983-05-24,436.8
1983-05-25,441.75
1983-05-26,440.0
1983-05-27,437.25
1983-05-31,437.5
1983-06-01,410.0
1983-06-02,412.5
1983-06-03,411.5
1983-06-06,407.75
1983-06-07,400.25
1983-06-08,403.0
1983-06-09,407.75
1983-06-10,411.25
1983-06-13,413.0
1983-06-14,407.9
1983-06-15,408.25
1983-06-16,412.5
1983-06-17,415.2
1983-06-20,415.75
1983-06-21,414.75
1983-06-22,420.5
1983-06-23,420.5
1983-06-24,423.5
1983-06-27,419.5
1983-06-28,416.0
1983-06-29,414.85
1983-06-30,416.0
1983-07-01,416.25
1983-07-05,410.75
1983-07-06,411.65
1983-07-07,412.25
1983-07-08,426.0
1983-07-11,430.5
1983-07-12,429.0
1983-07-13,427.25
1983-07-14,426.25
1983-07-15,422.25
1983-07-18,422.4
1983-07-19,423.75
1983-07-20,428.25
1983-07-21,429.75
1983-07-22,423.5
1983-07-25,422.0
1983-07-26,425.5
1983-07-27,426.25
1983-07-28,425.5
1983-07-29,422.0
1983-08-01,411.25
1983-08-02,414.25
1983-08-03,411.0
1983-08-04,414.0
1983-08-05,409.75
1983-08-08,408.5
1983-08-09,413.0
1983-08-10,408.25
1983-08-11,411.75
1983-08-12,412.45
1983-08-15,416.0
1983-08-16,420.5
1983-08-17,422.5
1983-08-18,421.5
1983-08-19,417.75
1983-08-22,421.75
1983-08-23,426.4
1983-08-24,424.0
1983-08-25,423.25
1983-08-26,417.0
1983-08-29,416.5
1983-08-30,418.1
1983-08-31,414.25
1983-09-01,416.6
1983-09-02,417.5
1983-09-06,418.25
1983-09-07,418.25
1983-09-08,414.0
1983-09-09,414.75
1983-09-12,415.75
1983-09-13,406.75
1983-09-14,401.75
1983-09-15,405.25
1983-09-16,405.5
1983-09-19,412.25
1983-09-20,412.35
1983-09-21,411.25
1983-09-22,407.55
1983-09-23,413.0
1983-09-26,415.0
1983-09-27,412.25
1983-09-28,413.6
1983-09-29,408.75
1983-09-30,405.0
1983-10-03,389.0
1983-10-04,393.5
1983-10-05,389.5
1983-10-06,394.0
1983-10-07,397.4
1983-10-10,397.4
1983-10-11,399.0
1983-10-12,394.75
1983-10-13,398.65
1983-10-14,398.75
1983-10-17,395.0
1983-10-18,397.25
1983-10-19,394.0
1983-10-20,389.75
1983-10-21,394.25
1983-10-24,394.5
1983-10-25,398.0
1983-10-26,392.6
1983-10-27,384.5
1983-10-28,387.75
1983-10-31,382.0
1983-11-01,377.75
1983-11-02,383.0
1983-11-03,377.75
1983-11-04,381.0
1983-11-07,379.0
1983-11-08,382.25
1983-11-09,383.0
1983-11-10,381.8
1983-11-11,382.0
1983-11-14,382.6
1983-11-15,383.25
1983-11-16,383.25
1983-11-17,375.75
1983-11-18,375.25
1983-11-21,374.25
1983-11-22,376.5
1983-11-23,375.75
1983-11-25,375.7
1983-11-28,394.25
1983-11-29,391.5
1983-11-30,405.0
1983-12-01,399.25
1983-12-02,400.75
1983-12-05,397.25
1983-12-06,397.0
1983-12-07,399.75
1983-12-08,401.0
1983-12-09,388.75
1983-12-12,391.25
1983-12-13,389.2
1983-12-14,389.0
1983-12-15,388.75
1983-12-16,377.25
1983-12-19,375.0
1983-12-20,378.1
1983-12-21,378.6
1983-12-22,378.9
1983-12-23,380.5
1983-12-27,377.75
1983-12-28,378.0
1983-12-29,382.4
1983-12-30,381.5
1984-01-03,383.0
1984-01-04,374.0
1984-01-05,375.25
1984-01-06,375.25
1984-01-09,365.25
1984-01-10,371.25
1984-01-11,367.75
1984-01-12,368.5
1984-01-13,373.25
1984-01-16,369.1
1984-01-17,367.75
1984-01-18,368.75
1984-01-19,374.75
1984-01-20,371.25
1984-01-23,371.35
1984-01-24,365.1
1984-01-25,366.5
1984-01-26,367.0
1984-01-27,370.0
1984-01-30,369.85
1984-01-31,373.75
1984-02-01,378.15
1984-02-02,383.25
1984-02-03,383.1
1984-02-06,380.8
1984-02-07,379.75
1984-02-08,386.25
1984-02-09,383.0
1984-02-10,377.65
1984-02-13,376.85
1984-02-14,376.0
1984-02-15,383.0
1984-02-16,383.9
1984-02-17,382.15
1984-02-21,389.0
1984-02-22,395.25
1984-02-23,398.25
1984-02-24,395.75
1984-02-27,393.5
1984-02-28,399.25
1984-02-29,394.25
1984-03-01,392.75
1984-03-02,399.0
1984-03-05,405.85
1984-03-06,402.5
1984-03-07,398.75
1984-03-08,397.25
1984-03-09,399.9
1984-03-12,395.75
1984-03-13,397.25
1984-03-14,399.75
1984-03-15,394.5
1984-03-16,392.75
1984-03-19,393.6
1984-03-20,393.85
1984-03-21,392.35
1984-03-22,389.35
1984-03-23,387.9
1984-03-26,387.4
1984-03-27,388.85
1984-03-28,385.75
1984-03-29,390.25
1984-03-30,388.5
1984-04-02,387.2
1984-04-03,380.4
1984-04-04,381.25
1984-04-05,381.2
1984-04-06,380.25
1984-04-09,382.4
1984-04-10,381.35
1984-04-11,384.5
1984-04-12,381.9
1984-04-13,379.25
1984-04-16,380.1
1984-04-17,380.2
1984-04-18,380.53
1984-04-19,384.9
1984-04-23,381.2
1984-04-24,383.25
1984-04-25,382.3
1984-04-26,379.9
1984-04-27,379.25
1984-04-30,375.8
1984-05-01,376.5
1984-05-02,377.35
1984-05-03,378.5
1984-05-04,376.7
1984-05-07,374.5
1984-05-08,371.5
1984-05-09,372.6
1984-05-10,371.75
1984-05-11,372.5
1984-05-14,372.55
1984-05-15,373.25
1984-05-16,375.25
1984-05-17,376.5
1984-05-18,375.6
1984-05-21,380.75
1984-05-22,379.5
1984-05-23,378.55
1984-05-24,375.65
1984-05-25,384.2
1984-05-29,385.6
1984-05-30,386.4
1984-05-31,384.25
1984-06-01,393.75
1984-06-04,391.0
1984-06-05,393.75
1984-06-06,391.65
1984-06-07,392.2
1984-06-08,386.0
1984-06-11,382.5
1984-06-12,375.0
1984-06-13,374.0
1984-06-14,375.6
1984-06-15,368.0
1984-06-18,367.9
1984-06-19,370.6
1984-06-20,370.0
1984-06-21,370.75
1984-06-22,374.25
1984-06-25,369.25
1984-06-26,369.5
1984-06-27,369.32
1984-06-28,372.9
1984-06-29,373.05
1984-07-02,370.0
1984-07-03,368.35
1984-07-05,364.8
1984-07-06,353.25
1984-07-09,338.5
1984-07-10,344.25
1984-07-11,339.25
1984-07-12,341.15
1984-07-13,345.0
1984-07-16,350.1
1984-07-17,347.15
1984-07-18,345.75
1984-07-19,350.2
1984-07-20,342.0
1984-07-23,335.0
1984-07-24,338.5
1984-07-25,341.75
1984-07-26,344.2
1984-07-27,335.25
1984-07-30,338.5
1984-07-31,342.35
1984-08-01,339.0
1984-08-02,344.0
1984-08-03,349.25
1984-08-06,349.25
1984-08-07,342.0
1984-08-08,344.5
1984-08-09,344.25
1984-08-10,346.75
1984-08-13,343.5
1984-08-14,354.0
1984-08-15,350.9
1984-08-16,352.25
1984-08-17,352.0
1984-08-20,349.3
1984-08-21,346.0
1984-08-22,345.0
1984-08-23,351.25
1984-08-24,350.0
1984-08-27,348.0
1984-08-28,349.75
1984-08-29,350.5
1984-08-30,347.25
1984-08-31,348.25
1984-09-04,341.2
1984-09-05,338.25
1984-09-06,340.5
1984-09-07,339.75
1984-09-10,338.45
1984-09-11,340.3
1984-09-12,338.5
1984-09-13,336.85
1984-09-14,341.45
1984-09-17,335.25
1984-09-18,336.75
1984-09-19,340.0
1984-09-20,338.75
1984-09-21,343.5
1984-09-24,347.75
1984-09-25,345.0
1984-09-26,346.1
1984-09-27,345.25
1984-09-28,343.75
1984-10-01,345.4
1984-10-02,345.25
1984-10-03,348.5
1984-10-04,346.25
1984-10-05,343.8
1984-10-08,343.8
1984-10-09,341.0
1984-10-10,337.75
1984-10-11,338.1
1984-10-12,338.9
1984-10-15,338.65
1984-10-16,339.5
1984-10-17,340.55
1984-10-18,339.5
1984-10-19,339.5
1984-10-22,338.4
1984-10-23,340.0
1984-10-24,340.0
1984-10-25,338.5
1984-10-26,337.6
1984-10-29,336.25
1984-10-30,335.5
1984-10-31,333.5
1984-11-01,333.8
1984-11-02,343.1
1984-11-05,342.45
1984-11-06,342.4
1984-11-07,347.6
1984-11-08,347.1
1984-11-09,346.8
1984-11-12,345.75
1984-11-13,350.45
1984-11-14,345.8
1984-11-15,343.75
1984-11-16,345.0
1984-11-19,343.4
1984-11-20,342.65
1984-11-21,340.3
1984-11-23,340.3
1984-11-26,336.9
1984-11-27,332.9
1984-11-28,329.0
1984-11-29,330.6
1984-11-30,329.0
1984-12-03,329.4
1984-12-04,332.0
1984-12-05,329.9
1984-12-06,330.75
1984-12-07,327.0
1984-12-10,326.25
1984-12-11,326.75
1984-12-12,324.5
1984-12-13,324.25
1984-12-14,322.5
1984-12-17,315.0
1984-12-18,309.0
1984-12-19,309.3
1984-12-20,307.5
1984-12-21,311.0
1984-12-26,312.6
1984-12-27,309.2
1984-12-28,308.3
1984-12-31,308.3
1985-01-02,305.5
1985-01-03,302.3
1985-01-04,303.15
1985-01-07,298.25
1985-01-08,302.0
1985-01-09,300.5
1985-01-10,303.8
1985-01-11,304.25
1985-01-14,299.0
1985-01-15,301.8
1985-01-16,302.7
1985-01-17,305.5
1985-01-18,308.0
1985-01-21,307.25
1985-01-22,306.9
1985-01-23,300.25
1985-01-24,300.85
1985-01-25,298.85
1985-01-28,297.75
1985-01-29,303.25
1985-01-30,302.9
1985-01-31,306.65
1985-02-01,303.6
1985-02-04,301.25
1985-02-05,302.05
1985-02-06,302.85
1985-02-07,301.65
1985-02-08,299.8
1985-02-11,300.15
1985-02-12,302.5
1985-02-13,303.2
1985-02-14,304.15
1985-02-15,304.0
1985-02-19,302.6
1985-02-20,302.9
1985-02-21,299.85
1985-02-22,298.4
1985-02-25,284.25
1985-02-26,285.75
1985-02-27,290.8
1985-02-28,287.75
1985-03-01,287.25
1985-03-04,288.65
1985-03-05,287.9
1985-03-06,287.4
1985-03-07,289.6
1985-03-08,291.0
1985-03-11,291.0
1985-03-12,288.45
1985-03-13,290.25
1985-03-14,290.75
1985-03-15,292.7
1985-03-18,298.85
1985-03-19,316.75
1985-03-20,324.0
1985-03-21,318.5
1985-03-22,315.5
1985-03-25,314.6
1985-03-26,323.75
1985-03-27,330.4
1985-03-28,326.25
1985-03-29,329.25
1985-04-01,321.1
1985-04-02,318.75
1985-04-03,321.25
1985-04-04,316.75
1985-04-08,317.5
1985-04-09,323.1
1985-04-10,327.25
1985-04-11,332.25
1985-04-12,329.9
1985-04-15,334.25
1985-04-16,330.5
1985-04-17,327.35
1985-04-18,329.75
1985-04-19,327.0
1985-04-22,327.75
1985-04-23,326.65
1985-04-24,322.0
1985-04-25,322.5
1985-04-26,323.5
1985-04-29,322.5
1985-04-30,321.35
1985-05-01,312.5
1985-05-02,313.25
1985-05-03,312.75
1985-05-06,309.9
1985-05-07,313.5
1985-05-08,312.85
1985-05-09,315.1
1985-05-10,314.5
1985-05-13,321.0
1985-05-14,326.5
1985-05-15,322.75
1985-05-16,320.1
1985-05-17,322.5
1985-05-20,323.3
1985-05-21,314.9
1985-05-22,316.25
1985-05-23,315.4
1985-05-24,314.7
1985-05-28,311.25
1985-05-29,312.0
1985-05-30,314.6
1985-05-31,314.0
1985-06-03,318.1
1985-06-04,315.65
1985-06-05,314.2
1985-06-06,314.8
1985-06-07,314.3
1985-06-10,312.0
1985-06-11,315.0
1985-06-12,314.5
1985-06-13,313.75
1985-06-14,318.25
1985-06-17,318.9
1985-06-18,323.75
1985-06-19,325.4
1985-06-20,318.1
1985-06-21,313.45
1985-06-24,316.65
1985-06-25,315.5
1985-06-26,316.75
1985-06-27,315.0
1985-06-28,317.75
1985-07-01,313.9
1985-07-02,308.25
1985-07-03,310.35
1985-07-08,309.25
1985-07-09,314.85
1985-07-10,314.85
1985-07-11,313.55
1985-07-12,315.65
1985-07-15,315.85
1985-07-16,321.75
1985-07-17,325.6
1985-07-18,320.0
1985-07-19,318.9
1985-07-22,317.25
1985-07-23,322.5
1985-07-24,317.75
1985-07-25,317.4
1985-07-26,316.95
1985-07-29,326.5
1985-07-30,325.25
1985-07-31,327.5
1985-08-01,322.1
1985-08-02,320.5
1985-08-05,323.75
1985-08-06,320.05
1985-08-07,321.15
1985-08-08,322.75
1985-08-09,321.65
1985-08-12,326.9
1985-08-13,326.75
1985-08-14,326.0
1985-08-15,331.35
1985-08-16,335.35
1985-08-19,341.15
1985-08-20,334.4
1985-08-21,335.9
1985-08-22,335.5
1985-08-23,334.85
1985-08-26,337.65
1985-08-27,336.0
1985-08-28,340.9
1985-08-29,337.25
1985-08-30,333.25
1985-09-03,328.2
1985-09-04,326.0
1985-09-05,326.0
1985-09-06,317.65
1985-09-09,319.6
1985-09-10,321.65
1985-09-11,321.0
1985-09-12,319.5
1985-09-13,321.3
1985-09-16,319.55
1985-09-17,317.85
1985-09-18,316.5
1985-09-19,316.55
1985-09-20,319.15
1985-09-23,327.7
1985-09-24,327.9
1985-09-25,328.5
1985-09-26,329.25
1985-09-27,329.2
1985-09-30,326.0
1985-10-01,322.5
1985-10-02,325.2
1985-10-03,325.15
1985-10-04,328.0
1985-10-07,326.0
1985-10-08,326.6
1985-10-09,326.8
1985-10-10,325.75
1985-10-11,325.8
1985-10-14,325.8
1985-10-15,327.25
1985-10-16,323.9
1985-10-17,325.75
1985-10-18,326.5
1985-10-21,326.4
1985-10-22,328.0
1985-10-23,325.9
1985-10-24,326.45
1985-10-25,325.65
1985-10-28,326.5
1985-10-29,326.55
1985-10-30,326.45
1985-10-31,325.35
1985-11-01,323.75
1985-11-04,325.6
1985-11-05,324.85
1985-11-06,324.65
1985-11-07,323.25
1985-11-08,322.2
1985-11-11,323.35
1985-11-12,323.35
1985-11-13,324.5
1985-11-14,325.55
1985-11-15,325.65
1985-11-18,323.75
1985-11-19,324.6
1985-11-20,325.9
1985-11-21,325.8
1985-11-22,326.75
1985-11-25,330.45
1985-11-26,331.5
1985-11-27,328.4
1985-11-29,328.4
1985-12-02,321.75
1985-12-03,322.85
1985-12-04,324.2
1985-12-05,323.05
1985-12-06,322.3
1985-12-09,317.65
1985-12-10,317.25
1985-12-11,315.5
1985-12-12,317.75
1985-12-13,318.0
1985-12-16,318.6
1985-12-17,321.15
1985-12-18,320.2
1985-12-19,325.8
1985-12-20,325.55
1985-12-23,327.6
1985-12-24,327.6
1985-12-26,325.5
1985-12-27,326.85
1985-12-30,327.05
1985-12-31,329.7
1986-01-02,326.55
1986-01-03,327.0
1986-01-06,328.0
1986-01-07,330.25
1986-01-08,332.6
1986-01-09,333.5
1986-01-10,340.45
1986-01-13,339.4
1986-01-14,341.0
1986-01-15,347.0
1986-01-16,363.25
1986-01-17,352.6
1986-01-20,351.0
1986-01-21,356.75
1986-01-22,352.25
1986-01-23,350.3
1986-01-24,354.0
1986-01-27,358.4
1986-01-28,353.25
1986-01-29,353.5
1986-01-30,358.25
1986-01-31,350.5
1986-02-03,347.3
1986-02-04,338.85
1986-02-05,337.3
1986-02-06,337.1
1986-02-07,337.45
1986-02-10,340.15
1986-02-11,336.05
1986-02-12,337.5
1986-02-13,334.0
1986-02-14,331.35
1986-02-18,337.5
1986-02-19,341.65
1986-02-20,337.35
1986-02-21,338.0
1986-02-24,342.05
1986-02-25,352.65
1986-02-26,346.0
1986-02-27,336.9
1986-02-28,338.15
1986-03-03,335.6
1986-03-04,337.15
1986-03-05,341.75
1986-03-06,344.75
1986-03-07,343.35
1986-03-10,340.5
1986-03-11,342.9
1986-03-12,344.1
1986-03-13,349.85
1986-03-14,348.0
1986-03-17,349.9
1986-03-18,351.15
1986-03-19,346.75
1986-03-20,350.65
1986-03-21,352.9
1986-03-24,350.45
1986-03-25,352.0
1986-03-26,344.3
1986-03-27,344.25
1986-03-31,338.1
1986-04-01,333.1
1986-04-02,335.5
1986-04-03,334.75
1986-04-04,334.5
1986-04-07,337.9
1986-04-08,339.65
1986-04-09,338.1
1986-04-10,337.7
1986-04-11,341.95
1986-04-14,341.85
1986-04-15,342.0
1986-04-16,339.0
1986-04-17,340.15
1986-04-18,343.0
1986-04-21,341.65
1986-04-22,344.35
1986-04-23,346.2
1986-04-24,344.75
1986-04-25,344.45
1986-04-28,343.4
1986-04-29,342.45
1986-04-30,345.75
1986-05-01,345.35
1986-05-02,341.6
1986-05-05,343.0
1986-05-06,340.4
1986-05-07,342.45
1986-05-08,345.25
1986-05-09,345.35
1986-05-12,345.45
1986-05-13,343.7
1986-05-14,342.45
1986-05-15,342.0
1986-05-16,343.0
1986-05-19,340.8
1986-05-20,338.7
1986-05-21,338.9
1986-05-22,340.45
1986-05-23,341.1
1986-05-27,341.75
1986-05-28,343.75
1986-05-29,342.7
1986-05-30,343.45
1986-06-02,342.1
1986-06-03,342.45
1986-06-04,340.75
1986-06-05,341.75
1986-06-06,341.65
1986-06-09,341.8
1986-06-10,347.7
1986-06-11,347.4
1986-06-12,348.35
1986-06-13,346.2
1986-06-16,339.55
1986-06-17,337.0
1986-06-18,339.4
1986-06-19,339.2
1986-06-20,339.65
1986-06-23,341.3
1986-06-24,342.0
1986-06-25,344.15
1986-06-26,344.9
1986-06-27,344.5
1986-06-30,346.75
1986-07-01,345.1
1986-07-02,342.3
1986-07-07,344.85
1986-07-08,348.1
1986-07-09,348.1
1986-07-10,347.05
1986-07-11,348.1
1986-07-14,345.75
1986-07-15,346.0
1986-07-16,347.85
1986-07-17,347.0
1986-07-18,348.15
1986-07-21,354.2
1986-07-22,353.75
1986-07-23,347.25
1986-07-24,348.65
1986-07-25,349.65
1986-07-28,353.6
1986-07-29,351.25
1986-07-30,351.65
1986-07-31,357.5
1986-08-01,361.0
1986-08-04,360.05
1986-08-05,358.75
1986-08-06,362.4
1986-08-07,362.05
1986-08-08,368.8
1986-08-11,388.0
1986-08-12,384.25
1986-08-13,388.0
1986-08-14,385.25
1986-08-15,385.1
1986-08-18,377.5
1986-08-19,374.4
1986-08-20,378.0
1986-08-21,381.0
1986-08-22,386.25
1986-08-25,380.0
1986-08-26,381.1
1986-08-27,380.35
1986-08-28,386.7
1986-08-29,384.95
1986-09-02,393.5
1986-09-03,405.0
1986-09-04,405.5
1986-09-05,420.8
1986-09-08,418.6
1986-09-09,409.25
1986-09-10,418.5
1986-09-11,402.0
1986-09-12,419.75
1986-09-15,413.25
1986-09-16,417.25
1986-09-17,413.2
1986-09-18,417.85
1986-09-19,430.0
1986-09-22,435.0
1986-09-23,435.0
1986-09-24,431.5
1986-09-25,429.4
1986-09-26,433.0
1986-09-29,427.0
1986-09-30,423.2
1986-10-01,425.0
1986-10-02,431.3
1986-10-03,436.0
1986-10-06,437.15
1986-10-07,436.25
1986-10-08,438.35
1986-10-09,436.0
1986-10-10,430.75
1986-10-13,432.85
1986-10-14,428.8
1986-10-15,422.0
1986-10-16,425.5
1986-10-17,419.25
1986-10-20,425.25
1986-10-21,425.35
1986-10-22,425.25
1986-10-23,423.4
1986-10-24,410.75
1986-10-27,410.0
1986-10-28,410.7
1986-10-29,405.8
1986-10-30,406.5
1986-10-31,401.0
1986-11-03,406.2
1986-11-04,408.0
1986-11-05,405.25
1986-11-06,408.55
1986-11-07,408.2
1986-11-10,410.75
1986-11-11,406.25
1986-11-12,407.0
1986-11-13,407.5
1986-11-14,408.25
1986-11-17,392.5
1986-11-18,391.25
1986-11-19,393.4
1986-11-20,389.35
1986-11-21,388.2
1986-11-24,380.5
1986-11-25,383.75
1986-11-26,383.6
1986-11-28,383.6
1986-12-01,395.55
1986-12-02,389.5
1986-12-03,389.75
1986-12-04,389.25
1986-12-05,388.5
1986-12-08,389.6
1986-12-09,386.8
1986-12-10,391.5
1986-12-11,388.4
1986-12-12,391.5
1986-12-15,394.3
1986-12-16,393.1
1986-12-17,392.0
1986-12-18,390.75
1986-12-19,394.8
1986-12-22,394.15
1986-12-23,389.2
1986-12-24,389.2
1986-12-29,390.1
1986-12-30,388.75
1986-12-31,397.0
1987-01-02,403.5
1987-01-05,398.95
1987-01-06,401.7
1987-01-07,400.4
1987-01-08,402.65
1987-01-09,402.0
1987-01-12,411.1
1987-01-13,409.0
1987-01-14,415.1
1987-01-15,416.25
1987-01-16,415.7
1987-01-19,422.25
1987-01-20,415.75
1987-01-21,407.2
1987-01-22,410.45
1987-01-23,400.0
1987-01-26,406.0
1987-01-27,411.5
1987-01-28,413.75
1987-01-29,409.7
1987-01-30,400.5
1987-02-02,406.75
1987-02-03,404.0
1987-02-04,402.8
1987-02-05,398.9
1987-02-06,402.6
1987-02-09,405.9
1987-02-10,404.39
1987-02-11,403.0
1987-02-12,402.3
1987-02-13,397.35
1987-02-17,397.25
1987-02-18,390.0
1987-02-19,393.35
1987-02-20,399.75
1987-02-23,403.2
1987-02-24,399.3
1987-02-25,405.8
1987-02-26,404.1
1987-02-27,405.85
1987-03-02,404.25
1987-03-03,403.8
1987-03-04,406.55
1987-03-05,410.75
1987-03-06,406.3
1987-03-09,405.0
1987-03-10,405.6
1987-03-11,407.2
1987-03-12,409.9
1987-03-13,408.5
1987-03-16,405.3
1987-03-17,406.35
1987-03-18,404.35
1987-03-19,404.45
1987-03-20,404.45
1987-03-23,408.3
1987-03-24,409.0
1987-03-25,413.7
1987-03-26,411.0
1987-03-27,416.35
1987-03-30,424.0
1987-03-31,421.0
1987-04-01,418.75
1987-04-02,418.7
1987-04-03,418.7
1987-04-06,421.45
1987-04-07,418.5
1987-04-08,420.5
1987-04-09,421.0
1987-04-10,431.6
1987-04-13,435.9
1987-04-14,442.4
1987-04-15,444.1
1987-04-16,437.75
1987-04-20,446.1
1987-04-21,449.5
1987-04-22,445.5
1987-04-23,450.5
1987-04-24,462.2
1987-04-27,474.75
1987-04-28,453.0
1987-04-29,449.0
1987-04-30,453.25
1987-05-01,456.75
1987-05-04,458.0
1987-05-05,459.25
1987-05-06,456.25
1987-05-07,456.25
1987-05-08,453.0
1987-05-11,453.0
1987-05-12,460.7
1987-05-13,460.5
1987-05-14,461.05
1987-05-15,469.9
1987-05-18,473.25
1987-05-19,471.1
1987-05-20,475.25
1987-05-21,469.1
1987-05-22,466.5
1987-05-26,449.0
1987-05-27,449.5
1987-05-28,453.1
1987-05-29,451.0
1987-06-01,442.9
1987-06-02,455.0
1987-06-03,453.0
1987-06-04,452.75
1987-06-05,453.5
1987-06-08,456.55
1987-06-09,452.65
1987-06-10,455.65
1987-06-11,457.0
1987-06-12,455.45
1987-06-15,449.75
1987-06-16,452.75
1987-06-17,451.25
1987-06-18,452.2
1987-06-19,449.0
1987-06-22,438.0
1987-06-23,440.2
1987-06-24,441.75
1987-06-25,440.5
1987-06-26,444.1
1987-06-29,449.75
1987-06-30,447.3
1987-07-01,445.75
1987-07-02,446.25
1987-07-06,443.35
1987-07-07,444.5
1987-07-08,446.4
1987-07-09,444.1
1987-07-10,444.75
1987-07-13,446.5
1987-07-14,447.0
1987-07-15,452.7
1987-07-16,453.75
1987-07-17,450.6
1987-07-20,450.9
1987-07-21,452.4
1987-07-22,454.9
1987-07-23,453.95
1987-07-24,453.3
1987-07-27,453.15
1987-07-28,456.15
1987-07-29,457.75
1987-07-30,457.15
1987-07-31,462.5
1987-08-03,472.75
1987-08-04,473.4
1987-08-05,469.8
1987-08-06,468.7
1987-08-07,464.1
1987-08-10,461.1
1987-08-11,461.2
1987-08-12,463.4
1987-08-13,462.5
1987-08-14,460.0
1987-08-17,453.3
1987-08-18,457.5
1987-08-19,456.35
1987-08-20,456.1
1987-08-21,455.5
1987-08-24,459.5
1987-08-25,458.0
1987-08-26,457.6
1987-08-27,458.75
1987-08-28,453.4
1987-08-31,455.6
1987-09-01,453.75
1987-09-02,463.1
1987-09-03,463.7
1987-09-04,464.75
1987-09-08,456.95
1987-09-09,458.3
1987-09-10,460.2
1987-09-11,459.85
1987-09-14,455.55
1987-09-15,458.8
1987-09-16,458.4
1987-09-17,460.5
1987-09-18,461.7
1987-09-21,459.1
1987-09-22,461.55
1987-09-23,462.4
1987-09-24,464.0
1987-09-25,461.8
1987-09-28,460.85
1987-09-29,459.4
1987-09-30,459.5
1987-10-01,454.9
1987-10-02,454.35
1987-10-05,456.5
1987-10-06,458.0
1987-10-07,458.05
1987-10-08,458.15
1987-10-09,462.05
1987-10-12,461.75
1987-10-13,459.2
1987-10-14,460.8
1987-10-15,466.6
1987-10-16,465.25
1987-10-19,481.0
1987-10-20,464.3
1987-10-21,467.0
1987-10-22,471.65
1987-10-23,470.5
1987-10-26,475.0
1987-10-27,474.0
1987-10-28,477.5
1987-10-29,472.45
1987-10-30,468.8
1987-11-02,469.3
1987-11-03,464.25
1987-11-04,466.15
1987-11-05,457.55
1987-11-06,460.0
1987-11-09,463.5
1987-11-10,458.25
1987-11-11,461.85
1987-11-12,462.45
1987-11-13,464.95
1987-11-16,462.1
1987-11-17,464.6
1987-11-18,463.7
1987-11-19,465.15
1987-11-20,465.7
1987-11-23,469.4
1987-11-24,475.0
1987-11-25,476.5
1987-11-27,485.5
1987-11-30,492.5
1987-12-01,487.7
1987-12-02,490.9
1987-12-03,491.1
1987-12-04,486.25
1987-12-07,481.15
1987-12-08,484.3
1987-12-09,484.2
1987-12-10,488.0
1987-12-11,493.5
1987-12-14,499.75
1987-12-15,492.5
1987-12-16,486.3
1987-12-17,477.5
1987-12-18,481.0
1987-12-21,480.0
1987-12-22,483.0
1987-12-23,481.5
1987-12-24,484.8
1987-12-28,489.8
1987-12-29,485.7
1987-12-30,484.1
1987-12-31,484.05
1988-01-04,480.5
1988-01-05,475.5
1988-01-06,481.4
1988-01-07,483.5
1988-01-08,483.9
1988-01-11,483.9
1988-01-12,480.4
1988-01-13,481.9
1988-01-14,481.4
1988-01-15,480.3
1988-01-18,475.4
1988-01-19,477.1
1988-01-20,477.65
1988-01-21,477.2
1988-01-22,476.2
1988-01-25,476.25
1988-01-26,469.75
1988-01-27,465.0
1988-01-28,466.35
1988-01-29,458.0
1988-02-01,452.7
1988-02-02,455.9
1988-02-03,445.4
1988-02-04,443.25
1988-02-05,441.7
1988-02-08,442.1
1988-02-09,438.6
1988-02-10,441.1
1988-02-11,440.6
1988-02-12,443.6
1988-02-16,445.0
1988-02-17,445.6
1988-02-18,447.25
1988-02-19,442.9
1988-02-22,445.5
1988-02-23,442.4
1988-02-24,435.75
1988-02-25,432.1
1988-02-26,430.45
1988-02-29,426.15
1988-03-01,429.3
1988-03-02,428.9
1988-03-03,429.1
1988-03-04,431.8
1988-03-07,435.9
1988-03-08,436.35
1988-03-09,436.5
1988-03-10,442.4
1988-03-11,441.8
1988-03-14,442.25
1988-03-15,442.2
1988-03-16,446.2
1988-03-17,445.5
1988-03-18,442.85
1988-03-21,449.25
1988-03-22,447.9
1988-03-23,449.5
1988-03-24,453.95
1988-03-25,451.8
1988-03-28,453.9
1988-03-29,454.9
1988-03-30,453.75
1988-03-31,456.95
1988-04-04,457.25
1988-04-05,453.6
1988-04-06,449.85
1988-04-07,447.2
1988-04-08,449.4
1988-04-11,448.8
1988-04-12,450.8
1988-04-13,449.35
1988-04-14,450.35
1988-04-15,456.3
1988-04-18,458.0
1988-04-19,456.9
1988-04-20,457.4
1988-04-21,454.25
1988-04-22,448.6
1988-04-25,450.2
1988-04-26,447.0
1988-04-27,450.3
1988-04-28,452.1
1988-04-29,449.0
1988-05-02,446.3
1988-05-03,445.9
1988-05-04,443.25
1988-05-05,444.85
1988-05-06,442.8
1988-05-09,444.4
1988-05-10,446.65
1988-05-11,449.1
1988-05-12,451.0
1988-05-13,449.5
1988-05-16,453.25
1988-05-17,454.7
1988-05-18,454.0
1988-05-19,457.9
1988-05-20,454.9
1988-05-23,457.25
1988-05-24,457.25
1988-05-25,453.9
1988-05-26,453.25
1988-05-27,452.0
1988-05-31,455.5
1988-06-01,456.75
1988-06-02,453.7
1988-06-03,464.7
1988-06-06,464.55
1988-06-07,464.4
1988-06-08,457.85
1988-06-09,455.45
1988-06-10,457.6
1988-06-13,449.0
1988-06-14,446.5
1988-06-15,452.0
1988-06-16,453.9
1988-06-17,450.25
1988-06-20,454.2
1988-06-21,451.65
1988-06-22,448.5
1988-06-23,447.8
1988-06-24,443.25
1988-06-27,443.3
1988-06-28,443.85
1988-06-29,433.55
1988-06-30,436.55
1988-07-01,436.85
1988-07-05,437.5
1988-07-06,436.8
1988-07-07,440.9
1988-07-08,439.4
1988-07-11,436.8
1988-07-12,433.8
1988-07-13,435.0
1988-07-14,440.75
1988-07-15,439.1
1988-07-18,435.65
1988-07-19,436.25
1988-07-20,444.8
1988-07-21,444.75
1988-07-22,442.2
1988-07-25,438.5
1988-07-26,431.2
1988-07-27,432.85
1988-07-28,432.75
1988-07-29,436.8
1988-08-01,434.6
1988-08-02,432.75
1988-08-03,434.1
1988-08-04,433.1
1988-08-05,432.85
1988-08-08,432.0
1988-08-09,425.8
1988-08-10,427.2
1988-08-11,427.95
1988-08-12,433.25
1988-08-15,430.25
1988-08-16,432.65
1988-08-17,429.0
1988-08-18,430.35
1988-08-19,432.6
1988-08-22,431.0
1988-08-23,432.6
1988-08-24,433.0
1988-08-25,434.2
1988-08-26,433.15
1988-08-29,432.1
1988-08-30,427.75
1988-08-31,427.75
1988-09-01,430.4
1988-09-02,428.75
1988-09-06,428.45
1988-09-07,427.25
1988-09-08,428.25
1988-09-09,429.4
1988-09-12,419.4
1988-09-13,420.45
1988-09-14,421.5
1988-09-15,418.85
1988-09-16,415.15
1988-09-19,409.0
1988-09-20,410.0
1988-09-21,400.65
1988-09-22,397.75
1988-09-23,400.35
1988-09-26,395.3
1988-09-27,397.1
1988-09-28,395.4
1988-09-29,398.5
1988-09-30,396.7
1988-10-03,396.0
1988-10-04,398.5
1988-10-05,395.45
1988-10-06,403.75
1988-10-07,403.9
1988-10-10,406.75
1988-10-11,407.25
1988-10-12,406.4
1988-10-13,406.7
1988-10-14,407.6
1988-10-17,413.0
1988-10-18,411.45
1988-10-19,411.25
1988-10-20,412.2
1988-10-21,410.25
1988-10-24,405.5
1988-10-25,407.65
1988-10-26,407.4
1988-10-27,407.5
1988-10-28,411.5
1988-10-31,412.4
1988-11-01,410.9
1988-11-02,414.75
1988-11-03,423.4
1988-11-04,421.0
1988-11-07,420.6
1988-11-08,420.6
1988-11-09,420.8
1988-11-10,419.1
1988-11-11,420.3
1988-11-14,419.3
1988-11-15,424.0
1988-11-16,423.85
1988-11-17,422.0
1988-11-18,417.75
1988-11-21,415.95
1988-11-22,418.4
1988-11-23,419.25
1988-11-28,424.25
1988-11-29,423.1
1988-11-30,422.6
1988-12-01,424.75
1988-12-02,424.25
1988-12-05,429.0
1988-12-06,427.75
1988-12-07,422.6
1988-12-08,423.2
1988-12-09,419.75
1988-12-12,420.0
1988-12-13,420.5
1988-12-14,420.0
1988-12-15,418.45
1988-12-16,411.75
1988-12-19,413.0
1988-12-20,412.9
1988-12-21,414.6
1988-12-22,417.25
1988-12-23,416.4
1988-12-27,418.1
1988-12-28,412.85
1988-12-29,410.25
1988-12-30,410.9
1989-01-03,411.6
1989-01-04,409.35
1989-01-05,407.25
1989-01-06,406.35
1989-01-09,402.45
1989-01-10,404.5
1989-01-11,403.8
1989-01-12,404.15
1989-01-13,405.55
1989-01-16,401.5
1989-01-17,402.25
1989-01-18,402.5
1989-01-19,403.6
1989-01-20,405.5
1989-01-23,407.45
1989-01-24,408.3
1989-01-25,404.2
1989-01-26,406.25
1989-01-27,399.75
1989-01-30,394.0
1989-01-31,394.0
1989-02-01,392.8
1989-02-02,391.1
1989-02-03,390.0
1989-02-06,387.9
1989-02-07,391.0
1989-02-08,390.55
1989-02-09,393.8
1989-02-10,389.6
1989-02-13,384.5
1989-02-14,384.1
1989-02-15,381.0
1989-02-16,384.25
1989-02-17,380.4
1989-02-21,383.5
1989-02-22,386.75
1989-02-23,390.5
1989-02-24,388.4
1989-02-27,390.6
1989-02-28,387.0
1989-03-01,384.05
1989-03-02,383.9
1989-03-03,386.4
1989-03-06,387.25
1989-03-07,390.75
1989-03-08,394.6
1989-03-09,391.5
1989-03-10,393.5
1989-03-13,392.5
1989-03-14,395.0
1989-03-15,392.9
1989-03-16,389.4
1989-03-17,394.3
1989-03-20,395.5
1989-03-21,392.75
1989-03-22,393.35
1989-03-23,394.9
1989-03-27,390.0
1989-03-28,390.75
1989-03-29,382.95
1989-03-30,383.7
1989-03-31,383.2
1989-04-03,385.45
1989-04-04,386.65
1989-04-05,383.0
1989-04-06,384.35
1989-04-07,382.25
1989-04-10,381.5
1989-04-11,385.0
1989-04-12,387.25
1989-04-13,390.25
1989-04-14,386.2
1989-04-17,385.15
1989-04-18,383.95
1989-04-19,383.9
1989-04-20,384.0
1989-04-21,384.0
1989-04-24,383.55
1989-04-25,385.9
1989-04-26,383.85
1989-04-27,384.25
1989-04-28,377.55
1989-05-01,377.0
1989-05-02,377.45
1989-05-03,378.6
1989-05-04,378.25
1989-05-05,375.7
1989-05-08,378.25
1989-05-09,376.1
1989-05-10,377.2
1989-05-11,378.35
1989-05-12,377.3
1989-05-15,373.8
1989-05-16,374.5
1989-05-17,371.9
1989-05-18,370.0
1989-05-19,365.5
1989-05-22,359.75
1989-05-23,364.5
1989-05-24,361.5
1989-05-25,363.6
1989-05-26,365.8
1989-05-30,362.1
1989-05-31,361.8
1989-06-01,361.4
1989-06-02,361.5
1989-06-05,365.2
1989-06-06,364.9
1989-06-07,374.2
1989-06-08,374.5
1989-06-09,368.25
1989-06-12,359.9
1989-06-13,358.7
1989-06-14,361.1
1989-06-15,361.5
1989-06-16,365.35
1989-06-19,364.4
1989-06-20,366.6
1989-06-21,365.9
1989-06-22,369.75
1989-06-23,370.0
1989-06-26,374.7
1989-06-27,376.25
1989-06-28,373.75
1989-06-29,376.3
1989-06-30,373.0
1989-07-03,374.5
1989-07-05,383.6
1989-07-06,385.5
1989-07-07,383.55
1989-07-10,383.25
1989-07-11,378.75
1989-07-12,379.75
1989-07-13,375.75
1989-07-14,370.8
1989-07-17,370.6
1989-07-18,371.7
1989-07-19,370.7
1989-07-20,371.05
1989-07-21,372.4
1989-07-24,371.95
1989-07-25,371.25
1989-07-26,372.3
1989-07-27,374.15
1989-07-28,369.7
1989-07-31,368.3
1989-08-01,369.0
1989-08-02,369.75
1989-08-03,369.25
1989-08-04,370.5
1989-08-07,366.1
1989-08-08,365.9
1989-08-09,364.6
1989-08-10,365.85
1989-08-11,361.9
1989-08-14,363.3
1989-08-15,366.1
1989-08-16,367.6
1989-08-17,364.9
1989-08-18,366.25
1989-08-21,365.9
1989-08-22,366.4
1989-08-23,366.2
1989-08-24,362.2
1989-08-25,360.45
1989-08-28,360.2
1989-08-29,359.8
1989-08-30,361.4
1989-08-31,359.8
1989-09-01,359.4
1989-09-05,358.55
1989-09-06,360.2
1989-09-07,359.2
1989-09-08,359.6
1989-09-11,358.35
1989-09-12,358.6
1989-09-13,358.5
1989-09-14,361.5
1989-09-15,355.75
1989-09-18,359.7
1989-09-19,360.65
1989-09-20,362.75
1989-09-21,362.8
1989-09-22,364.9
1989-09-25,367.3
1989-09-26,368.0
1989-09-27,369.0
1989-09-28,366.5
1989-09-29,366.5
1989-10-02,366.5
1989-10-03,365.5
1989-10-04,366.0
1989-10-05,366.2
1989-10-06,363.0
1989-10-09,362.9
1989-10-10,361.9
1989-10-11,361.05
1989-10-12,363.15
1989-10-13,363.2
1989-10-16,368.4
1989-10-17,366.65
1989-10-18,368.5
1989-10-19,368.6
1989-10-20,365.65
1989-10-23,365.5
1989-10-24,366.6
1989-10-25,368.65
1989-10-26,368.6
1989-10-27,372.6
1989-10-30,377.0
1989-10-31,375.3
1989-11-01,373.05
1989-11-02,374.25
1989-11-03,380.5
1989-11-06,379.75
1989-11-07,384.1
1989-11-08,383.2
1989-11-09,387.1
1989-11-10,385.35
1989-11-13,390.5
1989-11-14,388.25
1989-11-15,391.4
1989-11-16,391.4
1989-11-17,392.0
1989-11-20,394.9
1989-11-21,399.0
1989-11-22,409.9
1989-11-27,413.75
1989-11-28,409.75
1989-11-29,410.1
1989-11-30,408.15
1989-12-01,413.85
1989-12-04,408.6
1989-12-05,403.75
1989-12-06,402.85
1989-12-07,406.0
1989-12-08,409.35
1989-12-11,415.5
1989-12-12,415.5
1989-12-13,413.0
1989-12-14,408.5
1989-12-15,412.75
1989-12-18,407.5
1989-12-19,412.4
1989-12-20,412.4
1989-12-21,413.0
1989-12-22,412.75
1989-12-26,407.8
1989-12-27,406.0
1989-12-28,398.6
1989-12-29,402.9
1990-01-02,399.0
1990-01-03,395.0
1990-01-04,396.5
1990-01-05,405.0
1990-01-08,404.6
1990-01-09,403.45
1990-01-10,409.1
1990-01-11,412.1
1990-01-12,416.25
1990-01-15,415.6
1990-01-16,412.75
1990-01-17,410.4
1990-01-18,413.4
1990-01-19,408.65
1990-01-22,406.0
1990-01-23,408.25
1990-01-24,420.75
1990-01-25,415.65
1990-01-26,418.0
1990-01-29,418.75
1990-01-30,418.15
1990-01-31,415.05
1990-02-01,415.8
1990-02-02,417.95
1990-02-05,423.0
1990-02-06,421.05
1990-02-07,423.75
1990-02-08,418.0
1990-02-09,415.5
1990-02-12,418.85
1990-02-13,418.05
1990-02-14,414.6
1990-02-15,416.65
1990-02-16,416.5
1990-02-20,419.95
1990-02-21,420.0
1990-02-22,417.65
1990-02-23,415.85
1990-02-26,411.3
1990-02-27,407.55
1990-02-28,407.7
1990-03-01,406.3
1990-03-02,405.05
1990-03-05,403.5
1990-03-06,405.35
1990-03-07,400.5
1990-03-08,400.7
1990-03-09,399.3
1990-03-12,401.25
1990-03-13,397.25
1990-03-14,398.75
1990-03-15,399.5
1990-03-16,400.65
1990-03-19,402.1
1990-03-20,399.65
1990-03-21,392.0
1990-03-22,392.0
1990-03-23,393.5
1990-03-26,370.25
1990-03-27,368.0
1990-03-28,372.0
1990-03-29,371.5
1990-03-30,368.5
1990-04-02,368.4
1990-04-03,375.0
1990-04-04,374.25
1990-04-05,378.4
1990-04-06,377.7
1990-04-09,376.7
1990-04-10,375.2
1990-04-11,374.5
1990-04-12,375.5
1990-04-16,374.5
1990-04-17,374.0
1990-04-18,374.75
1990-04-19,375.75
1990-04-20,376.25
1990-04-23,375.25
1990-04-24,376.8
1990-04-25,371.45
1990-04-26,371.6
1990-04-27,371.6
1990-04-30,367.75
1990-05-01,369.5
1990-05-02,369.6
1990-05-03,369.9
1990-05-04,371.3
1990-05-07,372.1
1990-05-08,370.65
1990-05-09,370.3
1990-05-10,371.75
1990-05-11,368.55
1990-05-14,369.0
1990-05-15,367.75
1990-05-16,369.85
1990-05-17,369.2
1990-05-18,369.9
1990-05-21,373.1
1990-05-22,375.1
1990-05-23,364.5
1990-05-24,366.5
1990-05-25,366.5
1990-05-29,367.7
1990-05-30,366.4
1990-05-31,363.05
1990-06-01,363.45
1990-06-04,357.05
1990-06-05,358.1
1990-06-06,359.5
1990-06-07,352.8
1990-06-08,353.5
1990-06-11,354.7
1990-06-12,355.75
1990-06-13,350.5
1990-06-14,345.85
1990-06-15,346.9
1990-06-18,349.25
1990-06-19,348.75
1990-06-20,350.25
1990-06-21,350.4
1990-06-22,350.0
1990-06-25,354.25
1990-06-26,353.75
1990-06-27,350.0
1990-06-28,354.87
1990-06-29,352.5
1990-07-02,356.85
1990-07-03,361.7
1990-07-04,362.7
1990-07-05,360.0
1990-07-06,361.5
1990-07-09,357.7
1990-07-10,354.0
1990-07-11,354.5
1990-07-12,358.3
1990-07-13,365.0
1990-07-16,363.3
1990-07-17,361.8
1990-07-18,361.7
1990-07-19,361.5
1990-07-20,361.75
1990-07-23,368.9
1990-07-24,368.9
1990-07-25,371.8
1990-07-26,369.2
1990-07-27,367.7
1990-07-30,367.6
1990-07-31,370.7
1990-08-01,373.8
1990-08-02,377.8
1990-08-03,378.1
1990-08-06,385.3
1990-08-07,385.3
1990-08-08,383.7
1990-08-09,386.4
1990-08-10,389.6
1990-08-13,404.5
1990-08-14,404.6
1990-08-15,402.2
1990-08-16,409.1
1990-08-17,410.5
1990-08-20,407.8
1990-08-21,407.5
1990-08-22,410.7
1990-08-23,411.8
1990-08-24,411.0
1990-08-27,387.5
1990-08-28,384.1
1990-08-29,386.0
1990-08-30,387.5
1990-08-31,383.2
1990-09-03,387.25
1990-09-04,384.7
1990-09-05,387.1
1990-09-06,390.5
1990-09-07,384.9
1990-09-10,379.5
1990-09-11,381.3
1990-09-12,382.8
1990-09-13,383.9
1990-09-14,386.0
1990-09-17,390.7
1990-09-18,388.8
1990-09-19,386.9
1990-09-20,389.7
1990-09-21,392.5
1990-09-24,403.5
1990-09-25,402.7
1990-09-26,407.8
1990-09-27,405.7
1990-09-28,403.4
1990-10-01,387.0
1990-10-02,389.7
1990-10-03,394.2
1990-10-04,392.7
1990-10-05,394.5
1990-10-08,395.8
1990-10-09,390.5
1990-10-10,388.9
1990-10-11,390.6
1990-10-12,388.4
1990-10-15,375.5
1990-10-16,362.6
1990-10-17,367.5
1990-10-18,371.2
1990-10-19,373.7
1990-10-22,370.6
1990-10-23,371.6
1990-10-24,374.3
1990-10-25,376.8
1990-10-26,373.0
1990-10-29,374.0
1990-10-30,380.3
1990-10-31,379.8
1990-11-01,381.5
1990-11-02,380.5
1990-11-05,379.8
1990-11-06,384.8
1990-11-07,386.4
1990-11-08,387.6
1990-11-09,386.3
1990-11-12,382.2
1990-11-13,385.8
1990-11-14,377.6
1990-11-15,379.2
1990-11-16,379.5
1990-11-19,382.2
1990-11-20,378.5
1990-11-21,379.6
1990-11-22,380.75
1990-11-23,383.75
1990-11-26,386.7
1990-11-27,385.9
1990-11-28,385.5
1990-11-29,389.0
1990-11-30,386.0
1990-12-03,380.6
1990-12-04,377.8
1990-12-05,373.0
1990-12-06,370.8
1990-12-07,371.2
1990-12-10,373.8
1990-12-11,371.7
1990-12-12,372.7
1990-12-13,373.2
1990-12-14,373.6
1990-12-17,377.0
1990-12-18,375.6
1990-12-19,385.2
1990-12-20,384.0
1990-12-21,383.9
1990-12-24,383.5
1990-12-25,383.5
1990-12-26,384.9
1990-12-27,385.0
1990-12-28,386.0
1990-12-31,394.0
1991-01-02,388.8
1991-01-03,387.0
1991-01-04,388.5
1991-01-07,394.7
1991-01-08,390.6
1991-01-09,391.8
1991-01-10,390.4
1991-01-11,391.5
1991-01-14,399.8
1991-01-15,398.5
1991-01-16,402.8
1991-01-17,374.9
1991-01-18,380.5
1991-01-21,379.1
1991-01-22,379.8
1991-01-23,378.7
1991-01-24,372.4
1991-01-25,374.5
1991-01-28,377.0
1991-01-29,376.2
1991-01-30,368.3
1991-01-31,365.7
1991-02-01,365.8
1991-02-04,368.9
1991-02-05,366.3
1991-02-06,362.7
1991-02-07,367.6
1991-02-08,370.1
1991-02-11,366.8
1991-02-12,368.1
1991-02-13,367.2
1991-02-14,368.2
1991-02-15,365.5
1991-02-18,364.3
1991-02-19,364.2
1991-02-20,364.3
1991-02-21,362.5
1991-02-22,357.5
1991-02-25,359.3
1991-02-26,358.7
1991-02-27,361.8
1991-02-28,367.3
1991-03-01,367.3
1991-03-04,368.3
1991-03-05,364.9
1991-03-06,366.0
1991-03-07,367.3
1991-03-08,369.1
1991-03-11,365.9
1991-03-12,364.8
1991-03-13,367.0
1991-03-14,365.3
1991-03-15,366.4
1991-03-18,362.8
1991-03-19,363.7
1991-03-20,362.8
1991-03-21,362.9
1991-03-22,363.25
1991-03-25,359.0
1991-03-26,357.1
1991-03-27,355.5
1991-03-28,356.6
1991-03-29,355.5
1991-04-01,359.3
1991-04-02,358.3
1991-04-03,359.3
1991-04-04,359.0
1991-04-05,358.5
1991-04-08,361.3
1991-04-09,364.7
1991-04-10,363.7
1991-04-11,362.2
1991-04-12,362.25
1991-04-15,360.7
1991-04-16,361.0
1991-04-17,361.2
1991-04-18,357.8
1991-04-19,357.5
1991-04-22,357.7
1991-04-23,356.8
1991-04-24,356.15
1991-04-25,354.1
1991-04-26,354.75
1991-04-29,352.5
1991-04-30,356.2
1991-05-01,356.2
1991-05-02,355.5
1991-05-03,356.8
1991-05-06,355.7
1991-05-07,357.0
1991-05-08,357.5
1991-05-09,358.2
1991-05-10,357.25
1991-05-13,358.8
1991-05-14,360.0
1991-05-15,359.5
1991-05-16,356.1
1991-05-17,355.0
1991-05-20,357.2
1991-05-21,356.9
1991-05-22,356.0
1991-05-23,355.2
1991-05-24,355.65
1991-05-27,357.0
1991-05-28,363.6
1991-05-29,361.0
1991-05-30,363.4
1991-05-31,361.5
1991-06-03,363.3
1991-06-04,362.7
1991-06-05,362.4
1991-06-06,365.2
1991-06-07,366.0
1991-06-10,373.3
1991-06-11,370.7
1991-06-12,369.9
1991-06-13,370.0
1991-06-14,367.1
1991-06-17,368.2
1991-06-18,368.2
1991-06-19,368.7
1991-06-20,368.2
1991-06-21,367.8
1991-06-24,363.3
1991-06-25,365.0
1991-06-26,366.3
1991-06-27,366.5
1991-06-28,368.6
1991-07-01,368.5
1991-07-02,368.2
1991-07-03,370.3
1991-07-04,370.0
1991-07-05,370.5
1991-07-08,370.7
1991-07-09,369.3
1991-07-10,370.2
1991-07-11,368.1
1991-07-12,368.75
1991-07-15,369.3
1991-07-16,369.0
1991-07-17,369.7
1991-07-18,370.3
1991-07-19,370.5
1991-07-22,367.7
1991-07-23,368.1
1991-07-24,364.6
1991-07-25,364.5
1991-07-26,366.5
1991-07-29,363.85
1991-07-30,363.3
1991-07-31,364.3
1991-08-01,364.1
1991-08-02,361.6
1991-08-05,357.0
1991-08-06,357.5
1991-08-07,357.3
1991-08-08,358.0
1991-08-09,359.1
1991-08-12,357.8
1991-08-13,356.5
1991-08-14,357.9
1991-08-15,357.3
1991-08-16,357.75
1991-08-19,358.4
1991-08-20,356.0
1991-08-21,356.9
1991-08-22,354.5
1991-08-23,353.5
1991-08-26,355.4
1991-08-27,354.5
1991-08-28,353.9
1991-08-29,351.2
1991-08-30,348.3
1991-09-02,347.2
1991-09-03,348.25
1991-09-04,348.6
1991-09-05,347.2
1991-09-06,349.3
1991-09-09,350.75
1991-09-10,349.75
1991-09-11,344.9
1991-09-12,344.0
1991-09-13,344.2
1991-09-16,344.3
1991-09-17,346.5
1991-09-18,348.0
1991-09-19,348.2
1991-09-20,348.3
1991-09-23,350.5
1991-09-24,353.3
1991-09-25,352.6
1991-09-26,350.5
1991-09-27,348.0
1991-09-30,353.9
1991-10-01,354.0
1991-10-02,355.25
1991-10-03,357.1
1991-10-04,358.25
1991-10-07,358.65
1991-10-08,356.8
1991-10-09,358.75
1991-10-10,357.6
1991-10-11,359.6
1991-10-14,358.15
1991-10-15,356.85
1991-10-16,357.4
1991-10-17,359.6
1991-10-18,361.65
1991-10-21,363.9
1991-10-22,362.8
1991-10-23,362.0
1991-10-24,361.6
1991-10-25,360.3
1991-10-28,358.2
1991-10-29,358.0
1991-10-30,357.7
1991-10-31,357.7
1991-11-01,355.6
1991-11-04,356.5
1991-11-05,355.9
1991-11-06,354.4
1991-11-07,353.65
1991-11-08,353.95
1991-11-11,355.0
1991-11-12,356.1
1991-11-13,356.05
1991-11-14,354.8
1991-11-15,361.3
1991-11-18,360.6
1991-11-19,362.7
1991-11-20,363.8
1991-11-21,366.85
1991-11-22,367.9
1991-11-25,367.3
1991-11-26,365.1
1991-11-27,367.5
1991-11-28,366.0
1991-11-29,367.9
1991-12-02,366.2
1991-12-03,363.3
1991-12-04,365.2
1991-12-05,366.6
1991-12-06,368.85
1991-12-09,368.75
1991-12-10,368.1
1991-12-11,366.0
1991-12-12,357.9
1991-12-13,359.35
1991-12-16,359.0
1991-12-17,356.5
1991-12-18,358.45
1991-12-19,357.3
1991-12-20,358.4
1991-12-23,359.6
1991-12-24,359.3
1991-12-26,355.1
1991-12-27,354.5
1991-12-30,352.7
1991-12-31,354.0
1992-01-01,354.0
1992-01-02,352.0
1992-01-03,349.5
1992-01-06,349.75
1992-01-07,349.2
1992-01-08,350.9
1992-01-09,357.1
1992-01-10,356.35
1992-01-13,353.7
1992-01-14,354.6
1992-01-15,353.9
1992-01-16,356.3
1992-01-17,354.5
1992-01-20,357.6
1992-01-21,357.65
1992-01-22,357.35
1992-01-23,354.85
1992-01-24,354.1
1992-01-27,354.5
1992-01-28,355.65
1992-01-29,356.2
1992-01-30,353.7
1992-01-31,357.0
1992-02-03,355.7
1992-02-04,355.7
1992-02-05,355.45
1992-02-06,355.3
1992-02-07,354.6
1992-02-10,355.35
1992-02-11,355.8
1992-02-12,357.5
1992-02-13,355.4
1992-02-14,353.8
1992-02-17,354.2
1992-02-18,352.75
1992-02-19,352.75
1992-02-20,353.2
1992-02-21,350.4
1992-02-24,350.0
1992-02-25,349.4
1992-02-26,349.4
1992-02-27,353.6
1992-02-28,352.85
1992-03-02,351.3
1992-03-03,350.3
1992-03-04,350.5
1992-03-05,351.1
1992-03-06,349.4
1992-03-09,348.95
1992-03-10,348.9
1992-03-11,350.6
1992-03-12,346.8
1992-03-13,346.6
1992-03-16,343.45
1992-03-17,340.3
1992-03-18,338.4
1992-03-19,338.7
1992-03-20,338.2
1992-03-23,338.1
1992-03-24,339.45
1992-03-25,341.0
1992-03-26,340.7
1992-03-27,342.1
1992-03-30,341.6
1992-03-31,343.2
1992-04-01,342.5
1992-04-02,340.3
1992-04-03,340.7
1992-04-06,339.8
1992-04-07,338.2
1992-04-08,337.5
1992-04-09,339.1
1992-04-10,340.7
1992-04-13,339.0
1992-04-14,339.1
1992-04-15,335.6
1992-04-16,337.0
1992-04-20,336.4
1992-04-21,340.5
1992-04-22,338.6
1992-04-23,338.1
1992-04-24,336.4
1992-04-27,336.1
1992-04-28,336.1
1992-04-29,335.4
1992-04-30,336.9
1992-05-01,338.3
1992-05-04,336.7
1992-05-05,336.9
1992-05-06,336.55
1992-05-07,335.1
1992-05-08,335.4
1992-05-11,336.35
1992-05-12,335.0
1992-05-13,335.4
1992-05-14,337.6
1992-05-15,338.35
1992-05-18,338.4
1992-05-19,337.5
1992-05-20,337.7
1992-05-21,336.85
1992-05-22,337.65
1992-05-25,338.3
1992-05-26,337.8
1992-05-27,337.8
1992-05-28,336.9
1992-05-29,336.3
1992-06-01,337.6
1992-06-02,339.1
1992-06-03,338.4
1992-06-04,338.5
1992-06-05,338.5
1992-06-08,338.0
1992-06-09,338.2
1992-06-10,337.7
1992-06-11,340.2
1992-06-12,342.5
1992-06-15,342.9
1992-06-16,342.0
1992-06-17,341.05
1992-06-18,342.25
1992-06-19,340.2
1992-06-22,343.4
1992-06-23,344.1
1992-06-24,342.5
1992-06-25,343.05
1992-06-26,342.3
1992-06-29,343.6
1992-06-30,342.9
1992-07-01,344.1
1992-07-02,346.2
1992-07-03,345.5
1992-07-06,346.0
1992-07-07,345.8
1992-07-08,347.3
1992-07-09,348.3
1992-07-10,347.9
1992-07-13,348.8
1992-07-14,350.9
1992-07-15,353.8
1992-07-16,352.6
1992-07-17,357.1
1992-07-20,358.7
1992-07-21,357.3
1992-07-22,359.2
1992-07-23,358.7
1992-07-24,357.8
1992-07-27,357.65
1992-07-28,358.8
1992-07-29,356.4
1992-07-30,356.6
1992-07-31,358.0
1992-08-03,352.7
1992-08-04,353.0
1992-08-05,349.5
1992-08-06,349.3
1992-08-07,350.4
1992-08-10,350.5
1992-08-11,347.7
1992-08-12,339.5
1992-08-13,334.1
1992-08-14,336.1
1992-08-17,337.4
1992-08-18,336.2
1992-08-19,338.2
1992-08-20,337.6
1992-08-21,337.9
1992-08-24,341.7
1992-08-25,340.65
1992-08-26,338.3
1992-08-27,339.0
1992-08-28,340.1
1992-08-31,341.0
1992-09-01,340.9
1992-09-02,338.5
1992-09-03,340.9
1992-09-04,341.4
1992-09-07,343.1
1992-09-08,342.1
1992-09-09,341.8
1992-09-10,341.8
1992-09-11,340.8
1992-09-14,346.6
1992-09-15,346.4
1992-09-16,349.4
1992-09-17,348.0
1992-09-18,350.6
1992-09-21,347.2
1992-09-22,348.8
1992-09-23,348.5
1992-09-24,349.0
1992-09-25,349.1
1992-09-28,347.7
1992-09-29,347.6
1992-09-30,348.1
1992-10-01,347.8
1992-10-02,348.3
1992-10-05,350.55
1992-10-06,350.05
1992-10-07,350.8
1992-10-08,350.0
1992-10-09,350.2
1992-10-12,345.3
1992-10-13,344.1
1992-10-14,342.7
1992-10-15,341.0
1992-10-16,342.1
1992-10-19,342.4
1992-10-20,343.5
1992-10-21,343.7
1992-10-22,342.6
1992-10-23,343.1
1992-10-26,340.5
1992-10-27,337.3
1992-10-28,339.0
1992-10-29,339.4
1992-10-30,339.3
1992-11-02,339.75
1992-11-03,337.7
1992-11-04,337.3
1992-11-05,338.0
1992-11-06,334.8
1992-11-09,333.1
1992-11-10,330.0
1992-11-11,332.0
1992-11-12,333.4
1992-11-13,335.9
1992-11-16,334.5
1992-11-17,333.9
1992-11-18,334.75
1992-11-19,335.0
1992-11-20,335.3
1992-11-23,334.3
1992-11-24,334.6
1992-11-25,333.6
1992-11-26,334.6
1992-11-27,334.4
1992-11-30,334.25
1992-12-01,334.9
1992-12-02,335.7
1992-12-03,335.35
1992-12-04,335.6
1992-12-07,335.9
1992-12-08,335.0
1992-12-09,333.75
1992-12-10,333.9
1992-12-11,334.9
1992-12-14,334.5
1992-12-15,334.55
1992-12-16,337.5
1992-12-17,338.0
1992-12-18,336.7
1992-12-21,333.9
1992-12-22,332.5
1992-12-23,333.0
1992-12-24,332.7
1992-12-25,333.8
1992-12-28,333.0
1992-12-29,332.75
1992-12-30,333.1
1992-12-31,333.1
1993-01-01,332.7
1993-01-04,328.2
1993-01-05,329.0
1993-01-06,329.65
1993-01-07,329.5
1993-01-08,329.3
1993-01-11,328.0
1993-01-12,328.75
1993-01-13,327.4
1993-01-14,327.7
1993-01-15,327.4
1993-01-18,328.35
1993-01-19,329.2
1993-01-20,329.65
1993-01-21,329.1
1993-01-22,328.8
1993-01-25,328.0
1993-01-26,331.0
1993-01-27,329.6
1993-01-28,329.8
1993-01-29,330.1
1993-02-01,329.6
1993-02-02,329.6
1993-02-03,328.6
1993-02-04,328.15
1993-02-05,327.8
1993-02-08,327.6
1993-02-09,328.3
1993-02-10,331.8
1993-02-11,331.25
1993-02-12,328.7
1993-02-15,328.5
1993-02-16,333.0
1993-02-17,330.1
1993-02-18,330.3
1993-02-19,329.7
1993-02-22,329.5
1993-02-23,330.3
1993-02-24,329.25
1993-02-25,329.8
1993-02-26,327.7
1993-03-01,328.4
1993-03-02,329.3
1993-03-03,328.85
1993-03-04,328.8
1993-03-05,329.5
1993-03-08,326.8
1993-03-09,326.75
1993-03-10,326.15
1993-03-11,327.0
1993-03-12,327.8
1993-03-15,329.1
1993-03-16,328.9
1993-03-17,328.8
1993-03-18,330.5
1993-03-19,331.5
1993-03-22,332.6
1993-03-23,331.6
1993-03-24,332.0
1993-03-25,332.6
1993-03-26,332.1
1993-03-29,332.0
1993-03-30,337.0
1993-03-31,337.3
1993-04-01,338.0
1993-04-02,340.6
1993-04-05,338.8
1993-04-06,337.2
1993-04-07,337.8
1993-04-08,337.0
1993-04-09,337.4
1993-04-12,336.4
1993-04-13,337.0
1993-04-14,339.7
1993-04-15,336.7
1993-04-16,338.8
1993-04-19,339.8
1993-04-20,339.4
1993-04-21,339.0
1993-04-22,340.0
1993-04-23,345.5
1993-04-26,352.0
1993-04-27,350.6
1993-04-28,352.8
1993-04-29,354.6
1993-04-30,355.9
1993-05-03,353.5
1993-05-04,354.0
1993-05-05,354.5
1993-05-06,355.8
1993-05-07,358.0
1993-05-10,355.75
1993-05-11,356.5
1993-05-12,358.8
1993-05-13,368.0
1993-05-14,367.5
1993-05-17,367.0
1993-05-18,374.8
1993-05-19,373.5
1993-05-20,373.5
1993-05-21,375.9
1993-05-24,376.9
1993-05-25,378.1
1993-05-26,374.7
1993-05-27,381.7
1993-05-28,377.0
1993-05-31,378.75
1993-06-01,375.25
1993-06-02,368.8
1993-06-03,373.6
1993-06-04,377.0
1993-06-07,373.8
1993-06-08,373.5
1993-06-09,370.7
1993-06-10,368.7
1993-06-11,365.0
1993-06-14,365.0
1993-06-15,368.8
1993-06-16,369.7
1993-06-17,370.0
1993-06-18,370.9
1993-06-21,369.9
1993-06-22,368.5
1993-06-23,372.9
1993-06-24,374.2
1993-06-25,376.2
1993-06-28,375.0
1993-06-29,377.9
1993-06-30,377.5
1993-07-01,387.3
1993-07-02,385.2
1993-07-05,387.5
1993-07-06,391.0
1993-07-07,397.0
1993-07-08,394.0
1993-07-09,391.2
1993-07-12,394.0
1993-07-13,393.7
1993-07-14,389.6
1993-07-15,393.2
1993-07-16,392.3
1993-07-19,392.9
1993-07-20,391.8
1993-07-21,389.0
1993-07-22,390.7
1993-07-23,389.4
1993-07-26,392.1
1993-07-27,390.8
1993-07-28,395.0
1993-07-29,394.2
1993-07-30,407.0
1993-08-02,405.5
1993-08-03,403.0
1993-08-04,399.3
1993-08-05,377.5
1993-08-06,376.9
1993-08-09,381.8
1993-08-10,381.0
1993-08-11,375.25
1993-08-12,367.0
1993-08-13,369.5
1993-08-16,373.25
1993-08-17,371.0
1993-08-18,373.5
1993-08-19,371.8
1993-08-20,373.2
1993-08-23,372.5
1993-08-24,372.0
1993-08-25,372.5
1993-08-26,368.0
1993-08-27,369.1
1993-08-30,370.2
1993-08-31,371.2
1993-09-01,369.7
1993-09-02,364.0
1993-09-03,362.6
1993-09-06,364.15
1993-09-07,349.8
1993-09-08,350.9
1993-09-09,353.9
1993-09-10,350.0
1993-09-13,342.9
1993-09-14,344.8
1993-09-15,347.9
1993-09-16,352.2
1993-09-17,350.4
1993-09-20,353.4
1993-09-21,360.3
1993-09-22,353.7
1993-09-23,358.0
1993-09-24,357.4
1993-09-27,353.8
1993-09-28,355.4
1993-09-29,352.8
1993-09-30,354.9
1993-10-01,354.2
1993-10-04,352.8
1993-10-05,352.8
1993-10-06,356.4
1993-10-07,356.7
1993-10-08,358.25
1993-10-11,359.8
1993-10-12,367.7
1993-10-13,365.5
1993-10-14,365.0
1993-10-15,364.5
1993-10-18,368.1
1993-10-19,368.4
1993-10-20,372.4
1993-10-21,371.5
1993-10-22,367.0
1993-10-25,368.5
1993-10-26,369.0
1993-10-27,369.6
1993-10-28,369.0
1993-10-29,368.0
1993-11-01,361.7
1993-11-02,362.5
1993-11-03,367.75
1993-11-04,371.75
1993-11-05,376.8
1993-11-08,374.85
1993-11-09,376.25
1993-11-10,376.6
1993-11-11,376.0
1993-11-12,372.8
1993-11-15,374.9
1993-11-16,374.3
1993-11-17,375.5
1993-11-18,376.0
1993-11-19,377.7
1993-11-22,378.1
1993-11-23,377.1
1993-11-24,377.0
1993-11-25,377.25
1993-11-26,376.75
1993-11-29,369.75
1993-11-30,370.0
1993-12-01,374.4
1993-12-02,373.5
1993-12-03,376.3
1993-12-06,375.1
1993-12-07,377.0
1993-12-08,384.0
1993-12-09,381.5
1993-12-10,383.0
1993-12-13,386.0
1993-12-14,386.7
1993-12-15,387.0
1993-12-16,385.5
1993-12-17,387.0
1993-12-20,389.0
1993-12-21,387.5
1993-12-22,385.0
1993-12-23,385.4
1993-12-24,386.4
1993-12-27,386.7
1993-12-28,387.1
1993-12-29,389.7
1993-12-30,390.9
1993-12-31,390.2
1994-01-03,392.7
1994-01-04,393.7
1994-01-05,391.0
1994-01-06,388.2
1994-01-07,386.3
1994-01-10,384.7
1994-01-11,386.7
1994-01-12,385.9
1994-01-13,389.7
1994-01-14,389.3
1994-01-17,391.6
1994-01-18,392.8
1994-01-19,392.1
1994-01-20,387.0
1994-01-21,380.2
1994-01-24,381.0
1994-01-25,381.7
1994-01-26,383.7
1994-01-27,377.5
1994-01-28,375.8
1994-01-31,381.3
1994-02-01,383.1
1994-02-02,384.75
1994-02-03,386.3
1994-02-04,386.6
1994-02-07,378.5
1994-02-08,382.0
1994-02-09,383.5
1994-02-10,382.0
1994-02-11,380.0
1994-02-14,383.7
1994-02-15,383.75
1994-02-16,383.5
1994-02-17,382.8
1994-02-18,378.1
1994-02-21,378.5
1994-02-22,377.45
1994-02-23,377.5
1994-02-24,377.4
1994-02-25,378.3
1994-02-28,381.25
1994-03-01,378.0
1994-03-02,377.25
1994-03-03,377.0
1994-03-04,377.5
1994-03-07,376.0
1994-03-08,376.5
1994-03-09,379.25
1994-03-10,386.0
1994-03-11,386.0
1994-03-14,386.5
1994-03-15,386.5
1994-03-16,384.75
1994-03-17,382.5
1994-03-18,386.2
1994-03-21,385.5
1994-03-22,389.1
1994-03-23,386.75
1994-03-24,391.3
1994-03-25,390.7
1994-03-28,387.8
1994-03-29,385.75
1994-03-30,385.5
1994-03-31,391.75
1994-04-01,388.5
1994-04-04,387.75
1994-04-05,384.2
1994-04-06,384.5
1994-04-07,384.1
1994-04-08,385.0
1994-04-11,377.5
1994-04-12,378.5
1994-04-13,378.25
1994-04-14,378.5
1994-04-15,377.6
1994-04-18,376.8
1994-04-19,371.0
1994-04-20,372.65
1994-04-21,373.1
1994-04-22,369.8
1994-04-25,373.5
1994-04-26,373.7
1994-04-27,374.0
1994-04-28,375.4
1994-04-29,376.0
1994-05-02,376.0
1994-05-03,375.7
1994-05-04,376.2
1994-05-05,373.5
1994-05-06,383.75
1994-05-09,381.0
1994-05-10,378.65
1994-05-11,381.6
1994-05-12,379.7
1994-05-13,380.5
1994-05-16,382.75
1994-05-17,380.55
1994-05-18,381.8
1994-05-19,381.1
1994-05-20,385.5
1994-05-23,389.2
1994-05-24,386.6
1994-05-25,385.5
1994-05-26,384.05
1994-05-27,384.5
1994-05-30,385.1
1994-05-31,386.8
1994-06-01,383.3
1994-06-02,383.2
1994-06-03,380.3
1994-06-06,380.1
1994-06-07,381.3
1994-06-08,381.5
1994-06-09,382.65
1994-06-10,383.4
1994-06-13,382.5
1994-06-14,384.1
1994-06-15,386.75
1994-06-16,385.5
1994-06-17,392.4
1994-06-20,389.15
1994-06-21,393.45
1994-06-22,389.6
1994-06-23,389.8
1994-06-24,392.0
1994-06-27,384.7
1994-06-28,385.5
1994-06-29,384.3
1994-06-30,385.8
1994-07-01,386.7
1994-07-04,386.7
1994-07-05,385.6
1994-07-06,383.5
1994-07-07,384.5
1994-07-08,384.0
1994-07-11,387.0
1994-07-12,385.4
1994-07-13,383.2
1994-07-14,384.3
1994-07-15,384.8
1994-07-18,385.0
1994-07-19,386.5
1994-07-20,385.5
1994-07-21,386.0
1994-07-22,384.1
1994-07-25,384.6
1994-07-26,386.85
1994-07-27,387.75
1994-07-28,385.6
1994-07-29,383.4
1994-08-01,383.25
1994-08-02,378.3
1994-08-03,377.5
1994-08-04,377.4
1994-08-05,378.0
1994-08-08,377.15
1994-08-09,377.85
1994-08-10,378.0
1994-08-11,378.7
1994-08-12,376.3
1994-08-15,377.3
1994-08-16,377.65
1994-08-17,377.3
1994-08-18,380.7
1994-08-19,382.05
1994-08-22,381.45
1994-08-23,381.6
1994-08-24,385.0
1994-08-25,383.2
1994-08-26,383.3
1994-08-29,387.1
1994-08-30,386.1
1994-08-31,385.9
1994-09-01,386.5
1994-09-02,387.0
1994-09-05,386.95
1994-09-06,387.3
1994-09-07,389.65
1994-09-08,390.05
1994-09-09,391.5
1994-09-12,390.6
1994-09-13,390.1
1994-09-14,388.8
1994-09-15,387.7
1994-09-16,389.5
1994-09-19,389.7
1994-09-20,393.6
1994-09-21,393.9
1994-09-22,393.9
1994-09-23,395.8
1994-09-26,394.3
1994-09-27,397.35
1994-09-28,394.2
1994-09-29,395.0
1994-09-30,394.1
1994-10-03,394.6
1994-10-04,392.2
1994-10-05,391.6
1994-10-06,392.0
1994-10-07,390.7
1994-10-10,390.5
1994-10-11,387.2
1994-10-12,387.8
1994-10-13,386.4
1994-10-14,387.5
1994-10-17,389.6
1994-10-18,389.75
1994-10-19,390.15
1994-10-20,390.75
1994-10-21,390.5
1994-10-24,389.2
1994-10-25,389.1
1994-10-26,389.0
1994-10-27,388.4
1994-10-28,387.3
1994-10-31,383.6
1994-11-01,384.2
1994-11-02,384.1
1994-11-03,383.1
1994-11-04,383.5
1994-11-07,382.15
1994-11-08,383.85
1994-11-09,384.0
1994-11-10,384.85
1994-11-11,384.7
1994-11-14,384.5
1994-11-15,386.3
1994-11-16,386.0
1994-11-17,385.3
1994-11-18,383.7
1994-11-21,383.15
1994-11-22,383.8
1994-11-23,384.4
1994-11-24,384.2
1994-11-25,384.7
1994-11-28,383.15
1994-11-29,382.95
1994-11-30,381.15
1994-12-01,379.2
1994-12-02,377.8
1994-12-05,375.85
1994-12-06,376.2
1994-12-07,376.4
1994-12-08,376.9
1994-12-09,377.2
1994-12-12,377.8
1994-12-13,377.8
1994-12-14,378.9
1994-12-15,380.25
1994-12-16,378.5
1994-12-19,379.6
1994-12-20,381.6
1994-12-21,381.6
1994-12-22,380.9
1994-12-23,380.2
1994-12-26,380.5
1994-12-27,381.3
1994-12-28,383.35
1994-12-29,382.35
1994-12-30,382.7
1995-01-02,382.9
1995-01-03,379.6
1995-01-04,374.15
1995-01-05,375.35
1995-01-06,374.4
1995-01-09,373.0
1995-01-10,374.4
1995-01-11,376.25
1995-01-12,380.5
1995-01-13,378.3
1995-01-16,377.25
1995-01-17,379.7
1995-01-18,381.9
1995-01-19,383.0
1995-01-20,384.7
1995-01-23,380.9
1995-01-24,381.3
1995-01-25,380.7
1995-01-26,381.4
1995-01-27,374.5
1995-01-30,376.4
1995-01-31,374.75
1995-02-01,375.9
1995-02-02,376.2
1995-02-03,375.9
1995-02-06,375.4
1995-02-07,374.25
1995-02-08,375.35
1995-02-09,375.8
1995-02-10,375.8
1995-02-13,375.25
1995-02-14,375.9
1995-02-15,376.15
1995-02-16,376.25
1995-02-17,378.2
1995-02-20,379.1
1995-02-21,378.25
1995-02-22,379.3
1995-02-23,379.0
1995-02-24,375.4
1995-02-27,376.05
1995-02-28,376.6
1995-03-01,374.7
1995-03-02,376.4
1995-03-03,376.3
1995-03-06,378.6
1995-03-07,383.7
1995-03-08,379.5
1995-03-09,381.15
1995-03-10,381.8
1995-03-13,385.0
1995-03-14,385.5
1995-03-15,386.0
1995-03-16,384.4
1995-03-17,383.25
1995-03-20,382.55
1995-03-21,381.75
1995-03-22,382.35
1995-03-23,383.5
1995-03-24,381.8
1995-03-27,381.55
1995-03-28,382.4
1995-03-29,381.9
1995-03-30,385.8
1995-03-31,390.7
1995-04-03,391.5
1995-04-04,391.1
1995-04-05,394.4
1995-04-06,393.15
1995-04-07,392.4
1995-04-10,389.3
1995-04-11,390.3
1995-04-12,389.7
1995-04-13,388.9
1995-04-14,391.0
1995-04-17,393.4
1995-04-18,394.85
1995-04-19,395.4
1995-04-20,391.5
1995-04-21,389.9
1995-04-24,390.3
1995-04-25,389.8
1995-04-26,388.8
1995-04-27,388.0
1995-04-28,386.0
1995-05-01,387.6
1995-05-02,388.9
1995-05-03,388.9
1995-05-04,391.8
1995-05-05,390.8
1995-05-08,389.5
1995-05-09,383.0
1995-05-10,383.5
1995-05-11,383.3
1995-05-12,383.1
1995-05-15,384.5
1995-05-16,384.5
1995-05-17,383.0
1995-05-18,383.2
1995-05-19,382.0
1995-05-22,381.7
1995-05-23,382.7
1995-05-24,383.6
1995-05-25,384.9
1995-05-26,386.6
1995-05-29,386.75
1995-05-30,384.0
1995-05-31,383.8
1995-06-01,384.1
1995-06-02,383.5
1995-06-05,384.2
1995-06-06,384.3
1995-06-07,385.8
1995-06-08,385.9
1995-06-09,388.3
1995-06-12,387.0
1995-06-13,386.0
1995-06-14,387.7
1995-06-15,390.0
1995-06-16,389.6
1995-06-19,391.1
1995-06-20,390.4
1995-06-21,390.0
1995-06-22,389.0
1995-06-23,389.7
1995-06-26,389.3
1995-06-27,389.0
1995-06-28,387.5
1995-06-29,387.6
1995-06-30,383.8
1995-07-03,384.5
1995-07-04,384.7
1995-07-05,383.6
1995-07-06,384.1
1995-07-07,385.7
1995-07-10,385.4
1995-07-11,385.4
1995-07-12,388.9
1995-07-13,388.0
1995-07-14,388.5
1995-07-17,388.9
1995-07-18,389.0
1995-07-19,390.3
1995-07-20,385.6
1995-07-21,386.1
1995-07-24,386.75
1995-07-25,385.8
1995-07-26,386.0
1995-07-27,382.9
1995-07-28,382.8
1995-07-31,382.45
1995-08-01,382.2
1995-08-02,382.8
1995-08-03,384.3
1995-08-04,383.4
1995-08-07,383.7
1995-08-08,384.5
1995-08-09,384.4
1995-08-10,384.0
1995-08-11,383.5
1995-08-14,384.2
1995-08-15,384.9
1995-08-16,382.8
1995-08-17,383.6
1995-08-18,384.4
1995-08-21,384.3
1995-08-22,382.9
1995-08-23,383.3
1995-08-24,382.9
1995-08-25,383.0
1995-08-28,383.0
1995-08-29,382.1
1995-08-30,381.3
1995-08-31,382.5
1995-09-01,380.4
1995-09-04,379.7
1995-09-05,379.8
1995-09-06,379.85
1995-09-07,382.4
1995-09-08,381.5
1995-09-11,382.4
1995-09-12,384.8
1995-09-13,384.0
1995-09-14,385.25
1995-09-15,384.3
1995-09-18,385.5
1995-09-19,385.1
1995-09-20,383.6
1995-09-21,384.1
1995-09-22,382.4
1995-09-25,382.6
1995-09-26,383.3
1995-09-27,383.0
1995-09-28,383.1
1995-09-29,383.3
1995-10-02,381.6
1995-10-03,382.1
1995-10-04,382.4
1995-10-05,382.2
1995-10-06,383.1
1995-10-09,384.9
1995-10-10,384.7
1995-10-11,384.6
1995-10-12,384.2
1995-10-13,384.0
1995-10-16,383.4
1995-10-17,383.4
1995-10-18,383.45
1995-10-19,381.2
1995-10-20,382.1
1995-10-23,382.2
1995-10-24,382.2
1995-10-25,382.5
1995-10-26,382.4
1995-10-27,382.05
1995-10-30,382.0
1995-10-31,382.5
1995-11-01,382.0
1995-11-02,382.4
1995-11-03,382.1
1995-11-06,382.2
1995-11-07,384.85
1995-11-08,384.6
1995-11-09,386.0
1995-11-10,389.2
1995-11-13,387.05
1995-11-14,385.0
1995-11-15,384.4
1995-11-16,385.25
1995-11-17,386.8
1995-11-20,386.4
1995-11-21,384.9
1995-11-22,382.6
1995-11-23,382.75
1995-11-24,383.4
1995-11-27,384.9
1995-11-28,388.5
1995-11-29,388.55
1995-11-30,387.9
1995-12-01,385.95
1995-12-04,385.8
1995-12-05,386.65
1995-12-06,388.35
1995-12-07,388.6
1995-12-08,389.0
1995-12-11,388.15
1995-12-12,387.9
1995-12-13,386.1
1995-12-14,385.75
1995-12-15,386.0
1995-12-18,387.4
1995-12-19,387.1
1995-12-20,388.5
1995-12-21,387.4
1995-12-22,387.0
1995-12-26,387.35
1995-12-27,386.45
1995-12-28,386.55
1995-12-29,386.85
1996-01-01,386.85
1996-01-02,386.6
1996-01-03,393.4
1996-01-04,394.4
1996-01-05,396.0
1996-01-08,396.4
1996-01-09,395.65
1996-01-10,399.7
1996-01-11,398.2
1996-01-12,397.2
1996-01-15,395.25
1996-01-16,398.0
1996-01-17,398.9
1996-01-18,396.5
1996-01-19,399.2
1996-01-22,403.0
1996-01-23,403.0
1996-01-24,403.25
1996-01-25,406.3
1996-01-26,405.9
1996-01-29,405.4
1996-01-30,404.0
1996-01-31,405.6
1996-02-01,410.5
1996-02-02,415.1
1996-02-05,413.15
1996-02-06,411.9
1996-02-07,408.8
1996-02-08,409.25
1996-02-09,405.0
1996-02-12,400.95
1996-02-13,402.6
1996-02-14,404.0
1996-02-15,403.0
1996-02-16,405.2
1996-02-19,405.4
1996-02-20,399.0
1996-02-21,398.6
1996-02-22,399.5
1996-02-23,398.0
1996-02-26,398.9
1996-02-27,397.45
1996-02-28,400.05
1996-02-29,399.45
1996-03-01,398.5
1996-03-04,393.6
1996-03-05,393.2
1996-03-06,393.0
1996-03-07,394.5
1996-03-08,396.85
1996-03-11,395.9
1996-03-12,395.95
1996-03-13,396.4
1996-03-14,395.0
1996-03-15,395.85
1996-03-18,395.4
1996-03-19,395.1
1996-03-20,395.5
1996-03-21,397.75
1996-03-22,398.1
1996-03-25,398.15
1996-03-26,399.4
1996-03-27,399.55
1996-03-28,396.3
1996-03-29,395.1
1996-04-01,394.4
1996-04-02,393.4
1996-04-03,394.0
1996-04-04,394.55
1996-04-05,393.3
1996-04-08,397.65
1996-04-09,394.3
1996-04-10,394.6
1996-04-11,395.5
1996-04-12,394.4
1996-04-15,392.9
1996-04-16,391.2
1996-04-17,390.75
1996-04-18,390.05
1996-04-19,390.4
1996-04-22,391.3
1996-04-23,391.2
1996-04-24,390.35
1996-04-25,393.1
1996-04-26,390.1
1996-04-29,390.9
1996-04-30,391.4
1996-05-01,392.8
1996-05-02,393.8
1996-05-03,392.0
1996-05-06,393.8
1996-05-07,393.8
1996-05-08,392.8
1996-05-09,392.6
1996-05-10,391.0
1996-05-13,391.2
1996-05-14,391.7
1996-05-15,392.2
1996-05-16,392.4
1996-05-17,392.2
1996-05-20,390.6
1996-05-21,390.8
1996-05-22,391.4
1996-05-23,391.3
1996-05-24,390.65
1996-05-27,390.8
1996-05-28,391.25
1996-05-29,391.0
1996-05-30,390.6
1996-05-31,390.8
1996-06-03,390.1
1996-06-04,389.9
1996-06-05,386.15
1996-06-06,385.9
1996-06-07,385.05
1996-06-10,385.9
1996-06-11,384.3
1996-06-12,384.3
1996-06-13,384.1
1996-06-14,384.65
1996-06-17,384.9
1996-06-18,385.35
1996-06-19,384.25
1996-06-20,384.3
1996-06-21,384.75
1996-06-24,384.8
1996-06-25,383.6
1996-06-26,383.0
1996-06-27,381.9
1996-06-28,380.2
1996-07-01,381.2
1996-07-02,382.0
1996-07-03,381.2
1996-07-04,380.9
1996-07-05,381.45
1996-07-08,380.9
1996-07-09,382.4
1996-07-10,382.2
1996-07-11,383.55
1996-07-12,383.4
1996-07-15,384.3
1996-07-16,383.3
1996-07-17,383.25
1996-07-18,383.5
1996-07-19,384.7
1996-07-22,384.3
1996-07-23,384.5
1996-07-24,385.2
1996-07-25,384.95
1996-07-26,385.0
1996-07-29,384.3
1996-07-30,384.35
1996-07-31,385.4
1996-08-01,386.3
1996-08-02,387.05
1996-08-05,389.0
1996-08-06,388.5
1996-08-07,388.1
1996-08-08,388.2
1996-08-09,387.4
1996-08-12,387.4
1996-08-13,387.3
1996-08-14,386.5
1996-08-15,386.4
1996-08-16,385.9
1996-08-19,386.9
1996-08-20,387.4
1996-08-21,386.6
1996-08-22,387.2
1996-08-23,387.9
1996-08-26,389.2
1996-08-27,388.95
1996-08-28,387.9
1996-08-29,387.5
1996-08-30,386.1
1996-09-02,386.65
1996-09-03,386.2
1996-09-04,385.3
1996-09-05,385.5
1996-09-06,384.6
1996-09-09,383.4
1996-09-10,383.0
1996-09-11,382.6
1996-09-12,382.45
1996-09-13,382.25
1996-09-16,382.95
1996-09-17,382.8
1996-09-18,383.05
1996-09-19,382.2
1996-09-20,381.0
1996-09-23,381.45
1996-09-24,382.6
1996-09-25,382.4
1996-09-26,380.7
1996-09-27,380.15
1996-09-30,378.5
1996-10-01,378.5
1996-10-02,380.3
1996-10-03,380.1
1996-10-04,380.05
1996-10-07,380.05
1996-10-08,381.0
1996-10-09,381.1
1996-10-10,382.5
1996-10-11,381.0
1996-10-14,381.35
1996-10-15,381.0
1996-10-16,380.8
1996-10-17,380.35
1996-10-18,380.0
1996-10-21,382.0
1996-10-22,383.9
1996-10-23,383.7
1996-10-24,382.85
1996-10-25,382.55
1996-10-28,382.75
1996-10-29,379.9
1996-10-30,380.15
1996-10-31,377.7
1996-11-01,378.0
1996-11-04,378.6
1996-11-05,379.15
1996-11-06,377.6
1996-11-07,379.1
1996-11-08,379.3
1996-11-11,381.6
1996-11-12,382.2
1996-11-13,382.95
1996-11-14,381.1
1996-11-15,380.05
1996-11-18,378.8
1996-11-19,377.5
1996-11-20,378.1
1996-11-21,376.5
1996-11-22,375.9
1996-11-25,374.0
1996-11-26,374.8
1996-11-27,373.2
1996-11-28,372.5
1996-11-29,371.2
1996-12-02,368.0
1996-12-03,368.4
1996-12-04,369.5
1996-12-05,370.8
1996-12-06,368.7
1996-12-09,367.9
1996-12-10,368.4
1996-12-11,368.8
1996-12-12,368.9
1996-12-13,368.45
1996-12-16,367.85
1996-12-17,368.4
1996-12-18,369.0
1996-12-19,368.8
1996-12-20,368.5
1996-12-23,368.45
1996-12-24,368.5
1996-12-25,368.5
1996-12-26,369.0
1996-12-27,369.5
1996-12-30,369.3
1996-12-31,367.45
1997-01-01,367.3
1997-01-02,365.15
1997-01-03,360.8
1997-01-06,357.5
1997-01-07,358.5
1997-01-08,355.6
1997-01-09,357.55
1997-01-10,358.8
1997-01-13,358.3
1997-01-14,355.5
1997-01-15,353.0
1997-01-16,353.8
1997-01-17,355.2
1997-01-20,353.2
1997-01-21,352.7
1997-01-22,350.5
1997-01-23,351.5
1997-01-24,352.3
1997-01-27,356.25
1997-01-28,353.0
1997-01-29,351.0
1997-01-30,345.4
1997-01-31,344.1
1997-02-03,346.4
1997-02-04,343.95
1997-02-05,344.0
1997-02-06,342.8
1997-02-07,342.8
1997-02-10,340.9
1997-02-11,339.6
1997-02-12,343.1
1997-02-13,340.7
1997-02-14,344.5
1997-02-17,344.0
1997-02-18,345.4
1997-02-19,345.65
1997-02-20,350.3
1997-02-21,351.9
1997-02-24,352.6
1997-02-25,354.0
1997-02-26,353.4
1997-02-27,358.4
1997-02-28,363.0
1997-03-03,362.0
1997-03-04,358.5
1997-03-05,352.5
1997-03-06,351.9
1997-03-07,348.3
1997-03-10,351.6
1997-03-11,353.5
1997-03-12,351.7
1997-03-13,353.1
1997-03-14,352.0
1997-03-17,347.5
1997-03-18,349.1
1997-03-19,351.7
1997-03-20,351.3
1997-03-21,352.6
1997-03-24,349.75
1997-03-25,347.3
1997-03-26,350.3
1997-03-27,349.2
1997-03-28,349.2
1997-03-31,350.8
1997-04-01,351.7
1997-04-02,349.5
1997-04-03,348.5
1997-04-04,348.5
1997-04-07,347.8
1997-04-08,348.3
1997-04-09,347.4
1997-04-10,348.4
1997-04-11,346.6
1997-04-14,346.1
1997-04-15,341.7
1997-04-16,341.05
1997-04-17,342.3
1997-04-18,341.2
1997-04-21,342.7
1997-04-22,341.1
1997-04-23,341.5
1997-04-24,340.5
1997-04-25,341.9
1997-04-28,339.25
1997-04-29,339.7
1997-04-30,339.1
1997-05-01,340.3
1997-05-02,339.7
1997-05-05,342.7
1997-05-06,340.0
1997-05-07,340.8
1997-05-08,343.5
1997-05-09,347.8
1997-05-12,347.4
1997-05-13,349.2
1997-05-14,347.2
1997-05-15,347.5
1997-05-16,343.8
1997-05-19,341.5
1997-05-20,342.4
1997-05-21,342.7
1997-05-22,342.4
1997-05-23,342.55
1997-05-26,342.85
1997-05-27,343.85
1997-05-28,344.6
1997-05-29,345.5
1997-05-30,344.5
1997-06-02,343.3
1997-06-03,342.6
1997-06-04,341.0
1997-06-05,343.1
1997-06-06,343.4
1997-06-09,344.0
1997-06-10,343.6
1997-06-11,343.6
1997-06-12,341.2
1997-06-13,340.8
1997-06-16,342.5
1997-06-17,341.3
1997-06-18,339.0
1997-06-19,340.2
1997-06-20,337.2
1997-06-23,339.1
1997-06-24,337.5
1997-06-25,337.1
1997-06-26,338.3
1997-06-27,334.6
1997-06-30,333.7
1997-07-01,333.7
1997-07-02,331.0
1997-07-03,325.0
1997-07-04,324.25
1997-07-07,317.6
1997-07-08,320.0
1997-07-09,318.2
1997-07-10,319.7
1997-07-11,321.1
1997-07-14,319.6
1997-07-15,317.8
1997-07-16,318.0
1997-07-17,323.9
1997-07-18,328.5
1997-07-21,325.3
1997-07-22,325.0
1997-07-23,322.75
1997-07-24,324.0
1997-07-25,326.0
1997-07-28,328.25
1997-07-29,325.7
1997-07-30,325.8
1997-07-31,324.3
1997-08-01,324.4
1997-08-04,323.6
1997-08-05,320.2
1997-08-06,318.3
1997-08-07,321.7
1997-08-08,326.9
1997-08-11,328.2
1997-08-12,326.8
1997-08-13,326.9
1997-08-14,324.2
1997-08-15,325.8
1997-08-18,321.1
1997-08-19,323.0
1997-08-20,321.2
1997-08-21,323.25
1997-08-22,326.2
1997-08-25,324.45
1997-08-26,325.75
1997-08-27,325.2
1997-08-28,323.7
1997-08-29,323.9
1997-09-01,323.9
1997-09-02,322.25
1997-09-03,322.0
1997-09-04,321.4
1997-09-05,322.3
1997-09-08,321.7
1997-09-09,321.25
1997-09-10,321.2
1997-09-11,324.0
1997-09-12,324.0
1997-09-15,322.8
1997-09-16,320.5
1997-09-17,320.0
1997-09-18,320.4
1997-09-19,320.6
1997-09-22,320.7
1997-09-23,321.7
1997-09-24,323.5
1997-09-25,326.5
1997-09-26,326.5
1997-09-29,327.7
1997-09-30,334.0
1997-10-01,333.75
1997-10-02,330.75
1997-10-03,334.6
1997-10-06,332.6
1997-10-07,331.2
1997-10-08,333.0
1997-10-09,327.1
1997-10-10,329.8
1997-10-13,328.2
1997-10-14,327.6
1997-10-15,326.7
1997-10-16,325.4
1997-10-17,323.9
1997-10-20,323.4
1997-10-21,322.65
1997-10-22,322.5
1997-10-23,323.5
1997-10-24,310.1
1997-10-27,311.75
1997-10-28,315.5
1997-10-29,313.6
1997-10-30,316.2
1997-10-31,311.2
1997-11-03,313.2
1997-11-04,313.8
1997-11-05,313.3
1997-11-06,312.6
1997-11-07,310.0
1997-11-10,310.0
1997-11-11,310.0
1997-11-12,307.2
1997-11-13,307.6
1997-11-14,303.0
1997-11-17,303.6
1997-11-18,306.5
1997-11-19,303.8
1997-11-20,302.5
1997-11-21,304.7
1997-11-24,302.7
1997-11-25,300.0
1997-11-26,296.3
1997-11-27,295.75
1997-11-28,296.8
1997-12-01,293.6
1997-12-02,293.7
1997-12-03,292.0
1997-12-04,286.0
1997-12-05,288.0
1997-12-08,287.6
1997-12-09,282.5
1997-12-10,286.5
1997-12-11,283.8
1997-12-12,282.6
1997-12-15,284.1
1997-12-16,284.25
1997-12-17,288.9
1997-12-18,287.1
1997-12-19,288.8
1997-12-22,290.8
1997-12-23,293.8
1997-12-24,296.2
1997-12-26,294.4
1997-12-29,290.8
1997-12-30,290.0
1997-12-31,288.8
1998-01-02,288.2
1998-01-05,281.6
1998-01-06,281.2
1998-01-07,283.6
1998-01-08,280.7
1998-01-09,278.25
1998-01-12,278.1
1998-01-13,282.5
1998-01-14,281.2
1998-01-15,285.3
1998-01-16,289.9
1998-01-19,287.3
1998-01-20,290.2
1998-01-21,292.3
1998-01-22,290.2
1998-01-23,299.4
1998-01-26,296.8
1998-01-27,300.05
1998-01-28,305.25
1998-01-29,302.6
1998-01-30,302.2
1998-02-02,302.7
1998-02-03,295.1
1998-02-04,299.3
1998-02-05,298.4
1998-02-06,297.9
1998-02-09,299.75
1998-02-10,300.2
1998-02-11,299.8
1998-02-12,298.8
1998-02-13,299.6
1998-02-16,298.0
1998-02-17,297.9
1998-02-18,297.6
1998-02-19,298.3
1998-02-20,297.0
1998-02-23,293.2
1998-02-24,291.2
1998-02-25,291.8
1998-02-26,294.4
1998-02-27,299.15
1998-03-02,299.5
1998-03-03,297.9
1998-03-04,295.8
1998-03-05,293.4
1998-03-06,294.2
1998-03-09,294.1
1998-03-10,295.7
1998-03-11,294.2
1998-03-12,294.3
1998-03-13,294.6
1998-03-16,294.3
1998-03-17,291.7
1998-03-18,290.9
1998-03-19,291.3
1998-03-20,291.5
1998-03-23,298.7
1998-03-24,299.4
1998-03-25,298.8
1998-03-26,301.3
1998-03-27,302.6
1998-03-30,301.0
1998-03-31,300.7
1998-04-01,299.5
1998-04-02,302.0
1998-04-03,308.0
1998-04-06,308.8
1998-04-07,309.3
1998-04-08,308.9
1998-04-09,308.2
1998-04-10,310.3
1998-04-13,310.9
1998-04-14,308.0
1998-04-15,307.0
1998-04-16,307.9
1998-04-17,307.5
1998-04-20,307.7
1998-04-21,310.4
1998-04-22,313.0
1998-04-23,313.8
1998-04-24,312.4
1998-04-27,309.4
1998-04-28,307.7
1998-04-29,310.0
1998-04-30,306.4
1998-05-01,302.0
1998-05-04,304.1
1998-05-05,303.1
1998-05-06,300.5
1998-05-07,298.55
1998-05-08,299.6
1998-05-11,300.1
1998-05-12,297.8
1998-05-13,298.2
1998-05-14,298.8
1998-05-15,301.0
1998-05-18,299.3
1998-05-19,298.4
1998-05-20,299.2
1998-05-21,300.7
1998-05-22,299.6
1998-05-25,299.5
1998-05-26,295.3
1998-05-27,293.6
1998-05-28,293.1
1998-05-29,292.7
1998-06-01,288.2
1998-06-02,290.9
1998-06-03,292.9
1998-06-04,292.5
1998-06-05,291.4
1998-06-08,296.0
1998-06-09,293.4
1998-06-10,293.0
1998-06-11,286.6
1998-06-12,285.75
1998-06-15,284.6
1998-06-16,288.4
1998-06-17,293.2
1998-06-18,293.0
1998-06-19,299.0
1998-06-22,295.5
1998-06-23,294.8
1998-06-24,292.6
1998-06-25,293.6
1998-06-26,293.6
1998-06-29,293.4
1998-06-30,296.7
1998-07-01,296.2
1998-07-02,293.8
1998-07-03,294.5
1998-07-06,293.0
1998-07-07,294.7
1998-07-08,293.3
1998-07-09,291.85
1998-07-10,290.6
1998-07-13,291.4
1998-07-14,293.1
1998-07-15,293.7
1998-07-16,293.2
1998-07-17,294.25
1998-07-20,295.6
1998-07-21,294.7
1998-07-22,293.9
1998-07-23,293.3
1998-07-24,290.9
1998-07-27,290.0
1998-07-28,291.5
1998-07-29,289.8
1998-07-30,288.75
1998-07-31,286.4
1998-08-03,283.6
1998-08-04,288.1
1998-08-05,287.5
1998-08-06,287.1
1998-08-07,286.4
1998-08-10,287.1
1998-08-11,283.9
1998-08-12,282.7
1998-08-13,285.1
1998-08-14,283.8
1998-08-17,284.8
1998-08-18,284.7
1998-08-19,283.1
1998-08-20,284.9
1998-08-21,284.5
1998-08-24,284.4
1998-08-25,282.75
1998-08-26,282.0
1998-08-27,276.3
1998-08-28,274.1
1998-08-31,275.3
1998-09-01,278.6
1998-09-02,279.9
1998-09-03,284.7
1998-09-04,286.6
1998-09-07,288.2
1998-09-08,285.8
1998-09-09,284.0
1998-09-10,290.2
1998-09-11,293.5
1998-09-14,290.1
1998-09-15,289.7
1998-09-16,287.4
1998-09-17,290.7
1998-09-18,291.2
1998-09-21,288.7
1998-09-22,287.4
1998-09-23,289.3
1998-09-24,293.6
1998-09-25,293.9
1998-09-28,295.6
1998-09-29,294.4
1998-09-30,296.7
1998-10-01,299.6
1998-10-02,300.3
1998-10-05,297.0
1998-10-06,296.0
1998-10-07,300.8
1998-10-08,299.8
1998-10-09,296.5
1998-10-12,296.0
1998-10-13,296.3
1998-10-14,295.6
1998-10-15,298.2
1998-10-16,299.7
1998-10-19,295.9
1998-10-20,296.0
1998-10-21,295.0
1998-10-22,292.0
1998-10-23,292.7
1998-10-26,292.0
1998-10-27,293.4
1998-10-28,292.7
1998-10-29,293.4
1998-10-30,292.3
1998-11-02,289.7
1998-11-03,288.7
1998-11-04,290.7
1998-11-05,293.7
1998-11-06,292.8
1998-11-09,292.2
1998-11-10,293.2
1998-11-11,293.0
1998-11-12,296.5
1998-11-13,295.6
1998-11-16,294.7
1998-11-17,294.0
1998-11-18,297.4
1998-11-19,295.3
1998-11-20,295.2
1998-11-23,295.75
1998-11-24,296.0
1998-11-25,296.4
1998-11-26,296.3
1998-11-27,295.6
1998-11-30,292.7
1998-12-01,293.1
1998-12-02,292.8
1998-12-03,291.8
1998-12-04,292.3
1998-12-07,294.9
1998-12-08,293.1
1998-12-09,293.8
1998-12-10,294.0
1998-12-11,290.3
1998-12-14,291.1
1998-12-15,292.6
1998-12-16,295.0
1998-12-17,291.4
1998-12-18,288.8
1998-12-21,288.6
1998-12-22,287.85
1998-12-23,285.8
1998-12-24,286.3
1998-12-25,286.5
1998-12-28,286.5
1998-12-29,286.5
1998-12-30,286.9
1998-12-31,288.0
1999-01-04,287.1
1999-01-05,286.7
1999-01-06,287.5
1999-01-07,291.3
1999-01-08,291.7
1999-01-11,292.7
1999-01-12,287.8
1999-01-13,286.1
1999-01-14,286.7
1999-01-15,286.8
1999-01-18,286.5
1999-01-19,286.3
1999-01-20,287.0
1999-01-21,287.5
1999-01-22,286.3
1999-01-25,287.6
1999-01-26,285.7
1999-01-27,283.1
1999-01-28,284.7
1999-01-29,286.0
1999-02-01,288.5
1999-02-02,289.3
1999-02-03,287.3
1999-02-04,289.1
1999-02-05,288.8
1999-02-08,289.3
1999-02-09,287.1
1999-02-10,287.0
1999-02-11,287.4
1999-02-12,289.3
1999-02-15,289.3
1999-02-16,284.8
1999-02-17,284.6
1999-02-18,285.9
1999-02-19,287.9
1999-02-22,286.9
1999-02-23,287.0
1999-02-24,287.1
1999-02-25,287.6
1999-02-26,285.8
1999-03-01,286.4
1999-03-02,286.5
1999-03-03,286.9
1999-03-04,287.7
1999-03-05,287.9
1999-03-08,291.3
1999-03-09,291.7
1999-03-10,292.6
1999-03-11,294.1
1999-03-12,292.1
1999-03-15,286.4
1999-03-16,283.1
1999-03-17,283.2
1999-03-18,282.8
1999-03-19,283.05
1999-03-22,284.1
1999-03-23,284.3
1999-03-24,283.8
1999-03-25,282.7
1999-03-26,279.5
1999-03-29,280.1
1999-03-30,279.0
1999-03-31,279.8
1999-04-01,280.2
1999-04-02,280.4
1999-04-05,278.2
1999-04-06,279.7
1999-04-07,280.3
1999-04-08,280.6
1999-04-09,281.7
1999-04-12,282.6
1999-04-13,283.55
1999-04-14,281.25
1999-04-15,283.75
1999-04-16,283.7
1999-04-19,284.6
1999-04-20,284.2
1999-04-21,283.6
1999-04-22,283.6
1999-04-23,283.3
1999-04-26,281.15
1999-04-27,282.0
1999-04-28,282.7
1999-04-29,285.9
1999-04-30,285.6
1999-05-03,286.1
1999-05-04,285.15
1999-05-05,287.2
1999-05-06,288.4
1999-05-07,281.6
1999-05-10,277.6
1999-05-11,278.0
1999-05-12,276.8
1999-05-13,277.4
1999-05-14,275.7
1999-05-17,274.4
1999-05-18,274.5
1999-05-19,272.8
1999-05-20,274.2
1999-05-21,272.5
1999-05-24,272.2
1999-05-25,270.0
1999-05-26,268.9
1999-05-27,270.1
1999-05-28,269.8
1999-06-01,267.4
1999-06-02,265.2
1999-06-03,265.9
1999-06-04,264.9
1999-06-07,265.25
1999-06-08,261.2
1999-06-09,259.1
1999-06-10,258.3
1999-06-11,259.05
1999-06-14,260.2
1999-06-15,259.2
1999-06-16,258.1
1999-06-17,258.2
1999-06-18,259.3
1999-06-21,258.7
1999-06-22,258.3
1999-06-23,260.05
1999-06-24,260.8
1999-06-25,259.2
1999-06-28,260.9
1999-06-29,260.9
1999-06-30,262.25
1999-07-01,263.2
1999-07-02,263.0
1999-07-05,261.9
1999-07-06,256.7
1999-07-07,256.9
1999-07-08,256.5
1999-07-09,256.9
1999-07-12,255.4
1999-07-13,255.6
1999-07-14,254.0
1999-07-15,253.9
1999-07-16,253.7
1999-07-19,252.9
1999-07-20,253.1
1999-07-21,255.2
1999-07-22,255.5
1999-07-23,254.4
1999-07-26,253.7
1999-07-27,253.6
1999-07-28,253.9
1999-07-29,256.5
1999-07-30,255.7
1999-08-02,254.9
1999-08-03,255.9
1999-08-04,255.9
1999-08-05,255.4
1999-08-06,256.0
1999-08-09,256.8
1999-08-10,257.3
1999-08-11,259.7
1999-08-12,260.3
1999-08-13,260.4
1999-08-16,259.9
1999-08-17,261.2
1999-08-18,259.1
1999-08-19,258.4
1999-08-20,257.1
1999-08-23,254.2
1999-08-24,252.5
1999-08-25,252.2
1999-08-26,252.5
1999-08-27,253.4
1999-08-30,253.8
1999-08-31,255.4
1999-09-01,253.7
1999-09-02,255.2
1999-09-03,254.0
1999-09-06,254.5
1999-09-07,255.7
1999-09-08,256.1
1999-09-09,256.9
1999-09-10,256.3
1999-09-13,256.55
1999-09-14,257.0
1999-09-15,256.3
1999-09-16,256.2
1999-09-17,255.1
1999-09-20,254.8
1999-09-21,260.6
1999-09-22,264.0
1999-09-23,266.0
1999-09-24,268.4
1999-09-27,281.9
1999-09-28,307.9
1999-09-29,302.0
1999-09-30,297.7
1999-10-01,304.0
1999-10-04,315.8
1999-10-05,324.0
1999-10-06,324.0
1999-10-07,322.3
1999-10-08,320.0
1999-10-11,318.2
1999-10-12,316.2
1999-10-13,319.8
1999-10-14,312.9
1999-10-15,314.7
1999-10-18,309.7
1999-10-19,307.6
1999-10-20,305.3
1999-10-21,303.5
1999-10-22,301.2
1999-10-25,298.5
1999-10-26,288.4
1999-10-27,291.6
1999-10-28,298.4
1999-10-29,298.2
1999-11-01,289.5
1999-11-02,290.5
1999-11-03,291.3
1999-11-04,291.0
1999-11-05,288.7
1999-11-08,290.6
1999-11-09,291.6
1999-11-10,297.8
1999-11-11,293.3
1999-11-12,290.6
1999-11-15,291.0
1999-11-16,293.8
1999-11-17,294.0
1999-11-18,293.7
1999-11-19,294.5
1999-11-22,294.0
1999-11-23,297.7
1999-11-24,298.9
1999-11-25,298.0
1999-11-26,297.8
1999-11-29,290.6
1999-11-30,290.1
1999-12-01,289.2
1999-12-02,284.5
1999-12-03,279.3
1999-12-06,275.7
1999-12-07,283.0
1999-12-08,281.8
1999-12-09,278.1
1999-12-10,278.8
1999-12-13,279.25
1999-12-14,279.8
1999-12-15,282.4
1999-12-16,280.9
1999-12-17,283.3
1999-12-20,283.8
1999-12-21,286.75
1999-12-22,286.3
1999-12-23,286.0
1999-12-24,287.25
1999-12-27,287.5
1999-12-28,289.3
1999-12-29,290.2
1999-12-30,287.8
1999-12-31,287.5
2000-01-03,288.5
2000-01-04,282.0
2000-01-05,280.75
2000-01-06,281.0
2000-01-07,281.5
2000-01-10,281.1
2000-01-11,283.0
2000-01-12,282.1
2000-01-13,283.9
2000-01-14,283.4
2000-01-17,285.1
2000-01-18,288.4
2000-01-19,289.2
2000-01-20,288.1
2000-01-21,288.7
2000-01-24,287.2
2000-01-25,286.8
2000-01-26,285.6
2000-01-27,286.8
2000-01-28,282.8
2000-01-31,283.1
2000-02-01,282.4
2000-02-02,284.5
2000-02-03,286.6
2000-02-04,299.8
2000-02-07,302.0
2000-02-08,298.1
2000-02-09,305.6
2000-02-10,315.2
2000-02-11,310.2
2000-02-14,306.5
2000-02-15,302.3
2000-02-16,301.5
2000-02-17,300.25
2000-02-18,303.8
2000-02-21,305.0
2000-02-22,304.8
2000-02-23,299.3
2000-02-24,298.1
2000-02-25,291.9
2000-02-28,291.75
2000-02-29,291.75
2000-03-01,290.5
2000-03-02,287.45
2000-03-03,288.3
2000-03-06,287.4
2000-03-07,291.5
2000-03-08,288.0
2000-03-09,290.75
2000-03-10,288.6
2000-03-13,290.0
2000-03-14,288.55
2000-03-15,288.5
2000-03-16,286.0
2000-03-17,283.75
2000-03-20,285.3
2000-03-21,289.0
2000-03-22,287.2
2000-03-23,284.6
2000-03-24,284.4
2000-03-27,280.7
2000-03-28,279.25
2000-03-29,276.0
2000-03-30,276.25
2000-03-31,278.4
2000-04-03,277.9
2000-04-04,283.75
2000-04-05,281.0
2000-04-06,279.8
2000-04-07,279.7
2000-04-10,281.5
2000-04-11,281.25
2000-04-12,280.5
2000-04-13,280.75
2000-04-14,281.8
2000-04-17,281.5
2000-04-18,280.75
2000-04-19,280.1
2000-04-20,279.7
2000-04-21,279.8
2000-04-24,280.2
2000-04-25,277.5
2000-04-26,274.9
2000-04-27,276.3
2000-04-28,272.9
2000-05-01,273.25
2000-05-02,274.8
2000-05-03,278.0
2000-05-04,279.75
2000-05-05,278.1
2000-05-08,276.7
2000-05-09,277.0
2000-05-10,277.5
2000-05-11,275.9
2000-05-12,275.7
2000-05-15,274.2
2000-05-16,276.4
2000-05-17,272.9
2000-05-18,272.5
2000-05-19,273.5
2000-05-22,275.0
2000-05-23,273.6
2000-05-24,272.8
2000-05-25,269.9
2000-05-26,271.3
2000-05-29,271.65
2000-05-30,272.45
2000-05-31,271.65
2000-06-01,272.25
2000-06-02,280.88
2000-06-05,284.98
2000-06-06,288.6
2000-06-07,286.75
2000-06-08,283.95
2000-06-09,283.35
2000-06-12,286.25
2000-06-13,285.25
2000-06-14,291.25
2000-06-15,289.35
2000-06-16,288.75
2000-06-19,285.5
2000-06-20,285.7
2000-06-21,285.7
2000-06-22,285.15
2000-06-23,282.7
2000-06-26,283.7
2000-06-27,285.55
2000-06-28,291.4
2000-06-29,288.9
2000-06-30,289.6
2000-07-03,287.65
2000-07-04,286.5
2000-07-05,283.65
2000-07-06,283.0
2000-07-07,283.15
2000-07-10,283.4
2000-07-11,281.9
2000-07-12,280.0
2000-07-13,279.75
2000-07-14,280.85
2000-07-17,283.2
2000-07-18,282.15
2000-07-19,278.65
2000-07-20,279.75
2000-07-21,279.85
2000-07-24,278.9
2000-07-25,278.65
2000-07-26,279.25
2000-07-27,278.25
2000-07-28,277.9
2000-07-31,277.0
2000-08-01,276.85
2000-08-02,276.8
2000-08-03,273.5
2000-08-04,272.75
2000-08-07,273.25
2000-08-08,272.95
2000-08-09,271.75
2000-08-10,272.25
2000-08-11,274.65
2000-08-14,274.15
2000-08-15,274.15
2000-08-16,276.8
2000-08-17,277.1
2000-08-18,276.15
2000-08-21,274.75
2000-08-22,273.25
2000-08-23,270.75
2000-08-24,272.7
2000-08-25,273.75
2000-08-28,273.6
2000-08-29,272.85
2000-08-30,273.35
2000-08-31,277.25
2000-09-01,276.35
2000-09-04,276.8
2000-09-05,275.05
2000-09-06,273.45
2000-09-07,273.15
2000-09-08,272.55
2000-09-11,273.0
2000-09-12,272.5
2000-09-13,272.3
2000-09-14,272.15
2000-09-15,272.05
2000-09-18,271.25
2000-09-19,271.75
2000-09-20,268.85
2000-09-21,270.2
2000-09-22,271.65
2000-09-25,273.75
2000-09-26,274.1
2000-09-27,278.0
2000-09-28,275.15
2000-09-29,273.65
2000-10-02,272.9
2000-10-03,271.85
2000-10-04,270.05
2000-10-05,270.35
2000-10-06,269.15
2000-10-09,269.9
2000-10-10,272.1
2000-10-11,270.5
2000-10-12,276.15
2000-10-13,272.15
2000-10-16,271.35
2000-10-17,270.75
2000-10-18,270.15
2000-10-19,270.2
2000-10-20,271.0
2000-10-23,269.65
2000-10-24,269.8
2000-10-25,265.95
2000-10-26,265.1
2000-10-27,264.05
2000-10-30,264.4
2000-10-31,264.6
2000-11-01,263.65
2000-11-02,264.15
2000-11-03,264.7
2000-11-06,264.5
2000-11-07,263.9
2000-11-08,264.9
2000-11-09,265.4
2000-11-10,264.15
2000-11-13,263.95
2000-11-14,264.15
2000-11-15,264.3
2000-11-16,265.35
2000-11-17,265.3
2000-11-20,265.85
2000-11-21,265.45
2000-11-22,266.15
2000-11-23,265.8
2000-11-24,265.45
2000-11-27,269.55
2000-11-28,269.25
2000-11-29,266.45
2000-11-30,268.2
2000-12-01,269.8
2000-12-04,270.9
2000-12-05,270.6
2000-12-06,274.25
2000-12-07,273.5
2000-12-08,272.25
2000-12-11,270.6
2000-12-12,270.55
2000-12-13,268.9
2000-12-14,269.3
2000-12-15,270.4
2000-12-18,269.75
2000-12-19,270.0
2000-12-20,272.8
2000-12-21,273.65
2000-12-22,273.45
2000-12-25,273.8
2000-12-26,273.95
2000-12-27,274.95
2000-12-28,272.3
2000-12-29,271.9
2001-01-02,271.2
2001-01-03,267.75
2001-01-04,267.3
2001-01-05,267.6
2001-01-08,267.95
2001-01-09,267.35
2001-01-10,264.5
2001-01-11,263.95
2001-01-12,263.75
2001-01-15,263.4
2001-01-16,263.05
2001-01-17,263.4
2001-01-18,264.5
2001-01-19,264.6
2001-01-22,266.45
2001-01-23,266.5
2001-01-24,264.5
2001-01-25,264.45
2001-01-26,262.55
2001-01-29,262.8
2001-01-30,265.4
2001-01-31,265.6
2001-02-01,268.1
2001-02-02,267.0
2001-02-05,265.05
2001-02-06,263.15
2001-02-07,262.85
2001-02-08,260.4
2001-02-09,260.15
2001-02-12,261.1
2001-02-13,260.45
2001-02-14,259.4
2001-02-15,255.5
2001-02-16,258.45
2001-02-19,259.4
2001-02-20,256.4
2001-02-21,258.05
2001-02-22,259.5
2001-02-23,261.0
2001-02-26,266.35
2001-02-27,267.75
2001-02-28,266.75
2001-03-01,265.15
2001-03-02,262.25
2001-03-05,262.65
2001-03-06,260.25
2001-03-07,260.7
2001-03-08,265.85
2001-03-09,271.88
2001-03-12,272.05
2001-03-13,267.45
2001-03-14,264.4
2001-03-15,261.5
2001-03-16,258.25
2001-03-19,260.15
2001-03-20,261.15
2001-03-21,262.15
2001-03-22,261.45
2001-03-23,262.0
2001-03-26,262.4
2001-03-27,261.0
2001-03-28,259.8
2001-03-29,258.45
2001-03-30,257.45
2001-04-02,255.05
2001-04-03,257.2
2001-04-04,257.8
2001-04-05,258.05
2001-04-06,259.4
2001-04-09,258.5
2001-04-10,257.05
2001-04-11,258.35
2001-04-12,260.0
2001-04-13,259.9
2001-04-16,262.9
2001-04-17,260.55
2001-04-18,260.65
2001-04-19,264.45
2001-04-20,264.15
2001-04-23,263.0
2001-04-24,263.6
2001-04-25,263.5
2001-04-26,263.65
2001-04-27,263.55
2001-04-30,263.55
2001-05-01,263.85
2001-05-02,264.95
2001-05-03,265.75
2001-05-04,265.65
2001-05-07,265.6
2001-05-08,264.6
2001-05-09,269.4
2001-05-10,268.5
2001-05-11,267.55
2001-05-14,267.8
2001-05-15,267.9
2001-05-16,271.55
2001-05-17,273.05
2001-05-18,285.85
2001-05-21,284.9
2001-05-22,284.5
2001-05-23,283.0
2001-05-24,278.9
2001-05-25,277.15
2001-05-28,277.15
2001-05-29,273.25
2001-05-30,265.35
2001-05-31,265.3
2001-06-01,266.25
2001-06-04,265.5
2001-06-05,265.6
2001-06-06,265.6
2001-06-07,265.8
2001-06-08,273.0
2001-06-11,267.1
2001-06-12,271.35
2001-06-13,272.05
2001-06-14,275.1
2001-06-15,270.65
2001-06-18,272.05
2001-06-19,273.15
2001-06-20,272.15
2001-06-21,272.35
2001-06-22,272.0
2001-06-25,273.5
2001-06-26,275.85
2001-06-27,271.75
2001-06-28,269.0
2001-06-29,270.35
2001-07-02,269.1
2001-07-03,267.45
2001-07-04,267.45
2001-07-05,264.85
2001-07-06,265.75
2001-07-09,266.15
2001-07-10,267.0
2001-07-11,268.25
2001-07-12,266.35
2001-07-13,266.85
2001-07-16,266.65
2001-07-17,267.5
2001-07-18,270.25
2001-07-19,268.95
2001-07-20,269.65
2001-07-23,268.35
2001-07-24,269.55
2001-07-25,267.25
2001-07-26,266.15
2001-07-27,267.35
2001-07-30,264.75
2001-07-31,266.35
2001-08-01,267.45
2001-08-02,267.65
2001-08-03,267.95
2001-08-06,267.25
2001-08-07,267.15
2001-08-08,267.85
2001-08-09,273.05
2001-08-10,273.75
2001-08-13,274.5
2001-08-14,275.5
2001-08-15,275.0
2001-08-16,275.6
2001-08-17,277.8
2001-08-20,275.55
2001-08-21,274.55
2001-08-22,274.25
2001-08-23,274.85
2001-08-24,272.35
2001-08-27,272.15
2001-08-28,271.65
2001-08-29,273.05
2001-08-30,274.25
2001-08-31,273.95
2001-09-03,273.25
2001-09-04,271.9
2001-09-05,271.75
2001-09-06,272.65
2001-09-07,272.9
2001-09-10,271.5
2001-09-11,286.0
2001-09-12,278.0
2001-09-13,281.0
2001-09-14,285.3
2001-09-17,289.2
2001-09-18,287.5
2001-09-19,289.9
2001-09-20,288.4
2001-09-21,291.2
2001-09-24,289.0
2001-09-25,289.25
2001-09-26,292.5
2001-09-27,291.4
2001-09-28,292.45
2001-10-01,291.45
2001-10-02,289.2
2001-10-03,289.2
2001-10-04,289.6
2001-10-05,290.75
2001-10-08,291.65
2001-10-09,287.75
2001-10-10,284.6
2001-10-11,281.0
2001-10-12,284.2
2001-10-15,281.2
2001-10-16,281.1
2001-10-17,282.2
2001-10-18,279.2
2001-10-19,279.4
2001-10-22,275.3
2001-10-23,275.7
2001-10-24,275.2
2001-10-25,277.0
2001-10-26,277.1
2001-10-29,278.6
2001-10-30,280.1
2001-10-31,279.4
2001-11-01,279.7
2001-11-02,279.7
2001-11-05,278.6
2001-11-06,279.65
2001-11-07,280.2
2001-11-08,277.4
2001-11-09,277.2
2001-11-12,278.0
2001-11-13,277.5
2001-11-14,277.1
2001-11-15,274.9
2001-11-16,274.6
2001-11-19,272.75
2001-11-20,273.05
2001-11-21,273.1
2001-11-22,272.6
2001-11-23,272.65
2001-11-26,272.9
2001-11-27,273.4
2001-11-28,274.1
2001-11-29,273.8
2001-11-30,274.15
2001-12-03,277.3
2001-12-04,275.5
2001-12-05,274.25
2001-12-06,274.55
2001-12-07,274.55
2001-12-10,272.75
2001-12-11,272.75
2001-12-12,274.25
2001-12-13,274.45
2001-12-14,278.45
2001-12-17,277.95
2001-12-18,280.55
2001-12-19,275.85
2001-12-20,276.25
2001-12-21,278.15
2001-12-24,278.05
2001-12-26,279.25
2001-12-27,277.45
2001-12-28,276.55
2001-12-31,278.95
2002-01-02,278.95
2002-01-03,278.45
2002-01-04,278.95
2002-01-07,278.75
2002-01-08,279.05
2002-01-09,283.4
2002-01-10,287.05
2002-01-11,287.55
2002-01-14,285.55
2002-01-15,284.55
2002-01-16,287.35
2002-01-17,284.45
2002-01-18,283.55
2002-01-21,282.55
2002-01-22,281.95
2002-01-23,279.25
2002-01-24,278.8
2002-01-25,279.55
2002-01-28,278.85
2002-01-29,282.05
2002-01-30,282.25
2002-01-31,282.5
2002-02-01,286.25
2002-02-04,289.35
2002-02-05,297.73
2002-02-06,296.85
2002-02-07,299.15
2002-02-08,303.75
2002-02-11,299.9
2002-02-12,300.85
2002-02-13,299.25
2002-02-14,300.0
2002-02-15,297.85
2002-02-18,297.75
2002-02-19,293.2
2002-02-20,291.45
2002-02-21,292.75
2002-02-22,292.75
2002-02-25,292.55
2002-02-26,297.75
2002-02-27,296.5
2002-02-28,296.75
2002-03-01,298.15
2002-03-04,296.85
2002-03-05,293.95
2002-03-06,293.55
2002-03-07,290.25
2002-03-08,289.75
2002-03-11,290.95
2002-03-12,293.25
2002-03-13,293.55
2002-03-14,290.95
2002-03-15,290.05
2002-03-18,292.25
2002-03-19,293.0
2002-03-20,292.45
2002-03-21,293.15
2002-03-22,297.75
2002-03-25,298.15
2002-03-26,296.65
2002-03-27,302.15
2002-03-28,302.45
2002-03-29,302.65
2002-04-01,303.05
2002-04-02,305.85
2002-04-03,302.85
2002-04-04,300.75
2002-04-05,300.05
2002-04-08,300.45
2002-04-09,298.75
2002-04-10,301.75
2002-04-11,302.25
2002-04-12,302.15
2002-04-15,299.85
2002-04-16,298.85
2002-04-17,302.05
2002-04-18,303.65
2002-04-19,302.35
2002-04-22,302.95
2002-04-23,303.85
2002-04-24,304.05
2002-04-25,307.95
2002-04-26,311.35
2002-04-29,311.0
2002-04-30,308.45
2002-05-01,308.5
2002-05-02,307.75
2002-05-03,311.95
2002-05-06,310.95
2002-05-07,311.35
2002-05-08,308.25
2002-05-09,309.55
2002-05-10,311.05
2002-05-13,310.85
2002-05-14,307.65
2002-05-15,308.85
2002-05-16,309.95
2002-05-17,311.25
2002-05-20,315.95
2002-05-21,316.05
2002-05-22,318.35
2002-05-23,322.55
2002-05-24,320.55
2002-05-27,320.25
2002-05-28,324.25
2002-05-29,325.6
2002-05-30,325.45
2002-05-31,326.55
2002-06-03,327.65
2002-06-04,327.85
2002-06-05,321.45
2002-06-06,325.15
2002-06-07,324.15
2002-06-10,318.95
2002-06-11,321.25
2002-06-12,319.05
2002-06-13,318.15
2002-06-14,319.35
2002-06-17,317.35
2002-06-18,320.25
2002-06-19,320.75
2002-06-20,323.75
2002-06-21,324.65
2002-06-24,322.45
2002-06-25,321.25
2002-06-26,320.45
2002-06-27,318.45
2002-06-28,314.45
2002-07-01,315.05
2002-07-02,312.95
2002-07-03,311.25
2002-07-04,310.75
2002-07-05,311.45
2002-07-08,312.75
2002-07-09,317.15
2002-07-10,316.25
2002-07-11,314.65
2002-07-12,316.05
2002-07-15,318.15
2002-07-16,317.95
2002-07-17,317.45
2002-07-18,317.65
2002-07-19,323.95
2002-07-22,323.15
2002-07-23,313.25
2002-07-24,311.25
2002-07-25,310.05
2002-07-26,303.75
2002-07-29,302.75
2002-07-30,304.55
2002-07-31,303.55
2002-08-01,304.65
2002-08-02,307.35
2002-08-05,308.15
2002-08-06,306.35
2002-08-07,314.05
2002-08-08,310.65
2002-08-09,314.55
2002-08-12,314.25
2002-08-13,315.35
2002-08-14,311.65
2002-08-15,314.65
2002-08-16,313.95
2002-08-19,306.65
2002-08-20,309.45
2002-08-21,308.05
2002-08-22,306.95
2002-08-23,307.05
2002-08-26,309.45
2002-08-27,312.75
2002-08-28,310.05
2002-08-29,313.45
2002-08-30,312.75
2002-09-02,312.25
2002-09-03,314.15
2002-09-04,314.75
2002-09-05,319.25
2002-09-06,320.25
2002-09-09,321.25
2002-09-10,317.75
2002-09-11,317.15
2002-09-12,319.45
2002-09-13,316.85
2002-09-16,317.45
2002-09-17,317.65
2002-09-18,319.95
2002-09-19,323.35
2002-09-20,322.15
2002-09-23,323.25
2002-09-24,326.15
2002-09-25,322.25
2002-09-26,320.05
2002-09-27,319.95
2002-09-30,323.55
2002-10-01,320.35
2002-10-02,322.75
2002-10-03,321.65
2002-10-04,322.25
2002-10-07,322.45
2002-10-08,318.25
2002-10-09,320.35
2002-10-10,316.85
2002-10-11,316.75
2002-10-14,317.95
2002-10-15,313.1
2002-10-16,314.55
2002-10-17,311.85
2002-10-18,312.85
2002-10-21,310.95
2002-10-22,313.25
2002-10-23,311.85
2002-10-24,311.55
2002-10-25,313.85
2002-10-28,315.55
2002-10-29,316.75
2002-10-30,316.5
2002-10-31,317.75
2002-11-01,320.35
2002-11-04,318.25
2002-11-05,317.75
2002-11-06,318.25
2002-11-07,321.05
2002-11-08,321.55
2002-11-11,321.25
2002-11-12,324.45
2002-11-13,319.05
2002-11-14,318.35
2002-11-15,320.55
2002-11-18,319.25
2002-11-19,319.05
2002-11-20,317.85
2002-11-21,317.65
2002-11-22,321.05
2002-11-25,318.15
2002-11-26,318.15
2002-11-27,317.3
2002-11-28,317.85
2002-11-29,318.15
2002-12-02,317.75
2002-12-03,320.95
2002-12-04,322.15
2002-12-05,324.35
2002-12-06,326.25
2002-12-09,326.0
2002-12-10,323.75
2002-12-11,324.55
2002-12-12,331.35
2002-12-13,333.15
2002-12-16,336.65
2002-12-17,336.75
2002-12-18,344.5
2002-12-19,345.63
2002-12-20,340.75
2002-12-23,345.75
2002-12-24,346.55
2002-12-26,349.55
2002-12-27,349.25
2002-12-30,343.65
2002-12-31,348.05
2003-01-02,346.05
2003-01-03,351.25
2003-01-06,351.25
2003-01-07,347.25
2003-01-08,353.45
2003-01-09,352.45
2003-01-10,354.75
2003-01-13,354.95
2003-01-14,351.35
2003-01-15,350.75
2003-01-16,357.88
2003-01-17,356.55
2003-01-20,355.75
2003-01-21,357.95
2003-01-22,360.15
2003-01-23,363.35
2003-01-24,368.25
2003-01-27,369.65
2003-01-28,369.45
2003-01-29,366.13
2003-01-30,370.38
2003-01-31,368.15
2003-02-03,371.05
2003-02-04,382.19
2003-02-05,371.75
2003-02-06,370.05
2003-02-07,369.75
2003-02-10,362.75
2003-02-11,363.45
2003-02-12,352.75
2003-02-13,356.55
2003-02-14,351.55
2003-02-17,345.55
2003-02-18,343.55
2003-02-19,349.65
2003-02-20,352.25
2003-02-21,351.35
2003-02-24,357.75
2003-02-25,351.85
2003-02-26,354.05
2003-02-27,345.45
2003-02-28,349.95
2003-03-03,349.05
2003-03-04,352.85
2003-03-05,353.55
2003-03-06,356.25
2003-03-07,350.75
2003-03-10,354.45
2003-03-11,350.75
2003-03-12,345.75
2003-03-13,333.68
2003-03-14,336.35
2003-03-17,336.55
2003-03-18,337.85
2003-03-19,336.45
2003-03-20,332.25
2003-03-21,326.05
2003-03-24,329.75
2003-03-25,328.55
2003-03-26,330.25
2003-03-27,329.25
2003-03-28,331.85
2003-03-31,337.35
2003-04-01,334.95
2003-04-02,329.95
2003-04-03,325.25
2003-04-04,325.55
2003-04-07,323.05
2003-04-08,322.75
2003-04-09,326.45
2003-04-10,326.55
2003-04-11,328.05
2003-04-14,324.85
2003-04-15,324.95
2003-04-16,326.45
2003-04-17,327.15
2003-04-18,325.95
2003-04-21,333.55
2003-04-22,332.95
2003-04-23,331.25
2003-04-24,334.45
2003-04-25,333.25
2003-04-28,333.85
2003-04-29,334.15
2003-04-30,338.55
2003-05-01,341.75
2003-05-02,340.95
2003-05-05,342.25
2003-05-06,344.55
2003-05-07,341.95
2003-05-08,348.75
2003-05-09,348.55
2003-05-12,351.25
2003-05-13,349.85
2003-05-14,352.45
2003-05-15,351.95
2003-05-16,354.75
2003-05-19,366.25
2003-05-20,367.95
2003-05-21,372.25
2003-05-22,367.05
2003-05-23,368.75
2003-05-26,370.35
2003-05-27,366.25
2003-05-28,365.05
2003-05-29,369.25
2003-05-30,364.45
2003-06-02,366.05
2003-06-03,365.45
2003-06-04,361.28
2003-06-05,368.75
2003-06-06,363.75
2003-06-09,361.85
2003-06-10,352.15
2003-06-11,355.65
2003-06-12,353.45
2003-06-13,356.65
2003-06-16,359.15
2003-06-17,363.35
2003-06-18,357.35
2003-06-19,361.35
2003-06-20,357.38
2003-06-23,360.05
2003-06-24,354.13
2003-06-25,347.4
2003-06-26,343.8
2003-06-27,345.25
2003-06-30,346.4
2003-07-01,351.0
2003-07-02,351.5
2003-07-03,351.15
2003-07-04,350.85
2003-07-07,348.3
2003-07-08,344.45
2003-07-09,344.55
2003-07-10,345.45
2003-07-11,345.05
2003-07-14,347.3
2003-07-15,342.5
2003-07-16,343.55
2003-07-17,344.75
2003-07-18,347.25
2003-07-21,351.55
2003-07-22,350.75
2003-07-23,359.4
2003-07-24,361.65
2003-07-25,362.75
2003-07-28,365.15
2003-07-29,361.75
2003-07-30,356.25
2003-07-31,354.45
2003-08-01,346.35
2003-08-04,349.55
2003-08-05,351.4
2003-08-06,351.55
2003-08-07,352.75
2003-08-08,356.65
2003-08-11,361.85
2003-08-12,358.4
2003-08-13,362.35
2003-08-14,365.95
2003-08-15,363.75
2003-08-18,358.85
2003-08-19,361.88
2003-08-20,366.25
2003-08-21,360.75
2003-08-22,362.95
2003-08-25,361.25
2003-08-26,364.45
2003-08-27,372.55
2003-08-28,369.75
2003-08-29,375.45
2003-09-01,375.55
2003-09-02,374.05
2003-09-03,373.85
2003-09-04,373.35
2003-09-05,377.35
2003-09-08,375.25
2003-09-09,382.25
2003-09-10,380.45
2003-09-11,380.15
2003-09-12,375.25
2003-09-15,374.2
2003-09-16,373.55
2003-09-17,376.75
2003-09-18,376.65
2003-09-19,381.85
2003-09-22,386.85
2003-09-23,384.75
2003-09-24,388.75
2003-09-25,385.35
2003-09-26,380.85
2003-09-29,382.35
2003-09-30,385.35
2003-10-01,384.75
2003-10-02,382.85
2003-10-03,369.55
2003-10-06,372.95
2003-10-07,376.5
2003-10-08,375.25
2003-10-09,368.95
2003-10-10,373.05
2003-10-13,374.75
2003-10-14,375.35
2003-10-15,372.95
2003-10-16,371.85
2003-10-17,371.65
2003-10-20,373.35
2003-10-21,380.75
2003-10-22,385.85
2003-10-23,384.05
2003-10-24,388.55
2003-10-27,387.85
2003-10-28,382.85
2003-10-29,386.55
2003-10-30,383.55
2003-10-31,384.25
2003-11-03,376.65
2003-11-04,379.55
2003-11-05,381.35
2003-11-06,379.85
2003-11-07,383.05
2003-11-10,386.45
2003-11-11,387.75
2003-11-12,394.05
2003-11-13,394.65
2003-11-14,397.55
2003-11-17,391.05
2003-11-18,398.75
2003-11-19,394.75
2003-11-20,394.55
2003-11-21,396.05
2003-11-24,391.45
2003-11-25,391.25
2003-11-26,396.62
2003-11-27,395.21
2003-11-28,398.15
2003-12-01,403.25
2003-12-02,403.25
2003-12-03,404.65
2003-12-04,402.75
2003-12-05,406.35
2003-12-08,407.05
2003-12-09,408.25
2003-12-10,405.45
2003-12-11,404.95
2003-12-12,408.85
2003-12-15,409.25
2003-12-16,407.25
2003-12-17,412.65
2003-12-18,410.75
2003-12-19,409.35
2003-12-22,410.05
2003-12-23,410.75
2003-12-24,412.05
2003-12-25,412.95
2003-12-26,412.25
2003-12-29,414.63
2003-12-30,416.25
2003-12-31,415.65
2004-01-02,415.85
2004-01-05,423.65
2004-01-06,422.35
2004-01-07,420.55
2004-01-08,423.75
2004-01-09,426.25
2004-01-12,424.45
2004-01-13,424.15
2004-01-14,419.75
2004-01-15,408.95
2004-01-16,406.75
2004-01-19,407.25
2004-01-20,412.75
2004-01-21,410.85
2004-01-22,409.65
2004-01-23,407.85
2004-01-26,403.75
2004-01-27,410.35
2004-01-28,410.45
2004-01-29,399.55
2004-01-30,402.45
2004-02-02,398.45
2004-02-03,399.65
2004-02-04,400.75
2004-02-05,396.95
2004-02-06,403.35
2004-02-09,406.65
2004-02-10,406.65
2004-02-11,411.25
2004-02-12,412.25
2004-02-13,410.15
2004-02-16,411.65
2004-02-17,415.55
2004-02-18,410.75
2004-02-19,409.95
2004-02-20,397.65
2004-02-23,398.65
2004-02-24,403.85
2004-02-25,396.13
2004-02-26,395.05
2004-02-27,396.15
2004-03-01,399.45
2004-03-02,393.05
2004-03-03,393.35
2004-03-04,393.05
2004-03-05,401.25
2004-03-08,401.25
2004-03-09,402.65
2004-03-10,400.16
2004-03-11,402.25
2004-03-12,395.35
2004-03-15,399.45
2004-03-16,402.44
2004-03-17,407.59
2004-03-18,411.42
2004-03-19,412.35
2004-03-22,417.2
2004-03-23,419.7
2004-03-24,417.2
2004-03-25,416.46
2004-03-26,422.35
2004-03-29,416.9
2004-03-30,421.2
2004-03-31,426.4
2004-04-01,426.66
2004-04-02,420.85
2004-04-05,415.5
2004-04-06,418.75
2004-04-07,422.45
2004-04-08,419.56
2004-04-09,420.05
2004-04-12,419.25
2004-04-13,406.92
2004-04-14,400.2
2004-04-15,399.4
2004-04-16,400.75
2004-04-19,400.28
2004-04-20,397.25
2004-04-21,389.83
2004-04-22,393.72
2004-04-23,395.25
2004-04-26,396.8
2004-04-27,399.15
2004-04-28,385.33
2004-04-29,387.3
2004-04-30,386.75
2004-05-03,386.85
2004-05-04,391.5
2004-05-05,393.8
2004-05-06,387.7
2004-05-07,378.65
2004-05-10,378.75
2004-05-11,378.05
2004-05-12,377.6
2004-05-13,374.85
2004-05-14,376.95
2004-05-17,379.25
2004-05-18,376.11
2004-05-19,382.9
2004-05-20,379.15
2004-05-21,384.85
2004-05-24,385.75
2004-05-25,388.45
2004-05-26,388.45
2004-05-27,395.99
2004-05-28,393.6
2004-05-31,395.53
2004-06-01,394.5
2004-06-02,391.3
2004-06-03,388.05
2004-06-04,388.35
2004-06-07,393.65
2004-06-08,391.25
2004-06-09,384.7
2004-06-10,386.15
2004-06-11,384.55
2004-06-14,383.45
2004-06-15,388.7
2004-06-16,384.9
2004-06-17,388.8
2004-06-18,394.8
2004-06-21,393.5
2004-06-22,395.05
2004-06-23,394.85
2004-06-24,402.5
2004-06-25,401.95
2004-06-28,401.19
2004-06-29,392.18
2004-06-30,394.17
2004-07-01,395.65
2004-07-02,397.75
2004-07-05,398.25
2004-07-06,392.35
2004-07-07,402.3
2004-07-08,407.6
2004-07-09,407.45
2004-07-12,407.5
2004-07-13,401.8
2004-07-14,405.1
2004-07-15,403.85
2004-07-16,406.35
2004-07-19,405.56
2004-07-20,399.7
2004-07-21,397.0
2004-07-22,393.75
2004-07-23,390.45
2004-07-26,390.35
2004-07-27,387.5
2004-07-28,389.15
2004-07-29,387.65
2004-07-30,390.85
2004-08-02,392.1
2004-08-03,394.0
2004-08-04,391.9
2004-08-05,392.53
2004-08-06,399.8
2004-08-09,399.95
2004-08-10,398.75
2004-08-11,395.26
2004-08-12,394.35
2004-08-13,399.0
2004-08-16,401.5
2004-08-17,403.75
2004-08-18,404.45
2004-08-19,406.55
2004-08-20,413.18
2004-08-23,409.02
2004-08-24,403.05
2004-08-25,406.75
2004-08-26,406.85
2004-08-27,402.68
2004-08-30,407.8
2004-08-31,409.83
2004-09-01,408.63
2004-09-02,406.05
2004-09-03,400.9
2004-09-06,402.55
2004-09-07,397.95
2004-09-08,399.5
2004-09-09,398.75
2004-09-10,401.85
2004-09-13,403.85
2004-09-14,405.85
2004-09-15,405.15
2004-09-16,404.59
2004-09-17,405.65
2004-09-20,405.15
2004-09-21,409.9
2004-09-22,407.4
2004-09-23,409.62
2004-09-24,407.82
2004-09-27,408.56
2004-09-28,412.2
2004-09-29,413.05
2004-09-30,418.51
2004-10-01,419.45
2004-10-04,414.09
2004-10-05,418.69
2004-10-06,417.83
2004-10-07,418.04
2004-10-08,422.73
2004-10-11,422.05
2004-10-12,414.99
2004-10-13,415.74
2004-10-14,418.17
2004-10-15,418.8
2004-10-18,416.88
2004-10-19,420.12
2004-10-20,424.16
2004-10-21,423.82
2004-10-22,424.24
2004-10-25,428.55
2004-10-26,427.16
2004-10-27,423.92
2004-10-28,424.65
2004-10-29,428.58
2004-11-01,427.23
2004-11-02,420.77
2004-11-03,427.03
2004-11-04,429.38
2004-11-05,433.59
2004-11-08,432.1
2004-11-09,435.59
2004-11-10,434.13
2004-11-11,434.85
2004-11-12,437.84
2004-11-15,436.86
2004-11-16,439.45
2004-11-17,444.73
2004-11-18,443.67
2004-11-19,447.05
2004-11-22,448.85
2004-11-23,447.52
2004-11-24,449.55
2004-11-25,451.7
2004-11-26,451.96
2004-11-29,453.77
2004-11-30,450.95
2004-12-01,453.72
2004-12-02,448.9
2004-12-03,455.58
2004-12-06,453.06
2004-12-07,451.7
2004-12-08,438.45
2004-12-09,437.8
2004-12-10,434.57
2004-12-13,439.28
2004-12-14,435.51
2004-12-15,440.1
2004-12-16,436.96
2004-12-17,441.49
2004-12-20,442.85
2004-12-21,441.81
2004-12-22,439.83
2004-12-23,441.98
2004-12-24,441.79
2004-12-27,444.45
2004-12-28,444.05
2004-12-29,436.27
2004-12-30,437.99
2004-12-31,438.44
2005-01-03,429.35
2005-01-04,427.08
2005-01-05,426.45
2005-01-06,421.8
2005-01-07,418.07
2005-01-10,419.5
2005-01-11,421.92
2005-01-12,426.15
2005-01-13,424.81
2005-01-14,423.18
2005-01-17,422.46
2005-01-18,423.05
2005-01-19,422.55
2005-01-20,422.24
2005-01-21,427.3
2005-01-24,427.35
2005-01-25,422.18
2005-01-26,426.85
2005-01-27,426.12
2005-01-28,426.79
2005-01-31,422.38
2005-02-01,421.0
2005-02-02,421.91
2005-02-03,417.11
2005-02-04,414.57
2005-02-07,413.71
2005-02-08,412.88
2005-02-09,413.39
2005-02-10,417.66
2005-02-11,420.91
2005-02-14,425.69
2005-02-15,425.74
2005-02-16,425.75
2005-02-17,427.2
2005-02-18,427.41
2005-02-21,427.44
2005-02-22,435.02
2005-02-23,434.75
2005-02-24,434.15
2005-02-25,435.56
2005-02-28,435.55
2005-03-01,432.48
2005-03-02,433.11
2005-03-03,430.13
2005-03-04,434.0
2005-03-07,434.48
2005-03-08,440.8
2005-03-09,441.38
2005-03-10,442.08
2005-03-11,445.4
2005-03-14,440.97
2005-03-15,440.87
2005-03-16,443.42
2005-03-17,438.72
2005-03-18,439.35
2005-03-21,431.32
2005-03-22,427.15
2005-03-23,424.73
2005-03-24,424.85
2005-03-25,424.88
2005-03-28,426.1
2005-03-29,426.46
2005-03-30,426.5
2005-03-31,428.55
2005-04-01,426.12
2005-04-04,424.32
2005-04-05,425.06
2005-04-06,426.61
2005-04-07,425.89
2005-04-08,427.18
2005-04-11,428.12
2005-04-12,428.32
2005-04-13,429.3
2005-04-14,423.9
2005-04-15,424.72
2005-04-18,427.32
2005-04-19,433.86
2005-04-20,434.8
2005-04-21,432.42
2005-04-22,434.61
2005-04-25,434.4
2005-04-26,437.18
2005-04-27,432.92
2005-04-28,431.07
2005-04-29,434.91
2005-05-02,429.68
2005-05-03,428.01
2005-05-04,429.3
2005-05-05,430.1
2005-05-06,426.1
2005-05-09,426.1
2005-05-10,427.1
2005-05-11,427.3
2005-05-12,422.2
2005-05-13,420.42
2005-05-16,419.6
2005-05-17,419.55
2005-05-18,421.29
2005-05-19,420.7
2005-05-20,417.6
2005-05-23,417.35
2005-05-24,417.8
2005-05-25,419.4
2005-05-26,417.67
2005-05-27,420.25
2005-05-30,418.55
2005-05-31,417.67
2005-06-01,415.58
2005-06-02,422.35
2005-06-03,422.85
2005-06-06,425.9
2005-06-07,424.87
2005-06-08,423.8
2005-06-09,423.36
2005-06-10,427.02
2005-06-13,428.77
2005-06-14,426.9
2005-06-15,428.46
2005-06-16,435.25
2005-06-17,437.67
2005-06-20,437.83
2005-06-21,438.7
2005-06-22,438.5
2005-06-23,441.6
2005-06-24,440.08
2005-06-27,439.91
2005-06-28,435.75
2005-06-29,437.1
2005-06-30,435.3
2005-07-01,427.35
2005-07-04,428.75
2005-07-05,423.66
2005-07-06,423.59
2005-07-07,424.4
2005-07-08,423.1
2005-07-11,426.15
2005-07-12,426.85
2005-07-13,424.35
2005-07-14,420.1
2005-07-15,421.45
2005-07-18,420.84
2005-07-19,420.1
2005-07-20,423.05
2005-07-21,425.5
2005-07-22,424.99
2005-07-25,425.85
2005-07-26,423.4
2005-07-27,425.1
2005-07-28,428.4
2005-07-29,429.7
2005-08-01,432.55
2005-08-02,432.3
2005-08-03,436.8
2005-08-04,437.8
2005-08-05,437.4
2005-08-08,434.8
2005-08-09,434.6
2005-08-10,437.35
2005-08-11,445.83
2005-08-12,446.2
2005-08-15,442.61
2005-08-16,446.32
2005-08-17,440.2
2005-08-18,439.88
2005-08-19,437.59
2005-08-22,438.11
2005-08-23,438.9
2005-08-24,437.26
2005-08-25,438.4
2005-08-26,437.7
2005-08-29,437.0
2005-08-30,431.65
2005-08-31,434.79
2005-09-01,443.25
2005-09-02,444.38
2005-09-05,445.35
2005-09-06,444.1
2005-09-07,444.65
2005-09-08,447.25
2005-09-09,449.2
2005-09-12,450.07
2005-09-13,446.6
2005-09-14,450.0
2005-09-15,455.3
2005-09-16,459.75
2005-09-19,464.36
2005-09-20,464.3
2005-09-21,472.15
2005-09-22,465.25
2005-09-23,463.25
2005-09-26,467.1
2005-09-27,463.4
2005-09-28,469.44
2005-09-29,472.1
2005-09-30,469.35
2005-10-03,465.76
2005-10-04,466.35
2005-10-05,465.25
2005-10-06,474.0
2005-10-07,474.85
2005-10-10,475.24
2005-10-11,475.95
2005-10-12,470.95
2005-10-13,471.55
2005-10-14,469.5
2005-10-17,474.15
2005-10-18,471.56
2005-10-19,464.5
2005-10-20,461.46
2005-10-21,466.9
2005-10-24,465.24
2005-10-25,472.6
2005-10-26,471.1
2005-10-27,473.63
2005-10-28,473.5
2005-10-31,466.14
2005-11-01,459.56
2005-11-02,462.95
2005-11-03,460.86
2005-11-04,456.66
2005-11-07,459.56
2005-11-08,461.5
2005-11-09,467.56
2005-11-10,466.4
2005-11-11,468.75
2005-11-14,467.65
2005-11-15,468.37
2005-11-16,478.3
2005-11-17,485.76
2005-11-18,485.8
2005-11-21,491.32
2005-11-22,494.1
2005-11-23,492.87
2005-11-24,493.5
2005-11-25,496.08
2005-11-28,498.8
2005-11-29,500.1
2005-11-30,493.84
2005-12-01,503.71
2005-12-02,503.4
2005-12-05,509.0
2005-12-06,510.55
2005-12-07,515.12
2005-12-08,520.16
2005-12-09,526.38
2005-12-12,527.42
2005-12-13,518.6
2005-12-14,505.15
2005-12-15,504.4
2005-12-16,503.2
2005-12-19,503.55
2005-12-20,492.73
2005-12-21,495.0
2005-12-22,504.35
2005-12-23,502.8
2005-12-26,505.14
2005-12-27,507.85
2005-12-28,515.95
2005-12-29,516.21
2005-12-30,517.03
2006-01-02,511.96
2006-01-03,532.9
2006-01-04,534.65
2006-01-05,525.0
2006-01-06,539.78
2006-01-09,548.04
2006-01-10,542.3
2006-01-11,547.3
2006-01-12,546.75
2006-01-13,557.24
2006-01-16,562.24
2006-01-17,554.65
2006-01-18,544.2
2006-01-19,557.9
2006-01-20,554.5
2006-01-23,559.07
2006-01-24,559.05
2006-01-25,563.14
2006-01-26,560.31
2006-01-27,559.56
2006-01-30,567.95
2006-01-31,569.48
2006-02-01,570.15
2006-02-02,572.15
2006-02-03,568.86
2006-02-06,569.7
2006-02-07,548.28
2006-02-08,549.55
2006-02-09,564.3
2006-02-10,551.45
2006-02-13,539.52
2006-02-14,547.92
2006-02-15,540.1
2006-02-16,547.38
2006-02-17,552.17
2006-02-20,555.8
2006-02-21,553.55
2006-02-22,555.58
2006-02-23,550.1
2006-02-24,559.15
2006-02-27,554.1
2006-02-28,562.72
2006-03-01,563.5
2006-03-02,569.7
2006-03-03,565.26
2006-03-06,555.51
2006-03-07,552.92
2006-03-08,543.07
2006-03-09,546.1
2006-03-10,541.95
2006-03-13,545.65
2006-03-14,551.81
2006-03-15,554.06
2006-03-16,554.9
2006-03-17,554.2
2006-03-20,554.2
2006-03-21,551.57
2006-03-22,550.3
2006-03-23,550.23
2006-03-24,560.1
2006-03-27,567.24
2006-03-28,563.7
2006-03-29,573.65
2006-03-30,589.2
2006-03-31,582.95
2006-04-03,588.17
2006-04-04,586.84
2006-04-05,588.95
2006-04-06,594.86
2006-04-07,589.15
2006-04-10,599.14
2006-04-11,594.5
2006-04-12,597.9
2006-04-13,596.51
2006-04-14,602.96
2006-04-17,613.31
2006-04-18,620.6
2006-04-19,641.6
2006-04-20,613.85
2006-04-21,633.83
2006-04-24,620.51
2006-04-25,631.07
2006-04-26,639.85
2006-04-27,634.4
2006-04-28,653.91
2006-05-01,655.24
2006-05-02,668.8
2006-05-03,667.41
2006-05-04,679.56
2006-05-05,682.57
2006-05-08,679.6
2006-05-09,700.3
2006-05-10,706.9
2006-05-11,715.73
2006-05-12,715.5
2006-05-15,680.36
2006-05-16,689.7
2006-05-17,687.9
2006-05-18,680.05
2006-05-19,659.3
2006-05-22,656.95
2006-05-23,671.2
2006-05-24,643.06
2006-05-25,650.2
2006-05-26,653.8
2006-05-29,647.81
2006-05-30,656.8
2006-05-31,644.7
2006-06-01,629.2
2006-06-02,638.0
2006-06-05,637.51
2006-06-06,628.9
2006-06-07,627.1
2006-06-08,613.48
2006-06-09,601.6
2006-06-12,604.65
2006-06-13,565.85
2006-06-14,555.01
2006-06-15,576.95
2006-06-16,580.5
2006-06-19,566.06
2006-06-20,574.2
2006-06-21,587.22
2006-06-22,580.79
2006-06-23,583.75
2006-06-26,586.0
2006-06-27,582.13
2006-06-28,579.6
2006-06-29,598.2
2006-06-30,616.0
2006-07-03,623.46
2006-07-04,620.26
2006-07-05,628.55
2006-07-06,632.87
2006-07-07,629.75
2006-07-10,624.4
2006-07-11,642.81
2006-07-12,651.31
2006-07-13,658.11
2006-07-14,664.11
2006-07-17,642.66
2006-07-18,631.14
2006-07-19,643.59
2006-07-20,629.65
2006-07-21,622.65
2006-07-24,615.97
2006-07-25,619.1
2006-07-26,625.3
2006-07-27,632.7
2006-07-28,634.32
2006-07-31,637.51
2006-08-01,647.72
2006-08-02,651.84
2006-08-03,645.68
2006-08-04,647.26
2006-08-07,649.02
2006-08-08,643.89
2006-08-09,650.1
2006-08-10,637.71
2006-08-11,631.43
2006-08-14,627.11
2006-08-15,625.05
2006-08-16,628.77
2006-08-17,614.8
2006-08-18,614.1
2006-08-21,627.52
2006-08-22,623.75
2006-08-23,622.25
2006-08-24,621.05
2006-08-25,623.35
2006-08-28,613.59
2006-08-29,614.15
2006-08-30,617.79
2006-08-31,626.15
2006-09-01,625.09
2006-09-04,626.5
2006-09-05,637.94
2006-09-06,633.55
2006-09-07,616.71
2006-09-08,610.48
2006-09-11,589.24
2006-09-12,589.98
2006-09-13,589.94
2006-09-14,576.8
2006-09-15,576.67
2006-09-18,586.43
2006-09-19,573.55
2006-09-20,577.19
2006-09-21,584.55
2006-09-22,588.6
2006-09-25,589.34
2006-09-26,591.77
2006-09-27,601.4
2006-09-28,601.98
2006-09-29,598.93
2006-10-02,595.42
2006-10-03,576.34
2006-10-04,567.3
2006-10-05,573.34
2006-10-06,573.51
2006-10-09,576.15
2006-10-10,572.75
2006-10-11,572.96
2006-10-12,578.9
2006-10-13,589.5
2006-10-16,595.9
2006-10-17,589.84
2006-10-18,589.24
2006-10-19,598.8
2006-10-20,591.9
2006-10-23,581.21
2006-10-24,584.45
2006-10-25,591.61
2006-10-26,597.75
2006-10-27,599.8
2006-10-30,604.4
2006-10-31,605.7
2006-11-01,619.56
2006-11-02,623.75
2006-11-03,626.5
2006-11-06,623.3
2006-11-07,624.97
2006-11-08,616.2
2006-11-09,633.4
2006-11-10,627.9
2006-11-13,625.66
2006-11-14,621.28
2006-11-15,622.78
2006-11-16,618.25
2006-11-17,621.86
2006-11-20,622.95
2006-11-21,627.55
2006-11-22,629.95
2006-11-23,631.25
2006-11-24,638.1
2006-11-27,640.8
2006-11-28,639.39
2006-11-29,636.4
2006-11-30,648.15
2006-12-01,645.63
2006-12-04,645.97
2006-12-05,643.3
2006-12-06,631.24
2006-12-07,631.92
2006-12-08,624.44
2006-12-11,629.93
2006-12-12,630.15
2006-12-13,629.3
2006-12-14,626.4
2006-12-15,615.72
2006-12-18,615.44
2006-12-19,622.7
2006-12-20,621.6
2006-12-21,619.02
2006-12-22,621.21
2006-12-25,620.0
2006-12-26,624.41
2006-12-27,627.83
2006-12-28,633.86
2006-12-29,636.6
2007-01-02,640.2
2007-01-03,627.59
2007-01-04,621.19
2007-01-05,605.48
2007-01-08,609.44
2007-01-09,613.26
2007-01-10,611.32
2007-01-11,611.87
2007-01-12,626.65
2007-01-15,626.7
2007-01-16,625.82
2007-01-17,632.55
2007-01-18,628.3
2007-01-19,635.85
2007-01-22,632.62
2007-01-23,647.92
2007-01-24,648.62
2007-01-25,646.54
2007-01-26,645.3
2007-01-29,642.87
2007-01-30,646.4
2007-01-31,652.97
2007-02-01,657.89
2007-02-02,647.63
2007-02-05,648.4
2007-02-06,653.59
2007-02-07,651.66
2007-02-08,660.45
2007-02-09,666.66
2007-02-12,661.9
2007-02-13,664.65
2007-02-14,669.18
2007-02-15,669.83
2007-02-16,669.09
2007-02-19,671.5
2007-02-20,658.87
2007-02-21,677.9
2007-02-22,678.18
2007-02-23,683.03
2007-02-26,687.3
2007-02-27,664.49
2007-02-28,671.1
2007-03-01,664.35
2007-03-02,642.9
2007-03-05,635.95
2007-03-06,647.2
2007-03-07,650.5
2007-03-08,650.5
2007-03-09,650.34
2007-03-12,649.77
2007-03-13,643.2
2007-03-14,645.16
2007-03-15,646.6
2007-03-16,652.0
2007-03-19,653.35
2007-03-20,658.2
2007-03-21,663.5
2007-03-22,663.9
2007-03-23,657.22
2007-03-26,664.17
2007-03-27,663.2
2007-03-28,666.88
2007-03-29,661.76
2007-03-30,663.74
2007-04-02,664.35
2007-04-03,664.8
2007-04-04,674.56
2007-04-05,674.8
2007-04-06,675.0
2007-04-09,672.87
2007-04-10,677.55
2007-04-11,676.42
2007-04-12,676.01
2007-04-13,684.36
2007-04-16,690.85
2007-04-17,687.35
2007-04-18,689.65
2007-04-19,682.16
2007-04-20,691.48
2007-04-23,689.05
2007-04-24,684.41
2007-04-25,685.27
2007-04-26,674.35
2007-04-27,681.35
2007-04-30,678.0
2007-05-01,673.0
2007-05-02,672.85
2007-05-03,681.25
2007-05-04,687.99
2007-05-07,688.68
2007-05-08,685.26
2007-05-09,680.42
2007-05-10,667.07
2007-05-11,671.2
2007-05-14,668.95
2007-05-15,672.31
2007-05-16,662.2
2007-05-17,656.97
2007-05-18,661.45
2007-05-21,663.06
2007-05-22,658.85
2007-05-23,662.1
2007-05-24,653.04
2007-05-25,655.85
2007-05-28,655.46
2007-05-29,656.86
2007-05-30,653.4
2007-05-31,660.88
2007-06-01,670.98
2007-06-04,671.16
2007-06-05,669.86
2007-06-06,670.09
2007-06-07,659.8
2007-06-08,648.95
2007-06-11,654.08
2007-06-12,647.6
2007-06-13,650.53
2007-06-14,652.76
2007-06-15,655.13
2007-06-18,656.57
2007-06-19,661.3
2007-06-20,654.8
2007-06-21,651.44
2007-06-22,653.97
2007-06-25,650.48
2007-06-26,642.15
2007-06-27,643.29
2007-06-28,649.74
2007-06-29,649.5
2007-07-02,657.12
2007-07-03,653.15
2007-07-04,654.19
2007-07-05,650.15
2007-07-06,654.8
2007-07-09,661.36
2007-07-10,663.56
2007-07-11,661.14
2007-07-12,666.95
2007-07-13,667.32
2007-07-16,664.9
2007-07-17,664.78
2007-07-18,672.75
2007-07-19,677.73
2007-07-20,683.0
2007-07-23,682.02
2007-07-24,683.2
2007-07-25,674.6
2007-07-26,662.07
2007-07-27,661.95
2007-07-30,665.8
2007-07-31,665.6
2007-08-01,666.01
2007-08-02,665.63
2007-08-03,674.9
2007-08-06,672.14
2007-08-07,672.25
2007-08-08,673.66
2007-08-09,661.98
2007-08-10,672.7
2007-08-13,670.0
2007-08-14,668.26
2007-08-15,668.81
2007-08-16,651.25
2007-08-17,657.68
2007-08-20,657.96
2007-08-21,657.78
2007-08-22,660.8
2007-08-23,660.07
2007-08-24,668.6
2007-08-27,667.57
2007-08-28,662.27
2007-08-29,667.5
2007-08-30,664.73
2007-08-31,673.33
2007-09-03,672.4
2007-09-04,683.28
2007-09-05,681.96
2007-09-06,695.41
2007-09-07,699.5
2007-09-10,703.43
2007-09-11,712.05
2007-09-12,711.24
2007-09-13,708.56
2007-09-14,707.73
2007-09-17,717.9
2007-09-18,723.85
2007-09-19,721.81
2007-09-20,735.5
2007-09-21,731.78
2007-09-24,730.34
2007-09-25,731.6
2007-09-26,728.54
2007-09-27,734.55
2007-09-28,743.0
2007-10-01,746.9
2007-10-02,731.98
2007-10-03,727.66
2007-10-04,737.9
2007-10-05,742.82
2007-10-08,733.32
2007-10-09,738.17
2007-10-10,740.96
2007-10-11,747.89
2007-10-12,749.75
2007-10-15,758.8
2007-10-16,760.64
2007-10-17,754.8
2007-10-18,768.3
2007-10-19,765.33
2007-10-22,754.06
2007-10-23,759.36
2007-10-24,763.36
2007-10-25,769.2
2007-10-26,785.4
2007-10-29,791.5
2007-10-30,781.7
2007-10-31,796.3
2007-11-01,787.32
2007-11-02,806.8
2007-11-05,806.64
2007-11-06,825.0
2007-11-07,830.55
2007-11-08,832.94
2007-11-09,831.9
2007-11-12,794.05
2007-11-13,802.52
2007-11-14,811.73
2007-11-15,788.75
2007-11-16,786.46
2007-11-19,782.02
2007-11-20,803.7
2007-11-21,800.3
2007-11-22,804.6
2007-11-23,823.76
2007-11-26,824.37
2007-11-27,812.08
2007-11-28,803.97
2007-11-29,792.78
2007-11-30,781.7
2007-12-03,790.8
2007-12-04,802.18
2007-12-05,794.72
2007-12-06,802.86
2007-12-07,795.17
2007-12-10,808.8
2007-12-11,797.66
2007-12-12,813.26
2007-12-13,797.95
2007-12-14,794.34
2007-12-17,793.28
2007-12-18,802.92
2007-12-19,802.7
2007-12-20,796.27
2007-12-21,811.41
2007-12-24,811.77
2007-12-25,807.0
2007-12-26,824.3
2007-12-27,825.64
2007-12-28,840.36
2007-12-31,833.6
2008-01-02,856.85
2008-01-03,863.64
2008-01-04,859.83
2008-01-07,857.86
2008-01-08,878.0
2008-01-09,878.8
2008-01-10,893.12
2008-01-11,895.46
2008-01-14,904.12
2008-01-15,888.78
2008-01-16,877.85
2008-01-17,877.72
2008-01-18,883.19
2008-01-21,864.4
2008-01-22,892.99
2008-01-23,890.88
2008-01-24,912.72
2008-01-25,914.02
2008-01-28,928.41
2008-01-29,923.59
2008-01-30,929.44
2008-01-31,925.3
2008-02-01,905.63
2008-02-04,903.52
2008-02-05,888.3
2008-02-06,900.96
2008-02-07,910.38
2008-02-08,922.89
2008-02-11,923.61
2008-02-12,906.4
2008-02-13,906.5
2008-02-14,908.28
2008-02-15,902.44
2008-02-18,905.62
2008-02-19,927.92
2008-02-20,943.74
2008-02-21,945.71
2008-02-22,944.6
2008-02-25,940.25
2008-02-26,948.15
2008-02-27,957.85
2008-02-28,971.0
2008-02-29,974.31
2008-03-03,983.68
2008-03-04,964.12
2008-03-05,988.14
2008-03-06,978.8
2008-03-07,973.14
2008-03-10,972.09
2008-03-11,973.0
2008-03-12,982.8
2008-03-13,995.09
2008-03-14,1002.66
2008-03-17,1003.7
2008-03-18,981.66
2008-03-19,944.24
2008-03-20,911.26
2008-03-21,919.2
2008-03-24,915.16
2008-03-25,938.74
2008-03-26,954.24
2008-03-27,947.14
2008-03-28,931.2
2008-03-31,916.95
2008-04-01,882.5
2008-04-02,905.29
2008-04-03,903.26
2008-04-04,913.78
2008-04-07,921.28
2008-04-08,915.22
2008-04-09,933.96
2008-04-10,928.83
2008-04-11,925.58
2008-04-14,924.5
2008-04-15,928.54
2008-04-16,944.86
2008-04-17,938.54
2008-04-18,917.15
2008-04-21,916.81
2008-04-22,914.16
2008-04-23,904.5
2008-04-24,886.98
2008-04-25,886.26
2008-04-28,892.39
2008-04-29,870.0
2008-04-30,877.9
2008-05-01,852.91
2008-05-02,856.48
2008-05-05,874.33
2008-05-06,876.69
2008-05-07,868.95
2008-05-08,882.19
2008-05-09,884.78
2008-05-12,882.7
2008-05-13,867.0
2008-05-14,864.26
2008-05-15,881.85
2008-05-16,902.09
2008-05-19,905.23
2008-05-20,919.27
2008-05-21,932.42
2008-05-22,921.85
2008-05-23,924.86
2008-05-26,929.06
2008-05-27,906.15
2008-05-28,901.75
2008-05-29,878.39
2008-05-30,886.48
2008-06-02,891.31
2008-06-03,880.1
2008-06-04,879.29
2008-06-05,877.02
2008-06-06,902.02
2008-06-09,893.15
2008-06-10,866.52
2008-06-11,880.41
2008-06-12,868.08
2008-06-13,870.22
2008-06-16,882.6
2008-06-17,883.37
2008-06-18,894.44
2008-06-19,897.7
2008-06-20,902.28
2008-06-23,883.9
2008-06-24,889.4
2008-06-25,886.12
2008-06-26,917.25
2008-06-27,927.87
2008-06-30,925.59
2008-07-01,939.68
2008-07-02,945.16
2008-07-03,934.04
2008-07-04,933.26
2008-07-07,925.83
2008-07-08,919.4
2008-07-09,928.31
2008-07-10,947.36
2008-07-11,964.1
2008-07-14,972.6
2008-07-15,977.31
2008-07-16,960.02
2008-07-17,957.58
2008-07-18,954.87
2008-07-21,965.36
2008-07-22,946.06
2008-07-23,920.7
2008-07-24,928.4
2008-07-25,930.03
2008-07-28,930.86
2008-07-29,918.83
2008-07-30,906.09
2008-07-31,913.9
2008-08-01,910.91
2008-08-04,894.9
2008-08-05,874.35
2008-08-06,879.66
2008-08-07,873.35
2008-08-08,857.57
2008-08-11,823.41
2008-08-12,813.85
2008-08-13,826.55
2008-08-14,806.37
2008-08-15,787.33
2008-08-18,799.32
2008-08-19,813.7
2008-08-20,814.22
2008-08-21,837.11
2008-08-22,822.77
2008-08-25,821.78
2008-08-26,825.2
2008-08-27,826.88
2008-08-28,834.03
2008-08-29,831.18
2008-09-01,817.18
2008-09-02,805.67
2008-09-03,800.95
2008-09-04,796.11
2008-09-05,803.4
2008-09-08,802.26
2008-09-09,777.0
2008-09-10,751.54
2008-09-11,746.2
2008-09-12,766.19
2008-09-15,786.27
2008-09-16,779.48
2008-09-17,863.81
2008-09-18,852.7
2008-09-19,873.44
2008-09-22,899.25
2008-09-23,891.9
2008-09-24,882.91
2008-09-25,877.65
2008-09-26,878.77
2008-09-29,906.81
2008-09-30,870.85
2008-10-01,871.31
2008-10-02,836.81
2008-10-03,835.8
2008-10-06,860.36
2008-10-07,884.9
2008-10-08,907.07
2008-10-09,916.25
2008-10-10,848.48
2008-10-13,832.96
2008-10-14,835.76
2008-10-15,848.28
2008-10-16,804.62
2008-10-17,783.14
2008-10-20,796.77
2008-10-21,772.5
2008-10-22,728.85
2008-10-23,721.7
2008-10-24,735.39
2008-10-27,731.77
2008-10-28,746.61
2008-10-29,754.12
2008-10-30,739.62
2008-10-31,722.3
2008-11-03,723.92
2008-11-04,763.39
2008-11-05,740.73
2008-11-06,733.68
2008-11-07,737.01
2008-11-10,747.04
2008-11-11,731.89
2008-11-12,712.41
2008-11-13,736.12
2008-11-14,742.2
2008-11-17,737.62
2008-11-18,738.2
2008-11-19,734.16
2008-11-20,744.94
2008-11-21,800.52
2008-11-24,821.75
2008-11-25,821.58
2008-11-26,812.91
2008-11-27,815.8
2008-11-28,817.94
2008-12-01,770.15
2008-12-02,783.35
2008-12-03,773.84
2008-12-04,766.95
2008-12-05,755.92
2008-12-08,772.0
2008-12-09,776.89
2008-12-10,810.61
2008-12-11,820.23
2008-12-12,822.06
2008-12-15,839.39
2008-12-16,858.06
2008-12-17,868.65
2008-12-18,853.33
2008-12-19,838.29
2008-12-22,848.28
2008-12-23,840.25
2008-12-24,848.08
2008-12-26,869.15
2008-12-29,879.4
2008-12-30,873.5
2008-12-31,881.7
2009-01-02,875.95
2009-01-05,859.5
2009-01-06,864.16
2009-01-07,842.94
2009-01-08,857.25
2009-01-09,853.25
2009-01-12,820.71
2009-01-13,821.8
2009-01-14,811.6
2009-01-15,817.75
2009-01-16,842.7
2009-01-19,836.35
2009-01-20,857.14
2009-01-21,854.91
2009-01-22,856.77
2009-01-23,899.62
2009-01-26,903.9
2009-01-27,898.95
2009-01-28,887.5
2009-01-29,908.23
2009-01-30,927.35
2009-02-02,905.4
2009-02-03,901.25
2009-02-04,905.95
2009-02-05,916.45
2009-02-06,911.45
2009-02-09,895.81
2009-02-10,915.4
2009-02-11,938.38
2009-02-12,947.06
2009-02-13,941.95
2009-02-16,941.84
2009-02-17,970.0
2009-02-18,985.35
2009-02-19,974.5
2009-02-20,993.25
2009-02-23,992.15
2009-02-24,963.86
2009-02-25,953.65
2009-02-26,945.98
2009-02-27,943.73
2009-03-02,925.74
2009-03-03,916.5
2009-03-04,907.35
2009-03-05,933.29
2009-03-06,938.89
2009-03-09,922.78
2009-03-10,897.96
2009-03-11,909.09
2009-03-12,926.7
2009-03-13,929.43
2009-03-16,922.99
2009-03-17,915.69
2009-03-18,942.1
2009-03-19,958.86
2009-03-20,952.34
2009-03-23,939.47
2009-03-24,925.8
2009-03-25,933.68
2009-03-26,934.2
2009-03-27,923.08
2009-03-30,917.0
2009-03-31,918.82
2009-04-01,926.76
2009-04-02,904.3
2009-04-03,893.3
2009-04-06,869.27
2009-04-07,881.69
2009-04-08,881.55
2009-04-09,878.84
2009-04-10,881.6
2009-04-13,894.05
2009-04-14,889.73
2009-04-15,891.19
2009-04-16,875.56
2009-04-17,869.12
2009-04-20,884.23
2009-04-21,883.05
2009-04-22,889.97
2009-04-23,904.4
2009-04-24,886.15
2009-04-27,906.9
2009-04-28,893.44
2009-04-29,897.94
2009-04-30,888.79
2009-05-01,886.41
2009-05-04,901.45
2009-05-05,896.75
2009-05-06,910.95
2009-05-07,910.95
2009-05-08,916.5
2009-05-11,913.32
2009-05-12,923.5
2009-05-13,926.6
2009-05-14,926.43
2009-05-15,931.28
2009-05-18,918.25
2009-05-19,925.7
2009-05-20,938.3
2009-05-21,953.49
2009-05-22,957.36
2009-05-25,958.8
2009-05-26,952.14
2009-05-27,950.11
2009-05-28,959.67
2009-05-29,979.28
2009-06-01,975.3
2009-06-02,981.45
2009-06-03,964.04
2009-06-04,981.09
2009-06-05,954.65
2009-06-08,951.8
2009-06-09,954.92
2009-06-10,954.25
2009-06-11,954.47
2009-06-12,939.2
2009-06-15,928.21
2009-06-16,934.69
2009-06-17,938.36
2009-06-18,932.99
2009-06-19,934.54
2009-06-22,922.87
2009-06-23,925.41
2009-06-24,931.57
2009-06-25,939.2
2009-06-26,939.85
2009-06-29,937.78
2009-06-30,926.6
2009-07-01,940.82
2009-07-02,929.51
2009-07-03,932.28
2009-07-06,924.94
2009-07-07,924.65
2009-07-08,909.57
2009-07-09,912.98
2009-07-10,913.02
2009-07-13,920.74
2009-07-14,925.1
2009-07-15,939.27
2009-07-16,937.2
2009-07-17,937.42
2009-07-20,948.85
2009-07-21,948.85
2009-07-22,951.15
2009-07-23,948.81
2009-07-24,951.52
2009-07-27,953.69
2009-07-28,937.45
2009-07-29,930.0
2009-07-30,934.3
2009-07-31,954.12
2009-08-03,956.19
2009-08-04,967.08
2009-08-05,963.75
2009-08-06,963.32
2009-08-07,955.67
2009-08-10,946.28
2009-08-11,946.17
2009-08-12,946.9
2009-08-13,954.9
2009-08-14,948.69
2009-08-17,934.47
2009-08-18,938.95
2009-08-19,942.06
2009-08-20,940.73
2009-08-21,953.65
2009-08-24,941.4
2009-08-25,945.05
2009-08-26,945.69
2009-08-27,948.16
2009-08-28,954.92
2009-08-31,951.16
2009-09-01,955.9
2009-09-02,978.83
2009-09-03,992.36
2009-09-04,994.4
2009-09-07,995.25
2009-09-08,995.4
2009-09-09,992.54
2009-09-10,996.46
2009-09-11,1006.25
2009-09-14,998.48
2009-09-15,1007.23
2009-09-16,1016.95
2009-09-17,1014.06
2009-09-18,1007.59
2009-09-21,1003.84
2009-09-22,1014.5
2009-09-23,1008.16
2009-09-24,993.94
2009-09-25,990.9
2009-09-28,991.22
2009-09-29,992.3
2009-09-30,1007.75
2009-10-01,999.85
2009-10-02,1002.99
2009-10-05,1017.28
2009-10-06,1041.96
2009-10-07,1044.02
2009-10-08,1055.25
2009-10-09,1049.15
2009-10-12,1056.93
2009-10-13,1064.43
2009-10-14,1062.75
2009-10-15,1050.13
2009-10-16,1052.85
2009-10-19,1064.8
2009-10-20,1055.91
2009-10-21,1058.9
2009-10-22,1060.45
2009-10-23,1055.19
2009-10-26,1038.44
2009-10-27,1039.5
2009-10-28,1028.0
2009-10-29,1047.5
2009-10-30,1045.7
2009-11-02,1059.39
2009-11-03,1084.6
2009-11-04,1092.78
2009-11-05,1090.25
2009-11-06,1095.16
2009-11-09,1104.3
2009-11-10,1105.54
2009-11-11,1117.88
2009-11-12,1103.78
2009-11-13,1119.2
2009-11-16,1139.6
2009-11-17,1141.8
2009-11-18,1145.65
2009-11-19,1144.34
2009-11-20,1150.48
2009-11-23,1165.94
2009-11-24,1168.97
2009-11-25,1191.18
2009-11-26,1188.34
2009-11-27,1177.79
2009-11-30,1179.57
2009-12-01,1196.36
2009-12-02,1216.03
2009-12-03,1207.64
2009-12-04,1162.4
2009-12-07,1158.3
2009-12-08,1129.23
2009-12-09,1128.9
2009-12-10,1130.12
2009-12-11,1115.2
2009-12-14,1126.88
2009-12-15,1125.17
2009-12-16,1137.8
2009-12-17,1098.75
2009-12-18,1112.53
2009-12-21,1093.28
2009-12-22,1083.65
2009-12-23,1087.14
2009-12-24,1105.3
2009-12-28,1106.46
2009-12-29,1096.85
2009-12-30,1093.24
2009-12-31,1096.47
2010-01-04,1121.04
2010-01-05,1118.02
2010-01-06,1138.32
2010-01-07,1131.56
2010-01-08,1137.28
2010-01-11,1151.76
2010-01-12,1128.72
2010-01-13,1138.35
2010-01-14,1142.35
2010-01-15,1130.86
2010-01-18,1133.54
2010-01-19,1138.43
2010-01-20,1110.98
2010-01-21,1094.8
2010-01-22,1092.73
2010-01-25,1098.18
2010-01-26,1097.59
2010-01-27,1087.91
2010-01-28,1086.08
2010-01-29,1081.54
2010-02-01,1105.66
2010-02-02,1114.14
2010-02-03,1109.23
2010-02-04,1063.2
2010-02-05,1065.7
2010-02-08,1063.08
2010-02-09,1077.63
2010-02-10,1072.01
2010-02-11,1095.51
2010-02-12,1093.3
2010-02-15,1101.02
2010-02-16,1119.31
2010-02-17,1106.99
2010-02-18,1109.12
2010-02-19,1119.26
2010-02-22,1114.3
2010-02-23,1103.5
2010-02-24,1097.67
2010-02-25,1106.15
2010-02-26,1117.55
2010-03-01,1118.69
2010-03-02,1134.64
2010-03-03,1140.07
2010-03-04,1131.96
2010-03-05,1134.61
2010-03-08,1123.45
2010-03-09,1121.62
2010-03-10,1108.38
2010-03-11,1109.64
2010-03-12,1101.96
2010-03-15,1108.67
2010-03-16,1127.64
2010-03-17,1120.39
2010-03-18,1127.24
2010-03-19,1106.77
2010-03-22,1102.07
2010-03-23,1105.49
2010-03-24,1086.74
2010-03-25,1090.42
2010-03-26,1107.1
2010-03-29,1109.91
2010-03-30,1103.76
2010-03-31,1113.2
2010-04-01,1126.8
2010-04-02,1119.75
2010-04-05,1131.79
2010-04-06,1134.41
2010-04-07,1149.53
2010-04-08,1150.82
2010-04-09,1161.6
2010-04-12,1156.16
2010-04-13,1150.9
2010-04-14,1155.46
2010-04-15,1159.36
2010-04-16,1137.3
2010-04-19,1135.76
2010-04-20,1140.56
2010-04-21,1146.8
2010-04-22,1141.47
2010-04-23,1157.6
2010-04-26,1153.9
2010-04-27,1168.15
2010-04-28,1165.57
2010-04-29,1167.14
2010-04-30,1179.2
2010-05-03,1182.31
2010-05-04,1171.09
2010-05-05,1175.28
2010-05-06,1208.41
2010-05-07,1208.5
2010-05-10,1202.91
2010-05-11,1232.66
2010-05-12,1239.1
2010-05-13,1232.88
2010-05-14,1232.6
2010-05-17,1222.41
2010-05-18,1224.9
2010-05-19,1193.67
2010-05-20,1182.59
2010-05-21,1177.11
2010-05-24,1191.82
2010-05-25,1204.03
2010-05-26,1211.5
2010-05-27,1212.7
2010-05-28,1214.5
2010-05-31,1216.15
2010-06-01,1225.62
2010-06-02,1223.61
2010-06-03,1206.8
2010-06-04,1219.83
2010-06-07,1240.4
2010-06-08,1236.82
2010-06-09,1233.6
2010-06-10,1216.67
2010-06-11,1226.3
2010-06-14,1221.52
2010-06-15,1234.43
2010-06-16,1229.21
2010-06-17,1245.24
2010-06-18,1256.62
2010-06-21,1233.59
2010-06-22,1239.9
2010-06-23,1237.2
2010-06-24,1243.22
2010-06-25,1255.7
2010-06-28,1238.81
2010-06-29,1240.5
2010-06-30,1242.58
2010-07-01,1198.9
2010-07-02,1211.62
2010-07-05,1209.25
2010-07-06,1192.6
2010-07-07,1202.8
2010-07-08,1198.09
2010-07-09,1211.35
2010-07-12,1197.3
2010-07-13,1212.21
2010-07-14,1208.5
2010-07-15,1208.38
2010-07-16,1192.95
2010-07-19,1182.86
2010-07-20,1191.97
2010-07-21,1185.09
2010-07-22,1194.8
2010-07-23,1189.32
2010-07-26,1183.36
2010-07-27,1161.54
2010-07-28,1163.46
2010-07-29,1168.4
2010-07-30,1180.9
2010-08-02,1182.62
2010-08-03,1186.08
2010-08-04,1194.78
2010-08-05,1195.03
2010-08-06,1205.17
2010-08-09,1201.33
2010-08-10,1204.39
2010-08-11,1198.3
2010-08-12,1214.13
2010-08-13,1215.37
2010-08-16,1225.04
2010-08-17,1225.05
2010-08-18,1229.44
2010-08-19,1231.92
2010-08-20,1227.73
2010-08-23,1225.75
2010-08-24,1230.21
2010-08-25,1240.08
2010-08-26,1237.63
2010-08-27,1237.88
2010-08-30,1236.94
2010-08-31,1247.21
2010-09-01,1244.18
2010-09-02,1251.15
2010-09-03,1247.0
2010-09-06,1250.04
2010-09-07,1255.54
2010-09-08,1255.09
2010-09-09,1243.78
2010-09-10,1246.2
2010-09-13,1245.39
2010-09-14,1268.22
2010-09-15,1268.1
2010-09-16,1275.22
2010-09-17,1274.36
2010-09-20,1278.51
2010-09-21,1287.03
2010-09-22,1291.28
2010-09-23,1292.32
2010-09-24,1296.5
2010-09-27,1296.48
2010-09-28,1308.89
2010-09-29,1309.7
2010-09-30,1308.31
2010-10-01,1318.96
2010-10-04,1315.07
2010-10-05,1340.61
2010-10-06,1348.93
2010-10-07,1333.74
2010-10-08,1347.21
2010-10-11,1353.77
2010-10-12,1350.54
2010-10-13,1372.12
2010-10-14,1381.01
2010-10-15,1368.6
2010-10-18,1368.56
2010-10-19,1332.02
2010-10-20,1346.04
2010-10-21,1325.62
2010-10-22,1328.08
2010-10-25,1339.58
2010-10-26,1340.31
2010-10-27,1325.14
2010-10-28,1343.74
2010-10-29,1358.11
2010-11-01,1353.77
2010-11-02,1357.22
2010-11-03,1348.78
2010-11-04,1392.24
2010-11-05,1393.5
2010-11-08,1409.34
2010-11-09,1392.94
2010-11-10,1404.08
2010-11-11,1408.72
2010-11-12,1368.68
2010-11-15,1360.41
2010-11-16,1339.82
2010-11-17,1337.09
2010-11-18,1353.15
2010-11-19,1353.33
2010-11-22,1366.7
2010-11-23,1376.52
2010-11-24,1373.59
2010-11-25,1375.3
2010-11-26,1363.62
2010-11-29,1366.2
2010-11-30,1385.83
2010-12-01,1387.57
2010-12-02,1384.94
2010-12-03,1413.45
2010-12-06,1423.41
2010-12-07,1401.79
2010-12-08,1381.68
2010-12-09,1386.75
2010-12-10,1386.21
2010-12-13,1393.9
2010-12-14,1395.87
2010-12-15,1380.58
2010-12-16,1369.87
2010-12-17,1374.36
2010-12-20,1384.85
2010-12-21,1385.3
2010-12-22,1385.11
2010-12-23,1379.73
2010-12-24,1383.75
2010-12-27,1383.34
2010-12-28,1405.64
2010-12-29,1411.33
2010-12-30,1404.41
2010-12-31,1420.68
2011-01-03,1414.46
2011-01-04,1380.09
2011-01-05,1377.86
2011-01-06,1371.21
2011-01-07,1368.57
2011-01-10,1375.32
2011-01-11,1381.18
2011-01-12,1387.47
2011-01-13,1373.21
2011-01-14,1359.38
2011-01-17,1362.66
2011-01-18,1367.91
2011-01-19,1369.59
2011-01-20,1345.73
2011-01-21,1342.47
2011-01-24,1334.12
2011-01-25,1332.09
2011-01-26,1345.37
2011-01-27,1313.52
2011-01-28,1335.43
2011-01-31,1332.47
2011-02-01,1341.1
2011-02-02,1334.94
2011-02-03,1354.13
2011-02-04,1348.97
2011-02-07,1350.9
2011-02-08,1363.49
2011-02-09,1363.3
2011-02-10,1363.53
2011-02-11,1356.08
2011-02-14,1361.51
2011-02-15,1373.51
2011-02-16,1374.05
2011-02-17,1383.84
2011-02-18,1387.48
2011-02-21,1406.55
2011-02-22,1398.88
2011-02-23,1411.36
2011-02-24,1402.01
2011-02-25,1408.03
2011-02-28,1410.92
2011-03-01,1433.1
2011-03-02,1433.7
2011-03-03,1415.66
2011-03-04,1427.93
2011-03-07,1431.72
2011-03-08,1428.61
2011-03-09,1430.64
2011-03-10,1411.5
2011-03-11,1416.96
2011-03-14,1426.1
2011-03-15,1395.33
2011-03-16,1398.52
2011-03-17,1403.55
2011-03-18,1418.32
2011-03-21,1427.49
2011-03-22,1427.51
2011-03-23,1437.03
2011-03-24,1430.09
2011-03-25,1429.36
2011-03-28,1419.94
2011-03-29,1418.18
2011-03-30,1422.56
2011-03-31,1431.89
2011-04-01,1428.31
2011-04-04,1433.57
2011-04-05,1455.82
2011-04-06,1459.45
2011-04-07,1457.9
2011-04-08,1474.5
2011-04-11,1462.86
2011-04-12,1452.67
2011-04-13,1456.98
2011-04-14,1473.86
2011-04-15,1486.36
2011-04-18,1494.96
2011-04-19,1496.04
2011-04-20,1502.03
2011-04-21,1504.57
2011-04-22,1506.86
2011-04-25,1506.66
2011-04-26,1505.98
2011-04-27,1526.82
2011-04-28,1535.86
2011-04-29,1563.15
2011-05-02,1545.14
2011-05-03,1535.52
2011-05-04,1515.88
2011-05-05,1473.93
2011-05-06,1495.13
2011-05-09,1513.3
2011-05-10,1515.8
2011-05-11,1501.01
2011-05-12,1505.54
2011-05-13,1494.73
2011-05-16,1489.17
2011-05-17,1486.5
2011-05-18,1496.7
2011-05-19,1493.4
2011-05-20,1511.55
2011-05-23,1516.76
2011-05-24,1526.16
2011-05-25,1525.06
2011-05-26,1518.73
2011-05-27,1535.98
2011-05-30,1537.15
2011-05-31,1535.47
2011-06-01,1539.49
2011-06-02,1533.31
2011-06-03,1541.72
2011-06-06,1544.49
2011-06-07,1543.96
2011-06-08,1537.33
2011-06-09,1543.84
2011-06-10,1530.93
2011-06-13,1515.59
2011-06-14,1523.65
2011-06-15,1530.65
2011-06-16,1529.44
2011-06-17,1539.03
2011-06-20,1540.36
2011-06-21,1545.98
2011-06-22,1548.81
2011-06-23,1521.01
2011-06-24,1502.14
2011-06-27,1497.61
2011-06-28,1501.01
2011-06-29,1512.04
2011-06-30,1499.93
2011-07-01,1487.41
2011-07-04,1497.11
2011-07-05,1515.57
2011-07-06,1528.71
2011-07-07,1532.18
2011-07-08,1543.83
2011-07-11,1553.29
2011-07-12,1567.5
2011-07-13,1582.08
2011-07-14,1587.15
2011-07-15,1593.23
2011-07-18,1604.48
2011-07-19,1588.05
2011-07-20,1600.33
2011-07-21,1590.58
2011-07-22,1600.78
2011-07-25,1613.89
2011-07-26,1619.0
2011-07-27,1613.31
2011-07-28,1615.84
2011-07-29,1626.77
2011-08-01,1619.29
2011-08-02,1659.23
2011-08-03,1661.68
2011-08-04,1647.17
2011-08-05,1663.42
2011-08-08,1718.17
2011-08-09,1740.37
2011-08-10,1792.86
2011-08-11,1763.7
2011-08-12,1746.43
2011-08-15,1765.8
2011-08-16,1784.91
2011-08-17,1790.73
2011-08-18,1823.5
2011-08-19,1851.68
2011-08-22,1896.66
2011-08-23,1828.61
2011-08-24,1758.96
2011-08-25,1774.2
2011-08-26,1827.05
2011-08-29,1788.01
2011-08-30,1835.2
2011-08-31,1825.69
2011-09-01,1825.83
2011-09-02,1882.36
2011-09-05,1900.6
2011-09-06,1874.87
2011-09-07,1817.17
2011-09-08,1869.82
2011-09-09,1855.17
2011-09-12,1814.8
2011-09-13,1833.31
2011-09-14,1819.33
2011-09-15,1788.29
2011-09-16,1811.32
2011-09-19,1778.45
2011-09-20,1803.29
2011-09-21,1781.82
2011-09-22,1740.2
2011-09-23,1656.1
2011-09-26,1626.35
2011-09-27,1649.92
2011-09-28,1608.47
2011-09-29,1614.59
2011-09-30,1623.37
2011-10-03,1658.28
2011-10-04,1623.43
2011-10-05,1640.54
2011-10-06,1651.01
2011-10-07,1637.57
2011-10-10,1676.31
2011-10-11,1661.68
2011-10-12,1675.8
2011-10-13,1667.62
2011-10-14,1680.32
2011-10-17,1670.13
2011-10-18,1657.55
2011-10-19,1640.29
2011-10-20,1620.58
2011-10-21,1641.78
2011-10-24,1653.23
2011-10-25,1704.72
2011-10-26,1724.39
2011-10-27,1744.54
2011-10-28,1742.93
2011-10-31,1714.68
2011-11-01,1719.48
2011-11-02,1737.99
2011-11-03,1763.48
2011-11-04,1754.02
2011-11-07,1794.6
2011-11-08,1786.15
2011-11-09,1769.54
2011-11-10,1758.07
2011-11-11,1787.88
2011-11-14,1779.83
2011-11-15,1780.42
2011-11-16,1763.03
2011-11-17,1721.31
2011-11-18,1723.17
2011-11-21,1677.03
2011-11-22,1699.52
2011-11-23,1691.79
2011-11-24,1694.28
2011-11-25,1680.23
2011-11-28,1712.07
2011-11-29,1715.16
2011-11-30,1745.94
2011-12-01,1744.33
2011-12-02,1746.08
2011-12-05,1722.56
2011-12-06,1728.04
2011-12-07,1741.55
2011-12-08,1707.94
2011-12-09,1710.67
2011-12-12,1666.02
2011-12-13,1631.01
2011-12-14,1573.67
2011-12-15,1569.77
2011-12-16,1598.45
2011-12-19,1593.66
2011-12-20,1614.94
2011-12-21,1614.92
2011-12-22,1605.72
2011-12-23,1606.46
2011-12-26,1606.9
2011-12-27,1593.0
2011-12-28,1556.14
2011-12-29,1545.01
2011-12-30,1563.48
2012-01-02,1566.01
2012-01-03,1603.4
2012-01-04,1611.46
2012-01-05,1622.16
2012-01-06,1616.31
2012-01-09,1611.06
2012-01-10,1632.1
2012-01-11,1641.61
2012-01-12,1649.69
2012-01-13,1638.68
2012-01-16,1643.87
2012-01-17,1651.9
2012-01-18,1659.47
2012-01-19,1658.19
2012-01-20,1665.94
2012-01-23,1676.43
2012-01-24,1665.45
2012-01-25,1710.12
2012-01-26,1720.2
2012-01-27,1738.32
2012-01-30,1729.42
2012-01-31,1737.91
2012-02-01,1743.42
2012-02-02,1758.95
2012-02-03,1725.52
2012-02-06,1719.82
2012-02-07,1744.77
2012-02-08,1732.63
2012-02-09,1729.23
2012-02-10,1721.43
2012-02-13,1721.89
2012-02-14,1719.82
2012-02-15,1727.78
2012-02-16,1727.92
2012-02-17,1722.93
2012-02-20,1735.33
2012-02-21,1758.8
2012-02-22,1775.92
2012-02-23,1780.34
2012-02-24,1771.82
2012-02-27,1767.23
2012-02-28,1783.83
2012-02-29,1696.52
2012-03-01,1717.84
2012-03-02,1711.78
2012-03-05,1706.11
2012-03-06,1673.98
2012-03-07,1684.57
2012-03-08,1699.54
2012-03-09,1713.47
2012-03-12,1700.96
2012-03-13,1673.51
2012-03-14,1644.29
2012-03-15,1657.95
2012-03-16,1659.39
2012-03-19,1664.31
2012-03-20,1650.4
2012-03-21,1650.05
2012-03-22,1645.57
2012-03-23,1660.57
2012-03-26,1689.82
2012-03-27,1680.25
2012-03-28,1663.28
2012-03-29,1661.14
2012-03-30,1667.92
2012-04-02,1677.36
2012-04-03,1645.64
2012-04-04,1620.38
2012-04-05,1630.95
2012-04-06,1639.86
2012-04-09,1639.9
2012-04-10,1659.59
2012-04-11,1658.52
2012-04-12,1675.52
2012-04-13,1657.8
2012-04-16,1651.48
2012-04-17,1649.29
2012-04-18,1641.9
2012-04-19,1642.5
2012-04-20,1642.79
2012-04-23,1638.45
2012-04-24,1641.66
2012-04-25,1643.45
2012-04-26,1656.57
2012-04-27,1662.28
2012-04-30,1664.16
2012-05-01,1662.36
2012-05-02,1653.17
2012-05-03,1635.7
2012-05-04,1642.02
2012-05-07,1638.12
2012-05-08,1605.14
2012-05-09,1589.12
2012-05-10,1593.76
2012-05-11,1578.78
2012-05-14,1556.37
2012-05-15,1543.78
2012-05-16,1539.4
2012-05-17,1573.84
2012-05-18,1592.61
2012-05-21,1592.91
2012-05-22,1568.03
2012-05-23,1561.1
2012-05-24,1558.87
2012-05-25,1572.6
2012-05-28,1579.84
2012-05-29,1554.93
2012-05-30,1562.94
2012-05-31,1560.2
2012-06-01,1624.71
2012-06-04,1618.73
2012-06-05,1616.73
2012-06-06,1619.25
2012-06-07,1589.26
2012-06-08,1593.18
2012-06-11,1596.45
2012-06-12,1609.54
2012-06-13,1616.8
2012-06-14,1623.36
2012-06-15,1627.05
2012-06-18,1627.81
2012-06-19,1618.11
2012-06-20,1607.17
2012-06-21,1565.76
2012-06-22,1571.68
2012-06-25,1584.06
2012-06-26,1572.64
2012-06-27,1573.91
2012-06-28,1552.36
2012-06-29,1597.37
2012-07-02,1596.8
2012-07-03,1617.06
2012-07-04,1615.65
2012-07-05,1604.38
2012-07-06,1583.62
2012-07-09,1587.56
2012-07-10,1567.16
2012-07-11,1576.02
2012-07-12,1571.26
2012-07-13,1588.59
2012-07-16,1589.05
2012-07-17,1583.04
2012-07-18,1573.19
2012-07-19,1581.16
2012-07-20,1582.14
2012-07-23,1576.57
2012-07-24,1580.65
2012-07-25,1604.12
2012-07-26,1615.35
2012-07-27,1622.88
2012-07-30,1621.8
2012-07-31,1614.24
2012-08-01,1599.25
2012-08-02,1588.1
2012-08-03,1603.15
2012-08-06,1610.42
2012-08-07,1612.0
2012-08-08,1612.02
2012-08-09,1616.89
2012-08-10,1619.97
2012-08-13,1609.51
2012-08-14,1598.73
2012-08-15,1602.9
2012-08-16,1614.79
2012-08-17,1615.29
2012-08-20,1620.26
2012-08-21,1637.49
2012-08-22,1654.32
2012-08-23,1670.3
2012-08-24,1669.78
2012-08-27,1663.72
2012-08-28,1666.63
2012-08-29,1656.18
2012-08-30,1655.28
2012-08-31,1690.56
2012-09-03,1692.45
2012-09-04,1695.49
2012-09-05,1692.8
2012-09-06,1700.15
2012-09-07,1735.77
2012-09-10,1725.92
2012-09-11,1731.75
2012-09-12,1730.5
2012-09-13,1766.47
2012-09-14,1768.12
2012-09-17,1761.0
2012-09-18,1771.6
2012-09-19,1770.08
2012-09-20,1768.22
2012-09-21,1772.42
2012-09-24,1764.15
2012-09-25,1760.39
2012-09-26,1752.45
2012-09-27,1777.01
2012-09-28,1772.18
2012-10-01,1774.94
2012-10-02,1774.3
2012-10-03,1777.75
2012-10-04,1790.15
2012-10-05,1780.54
2012-10-08,1774.71
2012-10-09,1763.97
2012-10-10,1762.02
2012-10-11,1767.09
2012-10-12,1753.68
2012-10-15,1737.29
2012-10-16,1747.25
2012-10-17,1749.91
2012-10-18,1741.23
2012-10-19,1721.35
2012-10-22,1728.44
2012-10-23,1707.42
2012-10-24,1701.8
2012-10-25,1711.73
2012-10-26,1711.05
2012-10-29,1709.06
2012-10-30,1709.45
2012-10-31,1720.32
2012-11-01,1713.98
2012-11-02,1677.54
2012-11-05,1684.71
2012-11-06,1715.79
2012-11-07,1717.44
2012-11-08,1731.11
2012-11-09,1730.97
2012-11-12,1727.95
2012-11-13,1724.77
2012-11-14,1726.34
2012-11-15,1715.62
2012-11-16,1713.77
2012-11-19,1731.45
2012-11-20,1726.93
2012-11-21,1728.6
2012-11-22,1729.63
2012-11-23,1750.46
2012-11-26,1748.53
2012-11-27,1742.0
2012-11-28,1719.45
2012-11-29,1725.6
2012-11-30,1714.62
2012-12-03,1715.73
2012-12-04,1697.32
2012-12-05,1693.7
2012-12-06,1699.6
2012-12-07,1704.27
2012-12-10,1712.73
2012-12-11,1709.86
2012-12-12,1711.39
2012-12-13,1696.83
2012-12-14,1695.87
2012-12-17,1697.95
2012-12-18,1671.04
2012-12-19,1667.0
2012-12-20,1647.63
2012-12-21,1656.66
2012-12-24,1657.29
2012-12-26,1659.32
2012-12-27,1663.79
2012-12-28,1655.72
2012-12-31,1675.21
2013-01-02,1686.54
2013-01-03,1663.63
2013-01-04,1655.38
2013-01-07,1646.74
2013-01-08,1658.94
2013-01-09,1657.51
2013-01-10,1674.91
2013-01-11,1662.72
2013-01-14,1667.47
2013-01-15,1679.16
2013-01-16,1679.75
2013-01-17,1687.41
2013-01-18,1683.97
2013-01-21,1690.0
2013-01-22,1692.37
2013-01-23,1685.69
2013-01-24,1667.78
2013-01-25,1658.41
2013-01-28,1655.47
2013-01-29,1663.58
2013-01-30,1676.68
2013-01-31,1663.49
2013-02-01,1666.82
2013-02-04,1674.06
2013-02-05,1672.68
2013-02-06,1677.39
2013-02-07,1671.25
2013-02-08,1666.91
2013-02-11,1647.85
2013-02-12,1651.02
2013-02-13,1642.24
2013-02-14,1634.52
2013-02-15,1609.77
2013-02-18,1610.05
2013-02-19,1604.86
2013-02-20,1564.33
2013-02-21,1575.98
2013-02-22,1581.22
2013-02-25,1593.17
2013-02-26,1613.58
2013-02-27,1597.02
2013-02-28,1579.46
2013-03-01,1576.07
2013-03-04,1573.69
2013-03-05,1575.19
2013-03-06,1583.56
2013-03-07,1578.62
2013-03-08,1578.66
2013-03-11,1581.42
2013-03-12,1592.64
2013-03-13,1587.45
2013-03-14,1589.84
2013-03-15,1591.89
2013-03-18,1605.25
2013-03-19,1612.49
2013-03-20,1606.67
2013-03-21,1614.41
2013-03-22,1603.37
2013-03-25,1604.91
2013-03-26,1599.8
2013-03-27,1604.98
2013-03-28,1596.78
2013-04-01,1599.33
2013-04-02,1575.67
2013-04-03,1557.56
2013-04-04,1554.33
2013-04-05,1579.47
2013-04-08,1573.24
2013-04-09,1585.25
2013-04-10,1558.23
2013-04-11,1561.09
2013-04-12,1480.46
2013-04-15,1347.41
2013-04-16,1367.06
2013-04-17,1375.94
2013-04-18,1389.99
2013-04-19,1405.54
2013-04-22,1426.04
2013-04-23,1412.78
2013-04-24,1431.43
2013-04-25,1467.55
2013-04-26,1460.04
2013-04-29,1475.42
2013-04-30,1476.33
2013-05-01,1457.3
2013-05-02,1466.67
2013-05-03,1470.21
2013-05-06,1468.99
2013-05-07,1452.21
2013-05-08,1473.7
2013-05-09,1457.77
2013-05-10,1447.22
2013-05-13,1430.4
2013-05-14,1425.1
2013-05-15,1392.6
2013-05-16,1385.84
2013-05-17,1359.62
2013-05-20,1393.55
2013-05-21,1376.03
2013-05-22,1369.68
2013-05-23,1390.73
2013-05-24,1386.33
2013-05-28,1380.94
2013-05-29,1392.48
2013-05-30,1413.78
2013-05-31,1387.57
2013-06-03,1411.14
2013-06-04,1399.17
2013-06-05,1403.12
2013-06-06,1413.66
2013-06-07,1384.08
2013-06-10,1386.21
2013-06-11,1378.04
2013-06-12,1388.74
2013-06-13,1385.86
2013-06-14,1390.38
2013-06-17,1385.0
2013-06-18,1367.32
2013-06-19,1351.14
2013-06-20,1284.46
2013-06-21,1296.12
2013-06-24,1282.14
2013-06-25,1277.44
2013-06-26,1226.33
2013-06-28,1234.26
2013-07-01,1252.05
2013-07-02,1243.23
2013-07-03,1252.6
2013-07-05,1222.98
2013-07-08,1236.73
2013-07-09,1251.04
2013-07-10,1259.46
2013-07-11,1285.69
2013-07-12,1285.2
2013-07-15,1284.34
2013-07-16,1291.75
2013-07-17,1275.7
2013-07-18,1283.94
2013-07-19,1295.88
2013-07-22,1335.47
2013-07-23,1344.99
2013-07-24,1321.79
2013-07-25,1333.34
2013-07-26,1333.18
2013-07-29,1327.98
2013-07-30,1326.02
2013-07-31,1324.85
2013-08-01,1309.99
2013-08-02,1312.26
2013-08-05,1302.75
2013-08-06,1282.8
2013-08-07,1287.08
2013-08-08,1312.91
2013-08-09,1314.38
2013-08-12,1337.95
2013-08-13,1321.26
2013-08-14,1335.72
2013-08-15,1365.92
2013-08-16,1376.3
2013-08-19,1365.62
2013-08-20,1370.9
2013-08-21,1366.38
2013-08-22,1375.72
2013-08-23,1380.59
2013-08-26,1404.37
2013-08-27,1414.76
2013-08-28,1417.23
2013-08-29,1407.47
2013-08-30,1394.47
2013-09-03,1411.99
2013-09-04,1391.27
2013-09-05,1367.18
2013-09-06,1391.46
2013-09-09,1386.71
2013-09-10,1363.49
2013-09-11,1365.08
2013-09-12,1321.19
2013-09-13,1327.06
2013-09-16,1312.47
2013-09-17,1310.18
2013-09-18,1363.48
2013-09-19,1365.9
2013-09-20,1325.71
2013-09-23,1322.27
2013-09-24,1322.94
2013-09-25,1334.04
2013-09-26,1323.7
2013-09-27,1336.33
2013-09-30,1328.6
2013-10-01,1287.41
2013-10-02,1315.67
2013-10-03,1316.49
2013-10-04,1310.61
2013-10-07,1322.68
2013-10-08,1318.74
2013-10-09,1305.3
2013-10-10,1287.15
2013-10-11,1271.84
2013-10-14,1271.95
2013-10-15,1282.04
2013-10-16,1281.97
2013-10-17,1319.97
2013-10-18,1315.94
2013-10-21,1315.66
2013-10-22,1339.78
2013-10-23,1333.08
2013-10-24,1346.4
2013-10-25,1350.36
2013-10-28,1352.25
2013-10-29,1344.7
2013-10-30,1344.23
2013-10-31,1322.75
2013-11-01,1315.74
2013-11-04,1314.4
2013-11-05,1311.41
2013-11-06,1317.56
2013-11-07,1307.28
2013-11-08,1288.3
2013-11-11,1282.69
2013-11-12,1267.71
2013-11-13,1281.32
2013-11-14,1286.96
2013-11-15,1289.78
2013-11-18,1274.84
2013-11-19,1275.21
2013-11-20,1243.83
2013-11-21,1242.74
2013-11-22,1243.4
2013-11-25,1251.47
2013-11-26,1242.47
2013-11-27,1237.45
2013-11-29,1251.26
2013-12-02,1219.47
2013-12-03,1223.02
2013-12-04,1243.29
2013-12-05,1224.87
2013-12-06,1228.75
2013-12-09,1239.94
2013-12-10,1261.91
2013-12-11,1251.95
2013-12-12,1225.07
2013-12-13,1238.4
2013-12-16,1241.08
2013-12-17,1230.69
2013-12-18,1218.15
2013-12-19,1188.1
2013-12-20,1202.88
2013-12-23,1198.15
2013-12-24,1204.32
2013-12-26,1210.24
2013-12-27,1213.04
2013-12-30,1196.1
2014-01-02,1224.12
2014-01-03,1237.58
2014-01-06,1237.58
2014-01-07,1231.76
2014-01-08,1225.6
2014-01-09,1227.6
2014-01-10,1247.54
2014-01-13,1252.84
2014-01-14,1244.74
2014-01-15,1241.48
2014-01-16,1241.99
2014-01-17,1253.76
2014-01-21,1241.03
2014-01-22,1236.83
2014-01-23,1263.68
2014-01-24,1269.72
2014-01-27,1256.66
2014-01-28,1256.48
2014-01-29,1266.9
2014-01-30,1243.43
2014-01-31,1242.48
2014-02-03,1257.3
2014-02-04,1254.32
2014-02-05,1257.46
2014-02-06,1257.76
2014-02-07,1266.72
2014-02-10,1274.46
2014-02-11,1291.0
2014-02-12,1290.79
2014-02-13,1302.49
2014-02-14,1317.18
2014-02-18,1321.69
2014-02-19,1311.33
2014-02-20,1322.81
2014-02-21,1324.78
2014-02-24,1336.77
2014-02-25,1340.26
2014-02-26,1330.39
2014-02-27,1331.0
2014-02-28,1327.56
2014-03-03,1350.3
2014-03-04,1334.22
2014-03-05,1336.56
2014-03-06,1350.56
2014-03-07,1339.12
2014-03-10,1339.47
2014-03-11,1348.67
2014-03-12,1366.67
2014-03-13,1369.97
2014-03-14,1381.66
2014-03-17,1366.79
2014-03-18,1355.5
2014-03-19,1329.4
2014-03-20,1327.59
2014-03-21,1333.43
2014-03-24,1308.58
2014-03-25,1310.81
2014-03-26,1304.22
2014-03-27,1291.01
2014-03-28,1293.92
2014-03-31,1283.65
2014-04-01,1278.73
2014-04-02,1289.63
2014-04-03,1286.44
2014-04-04,1302.62
2014-04-07,1297.0
2014-04-08,1308.24
2014-04-09,1311.57
2014-04-10,1318.63
2014-04-11,1318.08
2014-04-14,1327.67
2014-04-15,1302.41
2014-04-16,1302.23
2014-04-17,1294.87
2014-04-21,1289.61
2014-04-22,1283.56
2014-04-23,1283.56
2014-04-24,1293.06
2014-04-25,1303.48
2014-04-28,1296.41
2014-04-29,1295.67
2014-04-30,1291.16
2014-05-01,1283.95
2014-05-02,1299.58
2014-05-05,1309.96
2014-05-06,1307.74
2014-05-07,1289.71
2014-05-08,1289.13
2014-05-09,1288.59
2014-05-12,1295.53
2014-05-13,1293.32
2014-05-14,1305.61
2014-05-15,1295.88
2014-05-16,1292.43
2014-05-19,1292.78
2014-05-20,1293.97
2014-05-21,1291.79
2014-05-22,1293.92
2014-05-23,1292.23
2014-05-27,1264.51
2014-05-28,1257.81
2014-05-29,1255.41
2014-05-30,1250.43
2014-06-02,1243.59
2014-06-03,1244.76
2014-06-04,1243.69
2014-06-05,1253.35
2014-06-06,1252.54
2014-06-09,1251.93
2014-06-10,1259.6
2014-06-11,1260.77
2014-06-12,1273.03
2014-06-13,1276.64
2014-06-16,1271.67
2014-06-17,1270.31
2014-06-18,1277.31
2014-06-19,1319.89
2014-06-20,1314.01
2014-06-23,1317.24
2014-06-24,1317.92
2014-06-25,1318.86
2014-06-26,1316.21
2014-06-27,1315.12
2014-06-30,1327.04
2014-07-01,1326.13
2014-07-02,1326.46
2014-07-03,1319.28
2014-07-07,1319.73
2014-07-08,1318.92
2014-07-09,1327.42
2014-07-10,1335.41
2014-07-11,1338.41
2014-07-14,1306.85
2014-07-15,1293.84
2014-07-16,1298.87
2014-07-17,1318.8
2014-07-18,1310.12
2014-07-21,1312.2
2014-07-22,1306.18
2014-07-23,1304.47
2014-07-24,1293.36
2014-07-25,1307.81
2014-07-28,1303.73
2014-07-29,1298.82
2014-07-30,1295.86
2014-07-31,1282.48
2014-08-01,1293.71
2014-08-04,1287.85
2014-08-05,1288.45
2014-08-06,1305.56
2014-08-07,1312.19
2014-08-08,1309.21
2014-08-11,1308.12
2014-08-12,1309.12
2014-08-13,1312.54
2014-08-14,1313.08
2014-08-15,1304.31
2014-08-18,1298.1
2014-08-19,1295.41
2014-08-20,1291.6
2014-08-21,1276.4
2014-08-22,1280.61
2014-08-25,1276.43
2014-08-26,1280.63
2014-08-27,1282.46
2014-08-28,1289.24
2014-08-29,1287.02
2014-09-02,1265.06
2014-09-03,1269.04
2014-09-04,1261.5
2014-09-05,1268.21
2014-09-08,1255.02
2014-09-09,1255.14
2014-09-10,1249.31
2014-09-11,1240.51
2014-09-12,1228.01
2014-09-15,1233.1
2014-09-16,1235.26
2014-09-17,1223.09
2014-09-18,1224.79
2014-09-19,1215.91
2014-09-22,1214.67
2014-09-23,1223.08
2014-09-24,1216.75
2014-09-25,1221.25
2014-09-26,1218.71
2014-09-29,1215.6
2014-09-30,1207.94
2014-10-01,1213.49
2014-10-02,1214.24
2014-10-03,1190.76
2014-10-06,1206.81
2014-10-07,1208.64
2014-10-08,1220.78
2014-10-09,1223.96
2014-10-10,1223.11
2014-10-13,1235.56
2014-10-14,1232.34
2014-10-15,1241.75
2014-10-16,1238.69
2014-10-17,1238.01
2014-10-20,1246.58
2014-10-21,1248.54
2014-10-22,1241.09
2014-10-23,1231.52
2014-10-24,1230.81
2014-10-27,1226.25
2014-10-28,1228.25
2014-10-29,1211.84
2014-10-30,1198.54
2014-10-31,1172.51
2014-11-03,1165.3
2014-11-04,1168.13
2014-11-05,1140.03
2014-11-06,1141.6
2014-11-07,1177.81
2014-11-10,1151.36
2014-11-11,1164.01
2014-11-12,1162.4
2014-11-13,1162.19
2014-11-14,1189.01
2014-11-17,1186.36
2014-11-18,1196.62
2014-11-19,1182.67
2014-11-20,1193.42
2014-11-21,1201.11
2014-11-24,1196.77
2014-11-25,1200.67
2014-11-26,1197.7
2014-11-28,1166.93
2014-12-01,1211.76
2014-12-02,1197.98
2014-12-03,1209.25
2014-12-04,1204.86
2014-12-05,1191.85
2014-12-08,1203.18
2014-12-09,1230.8
2014-12-10,1225.93
2014-12-11,1227.48
2014-12-12,1221.33
2014-12-15,1192.92
2014-12-16,1196.97
2014-12-17,1189.38
2014-12-18,1198.26
2014-12-19,1195.37
2014-12-22,1176.15
2014-12-23,1176.15
2014-12-24,1174.41
2014-12-26,1195.58
2014-12-29,1183.04
2014-12-30,1200.18
2014-12-31,1184.03
2015-01-02,1188.24
2015-01-05,1204.48
2015-01-06,1218.34
2015-01-07,1211.0
2015-01-08,1208.56
2015-01-09,1222.81
2015-01-12,1233.31
2015-01-13,1230.39
2015-01-14,1228.26
2015-01-15,1262.49
2015-01-16,1279.76
2015-01-20,1294.66
2015-01-21,1292.81
2015-01-22,1301.8
2015-01-23,1294.71
2015-01-26,1281.17
2015-01-27,1292.14
2015-01-28,1284.26
2015-01-29,1257.01
2015-01-30,1283.15
2015-02-02,1273.96
2015-02-03,1260.08
2015-02-04,1269.1
2015-02-05,1264.61
2015-02-06,1233.53
2015-02-09,1238.89
2015-02-10,1233.2
2015-02-11,1218.36
2015-02-12,1221.55
2015-02-13,1229.25
2015-02-17,1209.37
2015-02-18,1212.35
2015-02-19,1206.63
2015-02-20,1201.34
2015-02-23,1201.47
2015-02-24,1200.18
2015-02-25,1204.52
2015-02-26,1209.2
2015-02-27,1212.87
2015-03-02,1206.78
2015-03-03,1203.45
2015-03-04,1200.06
2015-03-05,1198.12
2015-03-06,1164.52
2015-03-09,1166.84
2015-03-10,1161.42
2015-03-11,1154.78
2015-03-12,1153.15
2015-03-13,1158.77
2015-03-16,1154.46
2015-03-17,1149.26
2015-03-18,1167.32
2015-03-19,1170.65
2015-03-20,1181.94
2015-03-23,1189.08
2015-03-24,1192.88
2015-03-25,1195.12
2015-03-26,1204.54
2015-03-27,1198.54
2015-03-30,1185.99
2015-03-31,1183.26
2015-04-01,1203.69
2015-04-02,1202.43
2015-04-06,1214.61
2015-04-07,1208.86
2015-04-08,1202.31
2015-04-09,1194.5
2015-04-10,1207.57
2015-04-13,1198.65
2015-04-14,1192.45
2015-04-15,1202.27
2015-04-16,1198.29
2015-04-17,1203.98
2015-04-20,1195.42
2015-04-21,1202.12
2015-04-22,1186.86
2015-04-23,1193.72
2015-04-24,1179.04
2015-04-27,1201.86
2015-04-28,1212.02
2015-04-29,1204.61
2015-04-30,1184.13
2015-05-01,1178.12
2015-05-04,1188.08
2015-05-05,1192.97
2015-05-06,1192.0
2015-05-07,1184.25
2015-05-08,1187.63
2015-05-11,1183.78
2015-05-12,1193.64
2015-05-13,1215.53
2015-05-14,1220.81
2015-05-15,1223.61
2015-05-18,1225.26
2015-05-19,1207.59
2015-05-20,1209.56
2015-05-21,1206.05
2015-05-22,1205.53
2015-05-26,1186.85
2015-05-27,1187.75
2015-05-28,1187.95
2015-05-29,1190.02
2015-06-01,1189.07
2015-06-02,1192.76
2015-06-03,1184.67
2015-06-04,1176.74
2015-06-05,1171.25
2015-06-08,1173.89
2015-06-09,1176.7
2015-06-10,1185.75
2015-06-11,1181.75
2015-06-12,1180.93
2015-06-15,1186.05
2015-06-16,1182.02
2015-06-17,1185.19
2015-06-18,1201.63
2015-06-19,1199.48
2015-06-22,1185.89
2015-06-23,1178.36
2015-06-24,1175.09
2015-06-25,1172.97
2015-06-26,1175.09
2015-06-29,1179.52
2015-06-30,1172.0
2015-07-01,1168.45
2015-07-02,1165.95
2015-07-06,1170.11
2015-07-07,1154.74
2015-07-08,1157.88
2015-07-09,1159.02
2015-07-10,1163.01
2015-07-13,1157.69
2015-07-14,1155.72
2015-07-15,1149.15
2015-07-16,1145.12
2015-07-17,1134.41
2015-07-20,1096.39
2015-07-21,1100.91
2015-07-22,1093.93
2015-07-23,1090.33
2015-07-24,1098.73
2015-07-27,1093.88
2015-07-28,1095.02
2015-07-29,1096.75
2015-07-30,1088.59
2015-07-31,1095.11
2015-08-03,1086.48
2015-08-04,1087.42
2015-08-05,1084.78
2015-08-06,1089.24
2015-08-07,1093.93
2015-08-10,1104.23
2015-08-11,1108.65
2015-08-12,1124.26
2015-08-13,1114.8
2015-08-14,1114.61
2015-08-17,1117.33
2015-08-18,1117.41
2015-08-19,1133.93
2015-08-20,1151.88
2015-08-21,1160.27
2015-08-24,1154.85
2015-08-25,1140.37
2015-08-26,1124.95
2015-08-27,1124.56
2015-08-28,1133.17
2015-08-31,1134.68
2015-09-01,1139.95
2015-09-02,1133.79
2015-09-03,1125.04
2015-09-04,1121.61
2015-09-08,1121.31
2015-09-09,1107.41
2015-09-10,1110.56
2015-09-11,1107.34
2015-09-14,1108.7
2015-09-15,1104.96
2015-09-16,1119.31
2015-09-17,1131.22
2015-09-18,1138.69
2015-09-21,1133.13
2015-09-22,1124.43
2015-09-23,1130.03
2015-09-24,1153.8
2015-09-25,1145.88
2015-09-28,1131.73
2015-09-29,1127.01
2015-09-30,1114.68
2015-10-01,1112.91
2015-10-02,1138.16
2015-10-05,1135.37
2015-10-06,1146.99
2015-10-07,1144.3
2015-10-08,1138.16
2015-10-09,1155.78
2015-10-12,1162.51
2015-10-13,1168.46
2015-10-14,1183.88
2015-10-15,1182.79
2015-10-16,1176.58
2015-10-19,1170.51
2015-10-20,1175.79
2015-10-21,1166.9
2015-10-22,1165.48
2015-10-23,1164.04
2015-10-26,1162.87
2015-10-27,1166.48
2015-10-28,1155.7
2015-10-29,1145.65
2015-10-30,1141.8
2015-11-02,1133.27
2015-11-03,1117.58
2015-11-04,1107.68
2015-11-05,1103.7
2015-11-06,1089.24
2015-11-09,1092.19
2015-11-10,1089.47
2015-11-11,1086.15
2015-11-12,1085.05
2015-11-13,1083.51
2015-11-16,1082.56
2015-11-17,1070.03
2015-11-18,1070.5
2015-11-19,1082.01
2015-11-20,1077.62
2015-11-23,1068.86
2015-11-24,1075.42
2015-11-25,1071.1
2015-11-27,1057.45
2015-11-30,1064.24
2015-12-01,1068.53
2015-12-02,1053.16
2015-12-03,1061.95
2015-12-04,1085.96
2015-12-07,1071.14
2015-12-08,1074.65
2015-12-09,1072.54
2015-12-10,1071.22
2015-12-11,1074.31
2015-12-14,1059.78
2015-12-15,1060.91
2015-12-16,1071.97
2015-12-17,1050.86
2015-12-18,1066.04
2015-12-21,1078.2
2015-12-22,1072.29
2015-12-23,1070.12
2015-12-24,1076.06
2015-12-28,1068.9
2015-12-29,1068.86
2015-12-30,1060.46
2015-12-31,1061.17
2016-01-04,1074.44
2016-01-05,1077.07
2016-01-06,1093.42
2016-01-07,1108.68
2016-01-08,1104.09
2016-01-11,1094.07
2016-01-12,1086.16
2016-01-13,1093.28
2016-01-14,1078.08
2016-01-15,1088.49
2016-01-19,1087.07
2016-01-20,1100.64
2016-01-21,1100.94
2016-01-22,1097.5
2016-01-25,1107.7
2016-01-26,1119.16
2016-01-27,1124.62
2016-01-28,1114.41
2016-01-29,1118.0
2016-02-01,1128.2
2016-02-02,1128.77
2016-02-03,1142.28
2016-02-04,1155.27
2016-02-05,1173.02
2016-02-08,1188.84
2016-02-09,1188.83
2016-02-10,1196.89
2016-02-11,1246.5
2016-02-12,1237.36
2016-02-16,1200.08
2016-02-17,1208.94
2016-02-18,1230.79
2016-02-19,1225.96
2016-02-22,1208.43
2016-02-23,1225.47
2016-02-24,1228.59
2016-02-25,1232.85
2016-02-26,1222.62
2016-02-29,1238.3
2016-03-01,1231.94
2016-03-02,1239.66
2016-03-03,1263.94
2016-03-04,1258.84
2016-03-07,1267.06
2016-03-08,1261.38
2016-03-09,1252.94
2016-03-10,1272.0
2016-03-11,1250.25
2016-03-14,1235.01
2016-03-15,1232.37
2016-03-16,1262.25
2016-03-17,1257.64
2016-03-18,1255.04
2016-03-21,1243.42
2016-03-22,1248.13
2016-03-23,1219.72
2016-03-24,1216.61
2016-03-28,1221.36
2016-03-29,1241.9
2016-03-30,1224.69
2016-03-31,1232.36
2016-04-01,1221.77
2016-04-04,1215.22
2016-04-05,1231.01
2016-04-06,1222.46
2016-04-07,1240.25
2016-04-08,1239.12
2016-04-11,1257.46
2016-04-12,1255.29
2016-04-13,1242.28
2016-04-14,1227.58
2016-04-15,1233.54
2016-04-18,1232.16
2016-04-19,1250.12
2016-04-20,1243.98
2016-04-21,1247.84
2016-04-22,1231.94
2016-04-25,1237.39
2016-04-26,1243.08
2016-04-27,1245.55
2016-04-28,1265.79
2016-04-29,1292.72
2016-05-02,1291.34
2016-05-03,1286.36
2016-05-04,1278.3
2016-05-05,1277.47
2016-05-06,1287.6
2016-05-09,1263.63
2016-05-10,1265.47
2016-05-11,1277.15
2016-05-12,1263.35
2016-05-13,1272.79
2016-05-16,1273.74
2016-05-17,1278.62
2016-05-19,1254.21
2016-05-20,1251.9
2016-05-23,1248.54
2016-05-24,1226.94
2016-05-25,1224.04
2016-05-26,1219.19
2016-05-27,1212.66
2016-05-31,1214.6
2016-06-01,1212.7
2016-06-02,1210.54
2016-06-03,1243.98
2016-06-06,1244.78
2016-06-07,1243.59
2016-06-08,1262.11
2016-06-09,1269.25
2016-06-10,1273.58
2016-06-13,1283.68
2016-06-14,1285.64
2016-06-15,1291.34
2016-06-16,1277.93
2016-06-17,1298.32
2016-06-20,1289.59
2016-06-21,1267.49
2016-06-22,1265.91
2016-06-23,1254.99
2016-06-24,1315.09
2016-06-27,1324.08
2016-06-28,1311.48
2016-06-29,1318.8
2016-06-30,1321.52
2016-07-01,1340.9
2016-07-05,1355.78
2016-07-06,1363.31
2016-07-07,1359.85
2016-07-08,1366.09
2016-07-11,1354.64
2016-07-12,1332.87
2016-07-13,1342.41
2016-07-14,1334.82
2016-07-15,1337.25
2016-07-18,1328.45
2016-07-19,1331.78
2016-07-20,1315.65
2016-07-21,1330.48
2016-07-22,1321.89
2016-07-25,1314.85
2016-07-26,1320.09
2016-07-27,1339.31
2016-07-28,1334.37
2016-07-29,1350.77
2016-08-01,1351.86
2016-08-02,1363.29
2016-08-03,1357.25
2016-08-04,1361.13
2016-08-05,1335.88
2016-08-08,1334.31
2016-08-09,1340.29
2016-08-10,1346.05
2016-08-11,1337.83
2016-08-12,1336.06
2016-08-15,1338.82
2016-08-16,1345.55
2016-08-17,1348.4
2016-08-18,1352.46
2016-08-19,1341.08
2016-08-22,1338.44
2016-08-23,1337.84
2016-08-24,1324.01
2016-08-25,1321.46
2016-08-26,1320.94
2016-08-29,1322.54
2016-08-30,1310.78
2016-08-31,1308.59
2016-09-01,1313.57
2016-09-02,1325.36
2016-09-06,1349.86
2016-09-07,1344.77
2016-09-08,1337.57
2016-09-09,1327.8
2016-09-12,1327.51
2016-09-13,1317.97
2016-09-14,1321.9
2016-09-15,1313.39
2016-09-16,1309.72
2016-09-19,1312.94
2016-09-20,1314.33
2016-09-21,1334.53
2016-09-22,1335.9
2016-09-23,1337.32
2016-09-26,1337.34
2016-09-27,1326.86
2016-09-28,1321.0
2016-09-29,1319.59
2016-09-30,1315.69
2016-10-03,1311.15
2016-10-04,1267.91
2016-10-05,1265.69
2016-10-06,1253.72
2016-10-07,1256.08
2016-10-10,1257.83
2016-10-11,1250.92
2016-10-12,1253.41
2016-10-13,1257.82
2016-10-14,1250.51
2016-10-20,1264.21
2016-10-21,1265.96
2016-10-24,1264.17
2016-10-25,1273.44
2016-10-26,1266.14
2016-10-27,1266.85
2016-10-28,1275.74
2016-10-31,1275.99
2016-11-01,1288.16
2016-11-02,1296.13
2016-11-03,1302.38
2016-11-04,1304.4
2016-11-07,1280.61
2016-11-08,1275.33
2016-11-09,1277.33
2016-11-10,1257.85
2016-11-11,1227.0
2016-11-14,1219.48
2016-11-15,1228.38
2016-11-16,1224.42
2016-11-17,1215.93
2016-11-18,1207.79
2016-11-21,1213.08
2016-11-22,1211.52
2016-11-23,1187.21
2016-11-25,1179.67
2016-11-28,1192.78
2016-11-29,1187.53
2016-11-30,1172.58
2016-12-01,1169.88
2016-12-02,1176.78
2016-12-05,1169.77
2016-12-06,1168.55
2016-12-07,1173.71
2016-12-08,1170.2
2016-12-09,1159.64
2016-12-12,1161.89
2016-12-13,1157.94
2016-12-14,1142.27
2016-12-15,1127.34
2016-12-16,1134.31
2016-12-19,1138.28
2016-12-20,1132.03
2016-12-21,1130.85
2016-12-22,1127.94
2016-12-23,1132.72
2016-12-27,1138.25
2016-12-28,1141.04
2016-12-29,1157.48
2016-12-30,1151.46
2017-01-03,1158.27
2017-01-04,1162.3
2017-01-05,1179.6
2017-01-06,1172.04
2017-01-09,1180.29
2017-01-10,1186.25
2017-01-11,1191.34
2017-01-12,1195.18
2017-01-13,1197.07
2017-01-17,1216.71
2017-01-18,1203.84
2017-01-19,1204.52
2017-01-20,1207.84
2017-01-23,1217.78
2017-01-24,1208.77
2017-01-25,1200.06
2017-01-26,1188.51
2017-01-27,1191.35
2017-01-30,1195.36
2017-01-31,1210.46
2017-02-01,1209.64
2017-02-02,1215.75
2017-02-03,1220.11
2017-02-06,1235.34
2017-02-07,1233.75
2017-02-08,1241.42
2017-02-09,1228.34
2017-02-10,1233.59
2017-02-13,1225.32
2017-02-14,1228.28
2017-02-15,1233.29
2017-02-16,1239.11
2017-02-17,1234.81
2017-02-21,1235.66
2017-02-22,1237.37
2017-02-23,1249.3
2017-02-24,1256.93
2017-02-27,1252.71
2017-02-28,1248.18
2017-03-01,1249.41
2017-03-02,1233.73
2017-03-03,1234.5
2017-03-06,1225.31
2017-03-07,1215.65
2017-03-08,1208.11
2017-03-09,1200.96
2017-03-10,1204.69
2017-03-13,1204.1
2017-03-14,1198.45
2017-03-15,1219.44
2017-03-16,1226.0
2017-03-17,1229.02
2017-03-20,1233.52
2017-03-21,1244.24
2017-03-22,1248.27
2017-03-23,1243.69
2017-03-24,1244.85
2017-03-27,1255.33
2017-03-28,1250.45
2017-03-29,1252.88
2017-03-30,1243.32
2017-03-31,1248.85
2017-04-03,1253.35
2017-04-04,1255.02
2017-04-05,1253.48
2017-04-06,1251.49
2017-04-07,1253.96
2017-04-10,1253.87
2017-04-11,1274.13
2017-04-12,1285.95
2017-04-13,1287.22
2017-04-14,1286.46
2017-04-17,1287.7
2017-04-18,1289.0
2017-04-19,1279.59
2017-04-20,1281.27
2017-04-21,1283.71
2017-04-24,1275.26
2017-04-25,1263.45
2017-04-26,1268.21
2017-04-27,1263.15
2017-04-28,1267.81
2017-05-01,1255.15
2017-05-02,1256.2
2017-05-03,1238.07
2017-05-04,1227.61
2017-05-05,1227.09
2017-05-08,1225.8
2017-05-09,1218.58
2017-05-10,1218.75
2017-05-11,1224.64
2017-05-12,1228.33
2017-05-15,1230.15
2017-05-16,1235.4
2017-05-17,1260.92
2017-05-18,1246.94
2017-05-19,1255.21
2017-05-22,1260.18
2017-05-23,1250.52
2017-05-24,1257.71
2017-05-25,1255.24
2017-05-26,1266.7
2017-05-29,1266.89
2017-05-30,1262.65
2017-05-31,1267.57
2017-06-01,1265.56
2017-06-02,1278.84
2017-06-05,1277.57
2017-06-06,1294.06
2017-06-07,1286.51
2017-06-08,1277.8
2017-06-09,1266.57
2017-06-12,1265.59
2017-06-13,1265.1
2017-06-14,1260.54
2017-06-15,1253.9
2017-06-16,1253.72
2017-06-19,1243.32
2017-06-20,1241.87
2017-06-21,1246.53
2017-06-22,1250.13
2017-06-23,1256.7
2017-06-26,1244.02
2017-06-27,1246.89
2017-06-28,1247.46
2017-06-29,1245.23
2017-06-30,1241.36
2017-07-03,1220.14
2017-07-04,1223.12
2017-07-05,1225.68
2017-07-06,1225.06
2017-07-07,1212.79
2017-07-10,1214.03
2017-07-11,1217.31
2017-07-12,1219.96
2017-07-13,1217.19
2017-07-14,1228.47
2017-07-17,1233.73
2017-07-18,1242.23
2017-07-19,1241.14
2017-07-20,1242.72
2017-07-21,1254.94
2017-07-24,1255.4
2017-07-25,1249.84
2017-07-26,1260.57
2017-07-27,1258.91
2017-07-28,1269.4
2017-07-31,1269.13
2017-08-01,1268.81
2017-08-02,1266.51
2017-08-03,1268.35
2017-08-04,1258.65
2017-08-07,1257.11
2017-08-08,1260.52
2017-08-09,1277.13
2017-08-10,1286.0
2017-08-11,1288.92
2017-08-14,1281.59
2017-08-15,1270.88
2017-08-16,1282.74
2017-08-17,1287.58
2017-08-18,1284.3
2017-08-21,1291.68
2017-08-22,1284.68
2017-08-23,1290.63
2017-08-24,1284.83
2017-08-25,1290.84
2017-08-28,1309.78
2017-08-29,1309.02
2017-08-30,1308.58
2017-08-31,1320.96
2017-09-01,1324.75
2017-09-04,1334.0
2017-09-05,1339.47
2017-09-06,1333.84
2017-09-07,1348.47
2017-09-08,1346.34
2017-09-11,1327.4
2017-09-12,1331.74
2017-09-13,1322.93
2017-09-14,1329.31
2017-09-15,1319.97
2017-09-18,1307.4
2017-09-19,1310.87
2017-09-20,1300.97
2017-09-21,1291.15
2017-09-22,1297.28
2017-09-25,1310.53
2017-09-26,1293.6
2017-09-27,1288.74
2017-09-28,1289.4
2017-09-29,1286.22
2017-10-02,1288.16
2017-10-03,1271.49
2017-10-04,1274.54
2017-10-05,1267.65
2017-10-06,1276.24
2017-10-09,1283.56
2017-10-10,1287.21
2017-10-11,1291.88
2017-10-12,1293.32
2017-10-13,1303.43
2017-10-16,1294.83
2017-10-17,1284.9
2017-10-18,1280.72
2017-10-19,1289.57
2017-10-20,1280.14
2017-10-23,1281.3
2017-10-24,1275.02
2017-10-25,1279.08
2017-10-26,1266.09
2017-10-27,1273.27
2017-10-30,1276.01
2017-10-31,1270.92
2017-11-01,1274.35
2017-11-02,1275.68
2017-11-03,1269.54
2017-11-06,1281.7
2017-11-07,1275.07
2017-11-08,1281.18
2017-11-09,1284.72
2017-11-10,1275.51
2017-11-13,1277.9
2017-11-14,1279.98
2017-11-15,1278.08
2017-11-16,1277.77
2017-11-17,1293.26
2017-11-20,1275.81
2017-11-21,1280.21
2017-11-22,1291.91
2017-11-23,1290.37
2017-11-24,1287.82
2017-11-27,1294.13
2017-11-28,1293.44
2017-11-29,1282.2
2017-11-30,1274.6
2017-12-01,1280.18
2017-12-04,1275.85
2017-12-05,1265.13
2017-12-06,1260.42
2017-12-07,1246.39
2017-12-08,1245.64
2017-12-11,1241.82
2017-12-12,1243.91
2017-12-13,1255.33
2017-12-14,1251.87
2017-12-15,1254.24
2017-12-18,1261.28
2017-12-19,1260.13
2017-12-20,1265.38
2017-12-21,1266.36
2017-12-22,1274.27
2017-12-26,1281.74
2017-12-27,1286.98
2017-12-28,1292.28
2017-12-29,1302.22
2018-01-02,1316.97
2018-01-03,1313.3
2018-01-04,1323.67
2018-01-05,1317.84
2018-01-08,1320.04
2018-01-09,1311.11
2018-01-10,1314.49
2018-01-11,1322.62
2018-01-12,1336.15
2018-01-15,1340.63
2018-01-16,1337.64
2018-01-17,1326.08
2018-01-18,1326.16
2018-01-19,1331.01
2018-01-22,1333.72
2018-01-23,1340.26
2018-01-24,1358.01
2018-01-25,1345.71
2018-01-26,1350.01
2018-01-29,1339.98
2018-01-30,1338.39
2018-01-31,1344.63
2018-02-01,1348.54
2018-02-02,1332.85
2018-02-05,1337.85
2018-02-06,1324.22
2018-02-07,1318.32
2018-02-08,1317.04
2018-02-09,1314.69
2018-02-12,1322.52
2018-02-13,1329.16
2018-02-14,1350.3
2018-02-15,1353.23
2018-02-16,1346.54
2018-02-20,1329.08
2018-02-21,1323.0
2018-02-22,1331.8
2018-02-23,1328.34
2018-02-26,1333.03
2018-02-27,1318.09
2018-02-28,1317.33
2018-03-01,1316.88
2018-03-02,1322.08
2018-03-05,1320.16
2018-03-06,1334.45
2018-03-07,1325.33
2018-03-08,1321.3
2018-03-09,1323.18
2018-03-12,1322.67
2018-03-13,1325.97
2018-03-14,1324.76
2018-03-15,1315.72
2018-03-16,1313.62
2018-03-19,1315.09
2018-03-20,1310.49
2018-03-21,1331.86
2018-03-22,1328.27
2018-03-23,1346.94
2018-03-26,1352.47
2018-03-27,1344.43
2018-03-28,1324.72
2018-03-29,1324.58
2018-04-02,1341.04
2018-04-03,1332.58
2018-04-04,1333.14
2018-04-05,1326.41
2018-04-06,1332.7
2018-04-09,1336.13
2018-04-10,1339.42
2018-04-11,1353.03
2018-04-12,1334.88
2018-04-13,1345.06
2018-04-16,1345.43
2018-04-17,1347.33
2018-04-18,1349.18
2018-04-19,1345.21
2018-04-20,1335.2
2018-04-23,1324.1
2018-04-24,1330.27
2018-04-25,1323.08
2018-04-26,1316.77
2018-04-27,1322.78
2018-04-30,1315.06
2018-05-01,1302.71
2018-05-02,1304.31
2018-05-03,1311.95
2018-05-04,1314.85
2018-05-07,1313.94
2018-05-08,1314.43
2018-05-09,1312.51
2018-05-10,1321.09
2018-05-11,1317.43
2018-05-14,1313.2
2018-05-15,1290.39
2018-05-16,1290.63
2018-05-17,1290.73
2018-05-18,1292.88
2018-05-21,1293.0
2018-05-22,1291.08
2018-05-23,1293.22
2018-05-24,1304.61
2018-05-25,1301.28
2018-05-28,1297.67
2018-05-29,1298.62
2018-05-30,1301.93
2018-05-31,1298.08
2018-06-01,1292.93
2018-06-04,1291.77
2018-06-05,1296.24
2018-06-06,1296.06
2018-06-07,1296.91
2018-06-08,1298.59
2018-06-11,1300.05
2018-06-12,1295.66
2018-06-13,1299.37
2018-06-14,1302.01
2018-06-15,1279.73
2018-06-18,1278.14
2018-06-19,1274.4
2018-06-20,1267.71
2018-06-21,1267.06
2018-06-22,1269.17
2018-06-25,1263.87
2018-06-26,1257.86
2018-06-27,1251.8
2018-06-28,1248.07
2018-06-29,1252.55
2018-07-02,1241.34
2018-07-03,1252.27
2018-07-04,1257.01
2018-07-05,1254.0
2018-07-06,1254.64
2018-07-09,1257.52
2018-07-10,1255.64
2018-07-11,1241.94
2018-07-12,1246.88
2018-07-13,1241.25
2018-07-16,1240.76
2018-07-17,1227.32
2018-07-18,1227.36
2018-07-19,1222.6
2018-07-20,1231.63
2018-07-23,1225.2
2018-07-24,1224.32
2018-07-25,1231.72
2018-07-26,1222.52
2018-07-27,1222.68
2018-07-30,1221.38
2018-07-31,1223.38
2018-08-01,1217.7
2018-08-02,1207.6
2018-08-03,1213.28
2018-08-06,1206.75
2018-08-07,1210.67
2018-08-08,1214.26
2018-08-09,1212.13
2018-08-10,1211.16
2018-08-13,1192.64
2018-08-14,1193.75
2018-08-15,1174.2
2018-08-16,1173.91
2018-08-17,1184.56
2018-08-20,1190.34
2018-08-21,1196.05
2018-08-22,1195.35
2018-08-23,1185.0
2018-08-24,1205.86
2018-08-27,1211.11
2018-08-28,1200.89
2018-08-29,1206.48
2018-08-30,1199.64
2018-08-31,1201.15
2018-09-03,1201.26
2018-09-04,1191.21
2018-09-05,1197.97
2018-09-06,1199.97
2018-09-07,1194.7
2018-09-10,1195.68
2018-09-11,1198.48
2018-09-12,1205.78
2018-09-13,1201.27
2018-09-14,1193.36
2018-09-17,1200.99
2018-09-18,1197.73
2018-09-19,1203.75
2018-09-20,1206.96
2018-09-21,1199.32
2018-09-24,1198.46
2018-09-25,1201.01
2018-09-26,1194.27
2018-09-27,1182.29
2018-09-28,1191.41
2018-10-01,1188.6
2018-10-02,1202.86
2018-10-03,1197.03
2018-10-04,1199.57
2018-10-05,1202.7
2018-10-08,1187.81
2018-10-09,1189.62
2018-10-10,1194.34
2018-10-11,1224.77
2018-10-12,1217.74
2018-10-15,1226.99
2018-10-16,1224.55
2018-10-17,1222.06
2018-10-18,1225.79
2018-10-19,1226.12
2018-10-22,1221.84
2018-10-23,1230.07
2018-10-24,1233.13
2018-10-25,1229.38
2018-10-26,1230.9
2018-10-29,1229.28
2018-10-30,1222.98
2018-10-31,1214.4
2018-11-01,1232.91
2018-11-02,1232.74
2018-11-05,1231.33
2018-11-06,1226.85
2018-11-07,1226.27
2018-11-08,1223.32
2018-11-09,1209.37
2018-11-12,1200.26
2018-11-13,1201.97
2018-11-14,1210.78
2018-11-15,1212.78
2018-11-16,1221.16
2018-11-19,1224.83
2018-11-20,1221.48
2018-11-21,1225.67
2018-11-22,1226.18
2018-11-23,1223.14
2018-11-26,1222.15
2018-11-27,1214.77
2018-11-28,1220.87
2018-11-29,1224.16
2018-11-30,1221.71
2018-12-03,1230.59
2018-12-04,1238.4
2018-12-05,1237.05
2018-12-06,1237.78
2018-12-07,1248.46
2018-12-10,1244.13
2018-12-11,1242.61
2018-12-12,1244.39
2018-12-13,1241.78
2018-12-14,1238.15
2018-12-17,1245.51
2018-12-18,1249.3
2018-12-19,1242.76
2018-12-20,1260.27
2018-12-21,1255.34
2018-12-24,1268.96
2018-12-26,1269.2
2018-12-27,1277.93
2018-12-28,1280.52
2018-12-31,1282.36
2019-01-02,1284.1
2019-01-03,1293.97
2019-01-04,1284.6
2019-01-07,1288.79
2019-01-08,1285.15
2019-01-09,1292.84
2019-01-10,1285.99
2019-01-11,1287.3
2019-01-14,1291.16
2019-01-15,1289.15
2019-01-16,1293.41
2019-01-17,1291.7
2019-01-18,1281.32
2019-01-21,1279.82
2019-01-22,1284.87
2019-01-23,1282.58
2019-01-24,1280.83
2019-01-25,1303.93
2019-01-28,1303.1
2019-01-29,1311.4
2019-01-30,1319.46
2019-01-31,1320.87
2019-02-01,1317.65
2019-02-04,1311.45
2019-02-05,1316.32
2019-02-06,1306.28
2019-02-07,1309.98
2019-02-08,1313.97
2019-02-11,1307.91
2019-02-12,1310.69
2019-02-13,1305.48
2019-02-14,1311.91
2019-02-15,1321.25
2019-02-18,1326.24
2019-02-19,1341.09
2019-02-20,1338.25
2019-02-21,1323.19
2019-02-22,1327.73
2019-02-25,1327.24
2019-02-26,1328.78
2019-02-27,1319.62
2019-02-28,1313.06
2019-03-01,1293.34
2019-03-04,1286.48
2019-03-05,1287.47
2019-03-06,1286.14
2019-03-07,1284.9
2019-03-08,1298.17
2019-03-11,1293.23
2019-03-12,1301.11
2019-03-13,1309.28
2019-03-14,1296.12
2019-03-15,1302.0
2019-03-18,1303.12
2019-03-19,1306.37
2019-03-20,1312.29
2019-03-21,1308.54
2019-03-22,1313.14
2019-03-25,1321.8
2019-03-26,1315.23
2019-03-27,1309.54
2019-03-28,1289.94
2019-03-29,1291.99
2019-04-01,1287.22
2019-04-02,1292.32
2019-04-03,1289.73
2019-04-04,1292.08
2019-04-05,1291.43
2019-04-08,1296.86
2019-04-09,1303.82
2019-04-10,1307.79
2019-04-11,1292.18
2019-04-12,1290.3
2019-04-15,1287.56
2019-04-16,1276.91
2019-04-17,1273.81
2019-04-18,1275.34
2019-04-22,1274.69
2019-04-23,1272.18
2019-04-24,1275.4
2019-04-25,1277.27
2019-04-26,1285.81
2019-04-29,1279.56
2019-04-30,1283.58
2019-05-01,1276.45
2019-05-02,1270.52
2019-05-03,1278.8
2019-05-06,1280.28
2019-05-07,1284.27
2019-05-08,1280.54
2019-05-09,1283.45
2019-05-10,1285.84
2019-05-13,1301.0
2019-05-14,1297.7
2019-05-15,1297.4
2019-05-16,1285.8
2019-05-17,1277.64
2019-05-20,1278.66
2019-05-21,1274.72
2019-05-22,1272.14
2019-05-23,1282.26
2019-05-24,1284.77
2019-05-27,1285.3
2019-05-28,1279.38
2019-05-29,1278.84
2019-05-30,1288.41
2019-05-31,1305.44
2019-06-03,1324.66
2019-06-04,1325.45
2019-06-05,1330.26
2019-06-06,1335.46
2019-06-07,1340.4
2019-06-10,1327.87
2019-06-11,1326.83
2019-06-12,1333.5
2019-06-13,1342.26
2019-06-14,1341.76
2019-06-17,1339.66
2019-06-18,1346.57
2019-06-19,1360.0
2019-06-20,1388.37
2019-06-21,1399.1
2019-06-24,1419.52
2019-06-25,1423.1
2019-06-26,1408.87
2019-06-27,1407.8
2019-06-28,1409.64
2019-07-01,1384.49
2019-07-02,1418.09
2019-07-03,1418.67
2019-07-04,1414.88
2019-07-05,1398.8
2019-07-08,1395.43
2019-07-09,1397.62
2019-07-10,1418.86
2019-07-11,1403.8
2019-07-12,1415.52
2019-07-15,1414.01
2019-07-16,1406.05
2019-07-17,1426.37
2019-07-18,1445.67
2019-07-19,1425.02
2019-07-22,1424.56
2019-07-23,1417.45
2019-07-24,1425.08
2019-07-25,1414.1
2019-07-26,1418.17
2019-07-29,1426.5
2019-07-30,1430.56
2019-07-31,1412.08
2019-08-01,1444.54
2019-08-02,1440.37
2019-08-05,1463.65
2019-08-06,1474.04
2019-08-07,1500.99
2019-08-08,1500.86
2019-08-09,1497.01
2019-08-12,1511.33
2019-08-13,1501.19
2019-08-14,1516.24
2019-08-15,1523.29
2019-08-16,1512.49
2019-08-19,1495.68
2019-08-20,1507.29
2019-08-21,1502.36
2019-08-22,1497.98
2019-08-23,1526.47
2019-08-26,1527.26
2019-08-27,1542.5
2019-08-28,1540.33
2019-08-29,1526.82
2019-08-30,1520.46
2019-09-02,1528.82
2019-09-03,1547.73
2019-09-04,1552.44
2019-09-05,1518.89
2019-09-06,1505.95
2019-09-09,1498.75
2019-09-10,1485.44
2019-09-11,1496.43
2019-09-12,1498.82
2019-09-13,1488.27
2019-09-16,1498.11
2019-09-17,1501.2
2019-09-18,1493.59
2019-09-19,1498.55
2019-09-20,1516.44
2019-09-23,1522.05
2019-09-24,1531.36
2019-09-25,1503.37
2019-09-26,1504.29
2019-09-27,1496.81
2019-09-30,1472.74
2019-10-01,1479.23
2019-10-02,1499.84
2019-10-03,1504.82
2019-10-04,1504.42
2019-10-07,1493.23
2019-10-08,1505.3
2019-10-09,1505.23
2019-10-10,1493.29
2019-10-11,1488.34
2019-10-14,1492.85
2019-10-15,1481.01
2019-10-16,1489.27
2019-10-17,1491.84
2019-10-18,1490.02
2019-10-21,1484.05
2019-10-22,1487.62
2019-10-23,1491.77
2019-10-24,1502.92
2019-10-25,1504.16
2019-10-28,1492.45
2019-10-29,1487.75
2019-10-30,1495.52
2019-10-31,1512.4
2019-11-01,1513.8
2019-11-04,1509.43
2019-11-05,1483.4
2019-11-06,1490.28
2019-11-07,1468.32
2019-11-08,1458.71
2019-11-11,1455.72
2019-11-12,1456.34
2019-11-13,1463.13
2019-11-14,1470.89
2019-11-15,1467.46
2019-11-18,1470.91
2019-11-19,1472.33
2019-11-20,1471.04
2019-11-21,1464.26
2019-11-22,1461.96
2019-11-25,1454.76
2019-11-26,1461.15
2019-11-27,1454.1
2019-11-28,1456.46
2019-11-29,1463.01
2019-12-02,1462.29
2019-12-03,1477.09
2019-12-04,1474.1
2019-12-05,1475.64
2019-12-06,1459.66
2019-12-09,1461.46
2019-12-10,1464.19
2019-12-11,1474.61
2019-12-12,1469.5
2019-12-13,1475.43
2019-12-16,1475.97
2019-12-17,1475.93
2019-12-18,1475.36
2019-12-19,1478.68
2019-12-20,1477.8
2019-12-23,1485.36
2019-12-24,1498.47
2019-12-26,1510.82
2019-12-27,1510.84
2019-12-30,1514.87
2019-12-31,1516.97
2020-01-02,1528.77
2020-01-03,1551.7
2020-01-06,1565.61
2020-01-07,1573.48
2020-01-08,1556.03
2020-01-09,1552.14
2020-01-10,1561.94
2020-01-13,1547.8
2020-01-14,1546.17
2020-01-15,1556.09
2020-01-16,1552.31
2020-01-17,1556.97
2020-01-20,1559.6
2020-01-21,1558.09
2020-01-22,1558.63
2020-01-23,1562.61
2020-01-24,1571.08
2020-01-27,1581.72
2020-01-28,1567.52
2020-01-29,1576.65
2020-01-30,1573.87
2020-01-31,1588.65
2020-02-03,1576.51
2020-02-04,1552.5
2020-02-05,1556.24
2020-02-06,1566.36
2020-02-07,1570.09
2020-02-10,1571.94
2020-02-11,1567.66
2020-02-12,1565.69
2020-02-13,1575.92
2020-02-14,1583.87
2020-02-18,1601.22
2020-02-19,1611.45
2020-02-20,1619.33
2020-02-21,1643.3
2020-02-24,1658.6
2020-02-25,1634.93
2020-02-26,1640.59
2020-02-27,1643.99
2020-02-28,1585.69
2020-03-02,1589.36
2020-03-03,1640.39
2020-03-04,1636.34
2020-03-05,1671.95
2020-03-06,1674.18
2020-03-09,1678.56
2020-03-10,1649.04
2020-03-11,1635.65
2020-03-12,1577.59
2020-03-13,1529.04
2020-03-16,1511.55
2020-03-17,1527.89
2020-03-18,1485.2
2020-03-19,1472.46
2020-03-20,1496.33
2020-03-23,1550.79
2020-03-24,1619.95
2020-03-25,1615.45
2020-03-26,1627.82
2020-03-27,1620.51
2020-03-30,1620.75
2020-03-31,1575.28
2020-04-01,1590.02
2020-04-02,1610.34
2020-04-03,1614.83
2020-04-06,1657.37
2020-04-07,1647.03
2020-04-08,1644.76
2020-04-09,1681.43
2020-04-13,1711.03
2020-04-14,1726.16
2020-04-15,1716.01
2020-04-16,1717.22
2020-04-17,1680.42
2020-04-20,1694.1
2020-04-21,1683.33
2020-04-22,1713.95
2020-04-23,1729.47
2020-04-24,1726.35
2020-04-27,1714.41
2020-04-28,1707.18
2020-04-29,1712.04
2020-04-30,1685.82
2020-05-01,1698.62
2020-05-04,1700.74
2020-05-05,1704.87
2020-05-06,1684.94
2020-05-07,1715.39
2020-05-08,1700.98
2020-05-11,1697.03
2020-05-12,1701.47
2020-05-13,1715.19
2020-05-14,1729.5
2020-05-15,1740.94
2020-05-18,1731.66
2020-05-19,1744.45
2020-05-20,1747.2
2020-05-21,1726.51
2020-05-22,1734.41
2020-05-25,1727.49
2020-05-26,1709.57
2020-05-27,1708.78
2020-05-28,1718.28
2020-05-29,1728.83
2020-06-01,1739.25
2020-06-02,1727.34
2020-06-03,1697.66
2020-06-04,1713.15
2020-06-05,1684.37
2020-06-08,1697.91
2020-06-09,1714.13
2020-06-10,1737.54
2020-06-11,1726.58
2020-06-12,1729.47
2020-06-15,1724.64
2020-06-16,1726.46
2020-06-17,1725.91
2020-06-18,1721.97
2020-06-19,1742.25
2020-06-22,1754.31
2020-06-23,1767.08
2020-06-24,1760.82
2020-06-25,1763.59
2020-06-26,1769.77
2020-06-29,1772.01
2020-06-30,1779.99
2020-07-01,1769.73
2020-07-02,1774.93
2020-07-03,1774.43
2020-07-06,1783.94
2020-07-07,1794.34
2020-07-08,1808.28
2020-07-09,1802.72
2020-07-10,1798.03
2020-07-13,1801.89
2020-07-14,1809.06
2020-07-15,1810.19
2020-07-16,1796.39
2020-07-17,1809.33
2020-07-20,1816.78
2020-07-21,1841.25
2020-07-22,1871.43
2020-07-23,1886.49
2020-07-24,1900.88
2020-07-27,1941.21
2020-07-28,1959.07
2020-07-29,1970.2
2020-07-30,1955.81
2020-07-31,1974.68
2020-08-03,1976.13
2020-08-04,2018.16
2020-08-05,2037.62
2020-08-06,2063.02
2020-08-07,2033.75
2020-08-10,2026.94
2020-08-11,1911.78
2020-08-12,1916.26
2020-08-13,1952.77
2020-08-14,1943.65
2020-08-17,1984.34
2020-08-18,2001.57
2020-08-19,1927.44
2020-08-20,1945.88
2020-08-21,1939.51
2020-08-24,1928.6
2020-08-25,1927.44
2020-08-26,1953.27
2020-08-27,1928.63
2020-08-28,1964.05
2020-08-31,1967.29
2020-09-01,1970.45
2020-09-02,1942.85
2020-09-03,1930.29
2020-09-04,1932.85
2020-09-07,1928.41
2020-09-08,1931.09
2020-09-09,1946.47
2020-09-10,1945.94
2020-09-11,1939.68
2020-09-14,1956.13
2020-09-15,1953.39
2020-09-16,1959.24
2020-09-17,1943.85
2020-09-18,1949.65
2020-09-21,1912.21
2020-09-22,1899.69
2020-09-23,1862.9
2020-09-24,1867.76
2020-09-25,1860.32
2020-09-28,1881.21
2020-09-29,1897.0
2020-09-30,1884.79
2020-10-01,1904.88
2020-10-02,1898.66
2020-10-05,1913.16
2020-10-06,1877.59
2020-10-07,1887.26
2020-10-08,1893.11
2020-10-09,1929.64
2020-10-12,1922.13
2020-10-13,1890.72
2020-10-14,1900.76
2020-10-15,1907.79
2020-10-16,1898.3
2020-10-19,1903.72
2020-10-20,1906.94
2020-10-21,1924.32
2020-10-22,1903.68
2020-10-23,1901.3
2020-10-26,1901.67
2020-10-27,1907.39
2020-10-28,1876.75
2020-10-29,1867.2
2020-10-30,1878.11
2020-11-02,1894.97
2020-11-03,1909.13
2020-11-04,1902.8
2020-11-05,1948.77
2020-11-06,1950.95
2020-11-09,1862.71
2020-11-10,1876.76
2020-11-11,1865.14
2020-11-12,1876.33
2020-11-13,1888.95
2020-11-16,1888.34
2020-11-17,1879.89
2020-11-18,1871.73
2020-11-19,1866.38
2020-11-20,1870.49
2020-11-23,1837.5
2020-11-24,1807.15
2020-11-25,1806.89
2020-11-26,1809.97
2020-11-27,1787.5
2020-11-30,1779.26
2020-12-01,1814.77
2020-12-02,1830.37
2020-12-03,1840.52
2020-12-04,1838.46
2020-12-07,1861.94
2020-12-08,1870.04
2020-12-09,1839.5
2020-12-10,1836.0
2020-12-11,1839.35
2020-12-14,1826.8
2020-12-15,1853.12
2020-12-16,1864.33
2020-12-17,1885.19
2020-12-18,1880.7
2020-12-21,1876.05
2020-12-22,1859.74
2020-12-23,1872.45
2020-12-24,1874.04
2020-12-28,1873.11
2020-12-29,1878.05
2020-12-30,1893.94
2020-12-31,1896.54
2021-01-04,1941.53
2021-01-05,1949.59
2021-01-06,1918.4
2021-01-07,1912.95
2021-01-08,1848.58
2021-01-11,1843.51
2021-01-12,1854.41
2021-01-13,1844.44
2021-01-14,1845.65
2021-01-15,1827.08
2021-01-18,1836.39
2021-01-19,1839.62
2021-01-20,1870.93
2021-01-21,1869.62
2021-01-22,1855.02
2021-01-25,1852.77
2021-01-26,1847.9
2021-01-27,1836.77
2021-01-28,1841.87
2021-01-29,1845.74
2021-02-01,1856.35
2021-02-02,1837.58
2021-02-03,1832.79
2021-02-04,1793.43
2021-02-05,1813.31
2021-02-08,1829.92
2021-02-09,1837.75
2021-02-10,1842.5
2021-02-11,1825.29
2021-02-12,1824.01
2021-02-15,1818.43
2021-02-16,1794.22
2021-02-17,1776.2
2021-02-18,1775.43
2021-02-19,1783.02
2021-02-22,1809.02
2021-02-23,1805.33
2021-02-24,1804.74
2021-02-25,1769.7
2021-02-26,1734.01
2021-03-01,1724.23
2021-03-02,1738.19
2021-03-03,1710.99
2021-03-04,1698.21
2021-03-05,1700.45
2021-03-08,1682.74
2021-03-09,1715.13
2021-03-10,1726.42
2021-03-11,1722.2
2021-03-12,1726.84
2021-03-15,1731.78
2021-03-16,1731.48
2021-03-17,1744.75
2021-03-18,1735.87
2021-03-19,1744.89
2021-03-22,1738.47
2021-03-23,1726.65
2021-03-24,1733.74
2021-03-25,1726.4
2021-03-26,1732.02
2021-03-29,1711.7
2021-03-30,1684.83
2021-03-31,1707.03
2021-04-01,1729.71
2021-04-05,1728.17
2021-04-06,1743.05
2021-04-07,1737.31
2021-04-08,1755.67
2021-04-09,1743.44
2021-04-12,1732.44
2021-04-13,1745.03
2021-04-14,1736.18
2021-04-15,1763.21
2021-04-16,1776.32
2021-04-19,1770.67
2021-04-20,1778.43
2021-04-21,1793.46
2021-04-22,1783.8
2021-04-23,1776.42
2021-04-26,1781.21
2021-04-27,1776.39
2021-04-28,1781.33
2021-04-29,1771.9
2021-04-30,1768.28
2021-05-03,1792.88
2021-05-04,1779.05
2021-05-05,1787.04
2021-05-06,1814.76
2021-05-07,1830.7
2021-05-10,1835.44
2021-05-11,1836.93
2021-05-12,1815.12
2021-05-13,1826.34
2021-05-14,1843.18
2021-05-17,1866.38
2021-05-18,1869.4
2021-05-19,1869.75
2021-05-20,1875.9
2021-05-21,1881.13
2021-05-24,1879.28
2021-05-25,1896.78
2021-05-26,1896.31
2021-05-27,1896.36
2021-05-28,1903.33
2021-05-31,1906.42
2021-06-01,1899.65
2021-06-02,1908.23
2021-06-03,1870.24
2021-06-04,1891.05
2021-06-07,1898.9
2021-06-08,1892.69
2021-06-09,1888.41
2021-06-10,1898.95
2021-06-11,1876.32
2021-06-14,1865.94
2021-06-15,1858.67
2021-06-16,1810.89
2021-06-17,1772.51
2021-06-18,1763.54
2021-06-21,1783.02
2021-06-22,1778.37
2021-06-23,1778.16
2021-06-24,1774.63
2021-06-25,1780.81
2021-06-28,1778.3
2021-06-29,1760.94
2021-06-30,1769.71
2021-07-01,1776.59
2021-07-02,1787.11
2021-07-05,1791.59
2021-07-06,1796.58
2021-07-07,1803.3
2021-07-08,1801.86
2021-07-09,1807.72
2021-07-12,1805.97
2021-07-13,1807.23
2021-07-14,1827.48
2021-07-15,1829.32
2021-07-16,1811.23
2021-07-19,1812.5
2021-07-20,1810.0
2021-07-21,1803.15
2021-07-22,1806.41
2021-07-23,1801.7
2021-07-26,1797.23
2021-07-27,1798.64
2021-07-28,1806.64
2021-07-29,1827.74
2021-07-30,1813.78
2021-08-02,1813.1
2021-08-03,1810.13
2021-08-04,1811.59
2021-08-05,1803.89
2021-08-06,1763.16
2021-08-09,1729.3
2021-08-10,1728.56
2021-08-11,1751.4
2021-08-12,1752.72
2021-08-13,1779.33
2021-08-16,1786.96
2021-08-17,1785.87
2021-08-18,1787.22
2021-08-19,1779.79
2021-08-20,1780.65
2021-08-23,1805.1
2021-08-24,1802.84
2021-08-25,1790.09
2021-08-26,1791.58
2021-08-27,1817.38
2021-08-30,1809.9
2021-08-31,1813.79
2021-09-01,1813.62
2021-09-02,1809.38
2021-09-03,1827.17
2021-09-06,1823.18
2021-09-07,1793.64
2021-09-08,1789.04
2021-09-09,1794.05
2021-09-10,1787.42
2021-09-13,1793.27
2021-09-14,1804.46
2021-09-15,1793.36
2021-09-16,1752.75
2021-09-17,1753.96
2021-09-20,1764.31
2021-09-21,1773.9
2021-09-22,1767.67
2021-09-23,1741.73
2021-09-24,1749.64
2021-09-27,1749.92
2021-09-28,1733.44
2021-09-29,1726.27
2021-09-30,1756.85
2021-10-01,1760.27
2021-10-04,1769.07
2021-10-05,1759.53
2021-10-06,1762.56
2021-10-07,1754.88
2021-10-08,1756.63
2021-10-11,1753.93
2021-10-12,1759.93
2021-10-13,1792.59
2021-10-14,1795.81
2021-10-15,1767.38
2021-10-18,1764.4
2021-10-19,1768.96
2021-10-20,1781.6
2021-10-21,1782.82
2021-10-22,1792.2
2021-10-25,1807.39
2021-10-26,1792.69
2021-10-27,1796.64
2021-10-28,1798.6
2021-10-29,1782.81
2021-11-01,1793.03
2021-11-02,1787.79
2021-11-03,1769.61
2021-11-04,1791.48
2021-11-05,1817.66
2021-11-08,1824.11
2021-11-09,1831.6
2021-11-10,1848.94
2021-11-11,1861.66
2021-11-12,1864.23
2021-11-15,1862.55
2021-11-16,1849.92
2021-11-17,1867.13
2021-11-18,1858.59
2021-11-19,1845.56
2021-11-22,1804.53
2021-11-23,1789.03
2021-11-24,1788.5
2021-11-25,1788.5
2021-11-26,1791.61
2021-11-29,1784.47
2021-11-30,1774.22
2021-12-01,1781.82
2021-12-02,1767.88
2021-12-03,1783.25
2021-12-06,1778.13
2021-12-07,1783.96
2021-12-08,1782.37
2021-12-09,1774.76
2021-12-10,1782.63
2021-12-13,1786.56
2021-12-14,1770.35
2021-12-15,1776.99
2021-12-16,1798.98
2021-12-17,1797.53
2021-12-20,1790.25
2021-12-21,1788.38
2021-12-22,1803.14
2021-12-23,1807.81
2021-12-24,1807.99
2021-12-27,1811.48
2021-12-28,1805.76
2021-12-29,1803.59
2021-12-30,1814.44
2021-12-31,1828.43
2022-01-03,1800.85
2022-01-04,1814.25
2022-01-05,1809.82
2022-01-06,1790.06
2022-01-07,1796.32
2022-01-10,1801.55
2022-01-11,1821.38
2022-01-12,1826.0
2022-01-13,1822.47
2022-01-14,1817.19
2022-01-17,1818.31
2022-01-18,1813.46
2022-01-19,1840.41
2022-01-20,1839.17
2022-01-21,1833.89
2022-01-24,1842.84
2022-01-25,1847.72
2022-01-26,1818.65
2022-01-27,1796.57
2022-01-28,1791.24
2022-01-31,1796.95
2022-02-01,1800.76
2022-02-02,1806.61
2022-02-03,1804.64
2022-02-04,1807.67
2022-02-07,1820.35
2022-02-08,1825.83
2022-02-09,1832.83
2022-02-10,1826.58
2022-02-11,1858.95
2022-02-14,1871.33
2022-02-15,1853.23
2022-02-16,1869.02
2022-02-17,1897.95
2022-02-18,1897.05
2022-02-21,1903.66
2022-02-22,1898.2
2022-02-23,1908.16
2022-02-24,1903.43
2022-02-25,1888.34
2022-02-28,1908.49
2022-03-01,1944.72
2022-03-02,1927.99
2022-03-03,1936.11
2022-03-04,1969.76
2022-03-07,1997.13
2022-03-08,2049.84
2022-03-09,1991.43
2022-03-10,1995.81
2022-03-11,1986.18
2022-03-14,1950.67
2022-03-15,1917.06
2022-03-16,1925.13
2022-03-17,1942.1
2022-03-18,1920.29
2022-03-21,1935.04
2022-03-22,1920.82
2022-03-23,1944.2
2022-03-24,1957.0
2022-03-25,1957.02
2022-03-28,1922.27
2022-03-29,1919.28
2022-03-30,1932.57
2022-03-31,1936.87
2022-04-01,1923.81
2022-04-04,1932.56
2022-04-05,1923.23
2022-04-06,1925.2
2022-04-07,1931.3
2022-04-08,1946.44
2022-04-11,1954.0
2022-04-12,1966.23
2022-04-13,1977.72
2022-04-14,1973.05
2022-04-18,1978.45
2022-04-19,1949.54
2022-04-20,1957.5
2022-04-21,1951.34
2022-04-22,1931.47
2022-04-25,1897.58
2022-04-26,1905.26
2022-04-27,1885.59
2022-04-28,1894.22
2022-04-29,1896.55
2022-05-02,1862.69
2022-05-03,1867.95
2022-05-04,1881.39
2022-05-05,1877.08
2022-05-06,1882.87
2022-05-09,1853.78
2022-05-10,1838.2
2022-05-11,1852.28
2022-05-12,1821.81
2022-05-13,1811.16
2022-05-16,1824.29
2022-05-17,1814.66
2022-05-18,1816.52
2022-05-19,1841.75
2022-05-20,1846.07
2022-05-23,1853.48
2022-05-24,1866.2
2022-05-25,1853.2
2022-05-26,1850.7
2022-05-27,1853.09
2022-05-30,1855.5
2022-05-31,1837.45
2022-06-01,1846.39
2022-06-02,1868.25
2022-06-03,1850.77
2022-06-06,1841.8
2022-06-07,1852.09
2022-06-08,1852.68
2022-06-09,1847.8
2022-06-10,1871.2
2022-06-13,1819.1
2022-06-14,1808.45
2022-06-15,1833.83
2022-06-16,1856.69
2022-06-17,1840.0
2022-06-20,1837.8
2022-06-21,1833.06
2022-06-22,1837.75
2022-06-23,1822.63
2022-06-24,1826.89
2022-06-27,1822.72
2022-06-28,1820.25
2022-06-29,1817.82
2022-06-30,1807.12
2022-07-01,1809.22
2022-07-04,1807.82
2022-07-05,1765.14
2022-07-06,1738.99
2022-07-07,1739.95
2022-07-08,1742.05
2022-07-11,1733.83
2022-07-12,1726.0
2022-07-13,1735.4
2022-07-14,1709.99
2022-07-15,1707.02
2022-07-18,1709.02
2022-07-19,1711.29
2022-07-20,1696.57
2022-07-21,1719.16
2022-07-22,1727.14
2022-07-25,1719.49
2022-07-26,1717.16
2022-07-27,1734.38
2022-07-28,1756.0
2022-07-29,1766.0
2022-08-01,1771.96
2022-08-02,1761.05
2022-08-03,1765.18
2022-08-04,1790.81
2022-08-05,1774.9
2022-08-08,1789.03
2022-08-09,1794.21
2022-08-10,1792.02
2022-08-11,1789.31
2022-08-12,1801.45
2022-08-15,1779.11
2022-08-16,1775.33
2022-08-17,1762.1
2022-08-18,1758.22
2022-08-19,1747.0
2022-08-22,1735.4
2022-08-23,1747.69
2022-08-24,1751.38
2022-08-25,1758.19
2022-08-26,1738.04
2022-08-29,1737.36
2022-08-30,1724.13
2022-08-31,1710.76
2022-09-01,1697.07
2022-09-02,1711.98
2022-09-05,1709.09
2022-09-06,1701.51
2022-09-07,1718.2
2022-09-08,1708.31
2022-09-09,1716.84
2022-09-12,1724.43
2022-09-13,1702.0
2022-09-14,1696.8
2022-09-15,1663.84
2022-09-16,1675.15
2022-09-19,1675.51
2022-09-20,1664.4
2022-09-21,1673.55
2022-09-22,1671.18
2022-09-23,1643.72
2022-09-26,1622.65
2022-09-27,1628.82
2022-09-28,1659.48
2022-09-29,1660.25
2022-09-30,1660.66
2022-10-03,1699.16
2022-10-04,1725.96
2022-10-05,1715.94
2022-10-06,1712.05
2022-10-07,1694.63
2022-10-10,1667.8
2022-10-11,1665.9
2022-10-12,1672.83
2022-10-13,1665.74
2022-10-14,1643.9
2022-10-17,1650.36
2022-10-18,1651.56
2022-10-19,1628.89
2022-10-20,1627.77
2022-10-21,1657.22
2022-10-24,1649.15
2022-10-25,1652.83
2022-10-26,1664.5
2022-10-27,1662.74
2022-10-28,1644.34
2022-10-31,1633.51
2022-11-01,1647.49
2022-11-02,1634.71
2022-11-03,1629.16
2022-11-04,1680.56
2022-11-07,1675.06
2022-11-08,1711.91
2022-11-09,1706.39
2022-11-10,1754.99
2022-11-11,1770.26
2022-11-14,1771.02
2022-11-15,1778.09
2022-11-16,1773.64
2022-11-17,1760.25
2022-11-18,1750.38
2022-11-21,1737.71
2022-11-22,1739.8
2022-11-23,1749.36
2022-11-24,1754.2
2022-11-25,1753.6
2022-11-28,1741.14
2022-11-29,1749.11
2022-11-30,1768.09
2022-12-01,1802.77
2022-12-02,1798.12
2022-12-05,1768.25
2022-12-06,1770.79
2022-12-07,1785.75
2022-12-08,1788.73
2022-12-09,1797.31
2022-12-12,1781.37
2022-12-13,1810.68
2022-12-14,1807.36
2022-12-15,1776.8
2022-12-16,1793.09
2022-12-19,1787.77
2022-12-20,1817.84
2022-12-21,1814.37
2022-12-22,1792.44
2022-12-23,1798.54
2022-12-27,1813.74
2022-12-28,1804.29
2022-12-29,1814.89
2022-12-30,1824.09
2023-01-02,1826.11
2023-01-03,1839.61
2023-01-04,1854.67
2023-01-05,1833.01
2023-01-06,1866.13
2023-01-09,1871.72
2023-01-10,1877.09
2023-01-11,1875.93
2023-01-12,1897.13
2023-01-13,1920.56
2023-01-16,1915.63
2023-01-17,1908.61
2023-01-18,1904.18
2023-01-19,1932.11
2023-01-20,1926.47
2023-01-23,1931.36
2023-01-24,1937.35
2023-01-25,1946.39
2023-01-26,1929.32
2023-01-27,1928.3
2023-01-30,1923.16
2023-01-31,1928.18
2023-02-01,1950.28
2023-02-02,1912.63
2023-02-03,1865.72
2023-02-06,1867.71
2023-02-07,1872.47
2023-02-08,1875.71
2023-02-09,1861.51
2023-02-10,1865.58
2023-02-13,1853.83
2023-02-14,1854.42
2023-02-15,1836.13
2023-02-16,1836.73
2023-02-17,1842.33
2023-02-20,1841.26
2023-02-21,1834.93
2023-02-22,1825.31
2023-02-23,1822.42
2023-02-24,1811.08
2023-02-27,1817.29
2023-02-28,1826.89
2023-03-01,1836.84
2023-03-02,1835.94
2023-03-03,1855.35
2023-03-06,1846.97
2023-03-07,1813.37
2023-03-08,1813.81
2023-03-09,1830.88
2023-03-10,1867.49
2023-03-13,1913.7
2023-03-14,1903.93
2023-03-15,1918.35
2023-03-16,1919.46
2023-03-17,1986.86
2023-03-20,1978.82
2023-03-21,1940.43
2023-03-22,1968.89
2023-03-23,1993.42
2023-03-24,1978.37
2023-03-27,1956.41
2023-03-28,1973.91
2023-03-29,1964.39
2023-03-30,1980.38
2023-03-31,1969.5
2023-04-03,1984.32
2023-04-04,2020.45
2023-04-05,2020.5
2023-04-06,2007.66
2023-04-07,2007.79
2023-04-10,1991.26
2023-04-11,2003.55
2023-04-12,2014.91
2023-04-13,2040.48
2023-04-14,2004.48
2023-04-17,1995.17
2023-04-18,2005.07
2023-04-19,1994.76
2023-04-20,2004.7
2023-04-21,1982.93
2023-04-24,1989.12
2023-04-25,1996.94
2023-04-26,1989.29
2023-04-27,1987.86
2023-04-28,1989.64
2023-05-01,1982.36
2023-05-02,2016.57
2023-05-03,2038.46
2023-05-04,2050.24
2023-05-05,2016.63
2023-05-08,2021.5
2023-05-09,2034.52
2023-05-10,2030.15
2023-05-11,2015.07
2023-05-12,2011.01
2023-05-15,2016.31
2023-05-16,1988.95
2023-05-17,1981.9
2023-05-18,1957.53
2023-05-19,1977.76
2023-05-22,1971.79
2023-05-23,1975.12
2023-05-24,1957.49
2023-05-25,1940.63
2023-05-26,1946.8
2023-05-29,1943.24
2023-05-30,1959.58
2023-05-31,1962.88
2023-06-01,1977.64
2023-06-02,1948.11
2023-06-05,1961.78
2023-06-06,1963.25
2023-06-07,1940.12
2023-06-08,1965.53
2023-06-09,1960.79
2023-06-12,1957.48
2023-06-13,1943.44
2023-06-14,1940.76
2023-06-15,1957.99
2023-06-16,1957.72
2023-06-19,1950.39
2023-06-20,1936.09
2023-06-21,1932.55
2023-06-22,1913.59
2023-06-23,1920.99
2023-06-26,1923.24
2023-06-27,1913.51
2023-06-28,1907.31
2023-06-29,1908.26
2023-06-30,1919.4
2023-07-03,1921.64
2023-07-04,1925.93
2023-07-05,1915.14
2023-07-06,1910.91
2023-07-07,1925.57
2023-07-10,1925.31
2023-07-11,1932.31
2023-07-12,1957.52
2023-07-13,1960.48
2023-07-14,1955.46
2023-07-17,1954.97
2023-07-18,1978.87
2023-07-19,1976.94
2023-07-20,1969.66
2023-07-21,1961.93
2023-07-24,1954.74
2023-07-25,1964.88
2023-07-26,1972.31
2023-07-27,1945.1
2023-07-28,1959.24
2023-07-31,1965.59
2023-08-01,1944.25
2023-08-02,1934.76
2023-08-03,1934.22
2023-08-04,1942.83
2023-08-07,1936.48
2023-08-08,1925.14
2023-08-09,1914.74
2023-08-10,1912.44
2023-08-11,1913.79
2023-08-14,1907.49
2023-08-15,1901.77
2023-08-16,1892.28
2023-08-17,1889.3
2023-08-18,1889.59
2023-08-21,1894.75
2023-08-22,1897.53
2023-08-23,1915.5
2023-08-24,1916.89
2023-08-25,1914.5
2023-08-28,1920.14
2023-08-29,1937.52
2023-08-30,1942.54
2023-08-31,1939.95
2023-09-01,1939.99
2023-09-04,1938.51
2023-09-05,1926.06
2023-09-06,1916.44
2023-09-07,1919.61
2023-09-08,1919.15
2023-09-11,1922.38
2023-09-12,1913.48
2023-09-13,1908.32
2023-09-14,1910.61
2023-09-15,1923.8
2023-09-18,1933.7
2023-09-19,1931.37
2023-09-20,1930.08
2023-09-21,1920.11
2023-09-22,1925.41
2023-09-25,1915.93
2023-09-26,1900.63
2023-09-27,1875.08
2023-09-28,1864.97
2023-09-29,1848.88
2023-10-02,1828.06
2023-10-03,1823.07
2023-10-04,1821.21
2023-10-05,1820.3
2023-10-06,1832.15
2023-10-09,1861.5
2023-10-10,1860.32
2023-10-11,1874.03
2023-10-12,1869.0
2023-10-13,1931.48
2023-10-16,1920.07
2023-10-17,1923.18
2023-10-18,1947.88
2023-10-19,1974.27
2023-10-20,1980.96
2023-10-23,1972.81
2023-10-24,1971.23
2023-10-25,1979.71
2023-10-26,1984.87
2023-10-27,2006.08
2023-10-30,1996.33
2023-10-31,1983.91
2023-11-01,1981.94
2023-11-02,1985.76
2023-11-03,1992.57
2023-11-06,1978.09
2023-11-07,1969.05
2023-11-08,1950.24
2023-11-09,1958.48
2023-11-10,1938.03
2023-11-13,1946.13
2023-11-14,1963.16
2023-11-15,1959.52
2023-11-16,1981.34
2023-11-17,1980.71
2023-11-20,1977.74
2023-11-21,1998.55
2023-11-22,1990.02
2023-11-23,1992.82
2023-11-24,2002.28
2023-11-27,2014.19
2023-11-28,2041.15
2023-11-29,2044.3
2023-11-30,2036.22
2023-12-01,2071.72
2023-12-04,2029.19
2023-12-05,2019.31
2023-12-06,2025.45
2023-12-07,2028.53
2023-12-08,2004.23
2023-12-11,1981.84
2023-12-12,1979.52
2023-12-13,2027.15
2023-12-14,2036.24
2023-12-15,2019.35
2023-12-18,2027.23
2023-12-19,2040.35
2023-12-20,2031.17
2023-12-21,2045.93
2023-12-22,2053.01
2023-12-26,2067.63
2023-12-27,2077.41
2023-12-28,2065.5
2023-12-29,2062.94
2024-01-02,2059.04
2024-01-03,2041.38
2024-01-04,2043.51
2024-01-05,2045.5
2024-01-08,2028.05
2024-01-09,2030.2
2024-01-10,2024.35
2024-01-11,2028.73
2024-01-12,2049.1
2024-01-15,2054.76
2024-01-16,2028.42
2024-01-17,2006.33
2024-01-18,2023.12
2024-01-19,2029.57
2024-01-22,2021.58
2024-01-23,2029.16
2024-01-24,2013.97
2024-01-25,2020.57
2024-01-26,2018.57
2024-01-29,2032.11
2024-01-30,2036.8
2024-01-31,2038.77
2024-02-01,2054.9
2024-02-02,2039.48
2024-02-05,2024.86
2024-02-06,2035.9
2024-02-07,2035.05
2024-02-08,2034.1
2024-02-09,2024.38
2024-02-12,2020.02
2024-02-13,1993.02
2024-02-14,1992.11
2024-02-15,2004.18
2024-02-16,2013.34
2024-02-19,2017.94
2024-02-20,2024.1
2024-02-21,2025.9
2024-02-22,2024.53
2024-02-23,2035.69
2024-02-26,2031.25
2024-02-27,2030.39
2024-02-28,2034.74
2024-02-29,2043.98
2024-03-01,2083.32
2024-03-04,2114.76
2024-03-05,2127.95
2024-03-06,2148.22
2024-03-07,2159.78
2024-03-08,2178.78
2024-03-11,2182.75
2024-03-12,2158.43
2024-03-13,2174.48
2024-03-14,2162.09
2024-03-15,2156.18
2024-03-18,2160.18
2024-03-19,2157.59
2024-03-20,2185.97
2024-03-21,2181.19
2024-03-22,2165.5
2024-03-25,2171.52
2024-03-26,2178.01
2024-03-27,2194.82
2024-03-28,2231.01
2024-04-01,2250.48
2024-04-02,2280.32
2024-04-03,2299.85
2024-04-04,2290.49
2024-04-05,2329.21
2024-04-08,2339.0
2024-04-09,2352.87
2024-04-10,2332.68
2024-04-11,2374.28
2024-04-12,2344.31
2024-04-15,2382.5
2024-04-16,2382.12
2024-04-17,2362.96
2024-04-18,2378.13
2024-04-19,2391.08
2024-04-22,2326.63
2024-04-23,2322.03
2024-04-24,2315.72
2024-04-25,2331.91
2024-04-26,2337.59
2024-04-29,2336.04
2024-04-30,2286.07
2024-05-01,2318.19
2024-05-02,2303.46
2024-05-03,2302.68
2024-05-06,2324.18
2024-05-07,2314.0
2024-05-08,2308.94
2024-05-09,2345.76
2024-05-10,2360.54
2024-05-13,2336.46
2024-05-14,2357.97
2024-05-15,2386.6
2024-05-16,2376.71
2024-05-17,2414.61
2024-05-20,2425.45
2024-05-21,2420.91
2024-05-22,2378.38
2024-05-23,2328.5
2024-05-24,2334.23
2024-05-27,2351.66
2024-05-28,2361.02
2024-05-29,2338.29
2024-05-30,2343.0
2024-05-31,2327.82
2024-06-03,2350.74
2024-06-04,2326.95
2024-06-05,2355.02
2024-06-06,2375.6
2024-06-07,2293.71
2024-06-10,2310.78
2024-06-11,2316.56
2024-06-12,2324.47
2024-06-13,2304.03
2024-06-14,2333.05
2024-06-17,2319.06
2024-06-18,2329.4
2024-06-19,2328.31
2024-06-20,2359.65
2024-06-21,2320.9
2024-06-24,2333.86
2024-06-25,2319.39
2024-06-26,2298.19
2024-06-27,2327.9
2024-06-28,2326.51
2024-07-01,2331.97
2024-07-02,2329.62
2024-07-03,2356.19
2024-07-04,2357.3
2024-07-05,2391.45
2024-07-08,2358.79
2024-07-09,2363.88
2024-07-10,2371.35
2024-07-11,2414.83
2024-07-12,2411.66
2024-07-15,2422.05
2024-07-16,2468.84
2024-07-17,2458.96
2024-07-18,2445.19
2024-07-19,2400.39
2024-07-22,2396.49
2024-07-23,2409.34
2024-07-24,2397.98
2024-07-25,2364.45
2024-07-26,2387.75
2024-07-29,2383.78
2024-07-30,2410.88
2024-07-31,2447.08
2024-08-01,2446.21
2024-08-02,2441.87
2024-08-05,2409.84
2024-08-06,2389.13
2024-08-07,2382.74
2024-08-08,2427.04
2024-08-09,2431.1
2024-08-12,2472.26
2024-08-13,2465.39
2024-08-14,2447.97
2024-08-15,2456.27
2024-08-16,2507.47
2024-08-19,2504.17
2024-08-20,2514.27
2024-08-21,2511.94
2024-08-22,2484.57
2024-08-23,2511.88
2024-08-26,2518.19
2024-08-27,2524.49
2024-08-28,2504.66
2024-08-29,2521.42
2024-08-30,2503.37
2024-09-02,2499.45
2024-09-03,2492.8
2024-09-04,2493.96
2024-09-05,2516.48
2024-09-06,2497.32
2024-09-09,2505.38
2024-09-10,2516.61
2024-09-11,2511.83
2024-09-12,2558.91
2024-09-13,2579.01
2024-09-16,2583.05
2024-09-17,2569.9
2024-09-18,2558.89
2024-09-19,2586.83
2024-09-20,2622.15
2024-09-23,2628.41
2024-09-24,2657.19
2024-09-25,2657.08
2024-09-26,2672.48
2024-09-27,2658.05
2024-09-30,2634.7
2024-10-01,2663.49
2024-10-02,2658.98
2024-10-03,2656.03
2024-10-04,2653.29
2024-10-07,2642.92
2024-10-08,2621.94
2024-10-09,2607.94
2024-10-10,2629.71
2024-10-11,2656.81
2024-10-14,2648.53
2024-10-15,2662.83
2024-10-16,2673.68
2024-10-17,2692.84
2024-10-18,2721.84
2024-10-21,2719.69
2024-10-22,2748.64
2024-10-23,2715.78
2024-10-24,2736.0
2024-10-25,2747.38
2024-10-28,2742.36
2024-10-29,2774.29
2024-10-30,2787.08
2024-10-31,2743.97
2024-11-01,2736.02
2024-11-04,2736.59
2024-11-05,2743.96
2024-11-06,2659.31
2024-11-07,2707.18
2024-11-08,2684.63
2024-11-11,2619.74
2024-11-12,2598.29
2024-11-13,2573.26
2024-11-14,2565.38
2024-11-15,2562.32
2024-11-18,2612.07
2024-11-19,2632.45
2024-11-20,2649.93
2024-11-21,2669.78
2024-11-22,2714.94
2024-11-25,2627.09
2024-11-26,2632.84
2024-11-27,2635.86
2024-11-28,2637.6
2024-11-29,2650.63
2024-12-02,2638.99
2024-12-03,2643.7
2024-12-04,2649.87
2024-12-05,2632.04
2024-12-06,2633.23
2024-12-09,2660.24
2024-12-10,2693.77
2024-12-11,2718.09
2024-12-12,2680.93
2024-12-13,2648.75
2024-12-16,2652.77
2024-12-17,2645.9
2024-12-18,2586.22
2024-12-19,2594.1
2024-12-20,2622.72
2024-12-23,2613.29
2024-12-24,2616.45
2024-12-26,2633.74
2024-12-27,2621.48
2024-12-30,2606.33
2024-12-31,2605.77
2025-01-02,2657.44
2025-01-03,2640.25
2025-01-06,2635.84
2025-01-07,2648.55
2025-01-08,2661.67
2025-01-09,2670.49
2025-01-10,2689.38
2025-01-13,2663.54
2025-01-14,2677.19
2025-01-15,2696.27
2025-01-16,2714.44
2025-01-17,2703.03
2025-01-20,2707.79
2025-01-21,2744.82
2025-01-22,2756.43
2025-01-23,2754.64
2025-01-24,2771.64
2025-01-27,2740.91
2025-01-28,2763.65
2025-01-29,2759.15
2025-01-30,2793.61
2025-01-31,2799.74
2025-02-03,2814.34
2025-02-04,2841.99
2025-02-05,2867.02
2025-02-06,2856.52
2025-02-07,2861.19
2025-02-10,2908.11
2025-02-11,2898.48
2025-02-12,2904.12
2025-02-13,2928.53
2025-02-14,2882.96
2025-02-17,2898.62
2025-02-18,2935.56
2025-02-19,2933.38
2025-02-20,2939.49
2025-02-21,2936.25
2025-02-24,2952.35
2025-02-25,2915.12
2025-02-26,2916.32
2025-02-27,2877.11
2025-02-28,2858.48
2025-03-03,2893.54
2025-03-04,2917.67
2025-03-05,2919.2
2025-03-06,2911.18
2025-03-07,2911.45
2025-03-10,2888.66
2025-03-11,2915.84
2025-03-12,2933.31
2025-03-13,2988.72
2025-03-14,2986.71
2025-03-17,3001.27
2025-03-18,3034.19
2025-03-19,3047.28
2025-03-20,3044.7
2025-03-21,3023.35
2025-03-24,3012.64
2025-03-25,3020.17
2025-03-26,3019.49
2025-03-27,3056.72
2025-03-28,3085.09
2025-03-31,3123.96
2025-04-01,3114.71
2025-04-02,3132.68
2025-04-03,3114.23
2025-04-04,3037.47
2025-04-07,2983.03
2025-04-08,2982.4
2025-04-09,3081.14
2025-04-10,3174.94
2025-04-11,3238.14
2025-04-14,3210.76
2025-04-15,3229.82
2025-04-16,3342.16
2025-04-17,3315.31
2025-04-21,3423.98
2025-04-22,3381.37
2025-04-23,3288.64
2025-04-24,3348.84
2025-04-25,3317.07
2025-04-28,3344.29
2025-04-29,3317.79
2025-04-30,3289.21
2025-05-01,3237.44
2025-05-02,3240.73
2025-05-05,3333.74
2025-05-06,3431.23
2025-05-07,3365.13
2025-05-08,3306.52
2025-05-09,3326.4
2025-05-12,3234.67
2025-05-13,3251.12
2025-05-14,3179.02
2025-05-15,3239.87
2025-05-16,3201.09
2025-05-19,3230.47
2025-05-20,3290.1
2025-05-21,3315.41
2025-05-22,3294.61
2025-05-23,3358.48
2025-05-26,3342.23
2025-05-27,3300.78
2025-05-28,3287.65
2025-05-29,3317.78
2025-05-30,3290.23
2025-06-02,3381.94
2025-06-03,3353.7
2025-06-04,3372.84
2025-06-05,3353.26
2025-06-06,3311.37
2025-06-09,3325.81
2025-06-10,3322.88
2025-06-11,3354.35
2025-06-12,3386.56
2025-06-13,3433.29
2025-06-16,3384.77
2025-06-17,3388.63
2025-06-18,3368.66
2025-06-19,3370.43
2025-06-20,3367.99
2025-06-23,3368.83
2025-06-24,3323.14
2025-06-25,3332.37
2025-06-26,3328.32
2025-06-27,3274.34
2025-06-30,3303.08
2025-07-01,3339.09
2025-07-02,3357.12
2025-07-03,3326.06
2025-07-04,3336.74
2025-07-07,3336.96
2025-07-08,3301.32
2025-07-09,3313.83
2025-07-10,3324.19
2025-07-11,3356.56
2025-07-14,3342.77
2025-07-15,3325.38
2025-07-16,3347.34
2025-07-17,3338.61
2025-07-18,3350.52
2025-07-21,3397.44
2025-07-22,3430.74
2025-07-23,3387.95
2025-07-24,3368.11
2025-07-25,3336.8
2025-07-28,3314.85
2025-07-29,3326.08
2025-07-30,3275.31
2025-07-31,3290.4
2025-08-01,3362.94
2025-08-04,3373.85
2025-08-05,3380.52
2025-08-06,3368.88
2025-08-07,3396.29
2025-08-08,3397.79
2025-08-11,3343.03
2025-08-12,3348.26
2025-08-13,3355.99
2025-08-14,3335.38
2025-08-15,3335.67
2025-08-18,3332.84
2025-08-19,3315.55
2025-08-20,3348.41
2025-08-21,3338.64
2025-08-22,3372.63
2025-08-25,3365.77
2025-08-26,3393.63
2025-08-27,3397.4
2025-08-28,3417.17
2025-08-29,3447.93
2025-09-01,3476.28
2025-09-02,3533.66
2025-09-03,3559.26
2025-09-04,3545.86
2025-09-05,3586.76
2025-09-08,3635.67
2025-09-09,3626.39
2025-09-10,3640.39
2025-09-11,3633.89
2025-09-12,3643.17
2025-09-15,3679.04
2025-09-16,3689.92
2025-09-17,3659.87
2025-09-18,3644.35
2025-09-19,3685.51
2025-09-22,3747.01
2025-09-23,3764.02
2025-09-24,3736.32
2025-09-25,3749.41
2025-09-26,3759.94
2025-09-29,3833.93
2025-09-30,3858.51
2025-10-01,3865.67
2025-10-02,3856.32
2025-10-03,3887.09
2025-10-06,3960.94
2025-10-07,3984.42
2025-10-08,4041.68
2025-10-09,3976.3
2025-10-10,4017.0
2025-10-13,4110.64
2025-10-14,4142.5
2025-10-15,4208.35
2025-10-16,4326.09
2025-10-17,4249.87
2025-10-20,4356.4
2025-10-21,4125.03
2025-10-22,4098.49
2025-10-23,4125.88
2025-10-24,4113.41
2025-10-27,3981.39
2025-10-28,3952.27
2025-10-29,3930.36
2025-10-30,4024.46
2025-10-31,4002.85
2025-11-03,4001.27
2025-11-04,3932.08
2025-11-05,3979.32
2025-11-06,3977.15
2025-11-07,4001.13
2025-11-10,4115.85
2025-11-11,4126.8
2025-11-12,4195.14
2025-11-13,4171.41
2025-11-14,4080.79
2025-11-17,4045.84
2025-11-18,4067.56
2025-11-19,4077.9
2025-11-20,4077.13
2025-11-21,4065.45
2025-11-24,4134.43
2025-11-25,4130.88
2025-11-26,4163.89
2025-11-27,4157.44
2025-11-28,4219.23
2025-12-01,4232.17
2025-12-02,4205.9
2025-12-03,4203.49
2025-12-04,4208.66
2025-12-05,4197.87
2025-12-08,4190.74
2025-12-09,4208.41
2025-12-10,4228.67
2025-12-11,4279.79
2025-12-12,4300.23
2025-12-15,4305.22
2025-12-16,4302.36
2025-12-17,4338.18
2025-12-18,4332.72
2025-12-19,4339.5
2025-12-22,4443.7
2025-12-23,4484.78
2025-12-24,4479.55
2025-12-26,4534.0
2025-12-29,4331.9
2025-12-30,4338.87
2025-12-31,4325.47
2026-01-02,4332.37
2026-01-06,4494.0
2026-01-07,4456.0
2026-01-08,4477.0
2026-01-09,4508.93
2026-01-12,4597.43
2026-01-13,4586.65
2026-01-14,4626.25
2026-01-15,4615.94
2026-01-16,4596.38
2026-01-19,4670.89
2026-01-20,4763.54
2026-01-21,4831.21
2026-01-22,4936.34
2026-01-23,4989.17
2026-01-26,5007.53
2026-01-27,5181.25
2026-01-28,5417.88
2026-01-29,5371.13
2026-01-30,4892.43
2026-02-02,4660.73
2026-02-03,4946.98
2026-02-04,4965.23
2026-02-05,4779.57
2026-02-06,4966.61
2026-02-09,5058.17
2026-02-10,5024.73
2026-02-11,5084.53
2026-02-12,4921.82
2026-02-13,5042.02
2026-02-16,4993.72
2026-02-17,4877.62
2026-02-18,4977.05
2026-02-19,4996.2
2026-02-20,5106.9
2026-02-23,5227.79
2026-02-24,5144.03
2026-02-25,5165.06
2026-02-26,5185.28
2026-02-27,5278.32
2026-03-02,5322.02
2026-03-03,5088.38
2026-03-04,5141.35
2026-03-05,5081.24
2026-03-06,5172.82
2026-03-09,5136.97
2026-03-10,5192.89
2026-03-11,5175.96
2026-03-12,5079.07
2026-03-13,5019.98
2026-03-16,5006.47
2026-03-17,5005.66
2026-03-18,4818.94
2026-03-19,4653.39
2026-03-20,4494.97
2026-03-23,4406.83
2026-03-24,4474.61
2026-03-25,4506.7
2026-03-26,4378.24
2026-03-27,4493.78
2026-03-30,4511.23
2026-03-31,4667.07
2026-04-01,4758.25
2026-04-02,4676.7
2026-04-03,4676.4
2026-04-06,4650.96
2026-04-07,4706.62
2026-04-08,4719.14
2026-04-09,4765.4
2026-04-10,4748.7
2026-04-13,4740.45
2026-04-14,4841.48
2026-04-15,4790.73
2026-04-16,4790.74
2026-04-17,4831.99
2026-04-20,4820.59
2026-04-21,4720.21
2026-04-22,4740.28
2026-04-23,4694.22
2026-04-24,4709.04
2026-04-27,4681.52
2026-04-28,4597.08
2026-04-29,4543.68
2026-04-30,4621.78
2026-05-01,4615.55
2026-05-04,4522.54
2026-05-05,4557.33
2026-05-06,4691.04
2026-05-07,4687.38
2026-05-08,4721.19
